{"TimeStamp":"2026-01-23T20:50:07Z","SiteName":"gofetch-api","RequestId":"149dd5c0-f89d-11f0-92da-8a09bd1642c0","Kind":"OneDeploy","Status":"Success","Details":"{\"Id\":\"4a6f03cee9734613893266ad1f34b772\",\"Status\":4,\"StatusText\":\"\",\"AuthorEmail\":\"N/A\",\"Author\":\"N/A\",\"Message\":\"OneDeploy\",\"Progress\":\"\",\"Deployer\":\"OneDeploy\",\"ReceivedTime\":\"2026-01-23T20:50:04.7366845Z\",\"StartTime\":\"2026-01-23T20:50:04.7835619Z\",\"EndTime\":\"2026-01-23T20:50:07.8773385Z\",\"LastSuccessEndTime\":\"2026-01-23T20:50:07.8773385Z\",\"Complete\":true,\"IsTemporary\":false,\"IsReadOnly\":true,\"SiteName\":\"gofetch-api\",\"HostName\":\"gofetch-api-adcnhwbqcsdsb0h3.scm.germanywestcentral-01.azurewebsites.net\",\"ProjectType\":\"OneDeploy\",\"VsProjectId\":null}"}