﻿<?xml version="1.0" encoding="utf-8"?>
<deployment>
  <id>fe2ea51256d04c6db39016d4da7538f1</id>
  <author>N/A</author>
  <deployer>OneDeploy</deployer>
  <authorEmail>N/A</authorEmail>
  <message>OneDeploy</message>
  <progress></progress>
  <status>Success</status>
  <statusText></statusText>
  <lastSuccessEndTime>2026-01-23T18:16:38.8629018Z</lastSuccessEndTime>
  <receivedTime>2026-01-23T18:16:35.7534924Z</receivedTime>
  <startTime>2026-01-23T18:16:35.8003684Z</startTime>
  <endTime>2026-01-23T18:16:38.8629018Z</endTime>
  <complete>True</complete>
  <is_temp>False</is_temp>
  <is_readonly>True</is_readonly>
  <project_type>OneDeploy</project_type>
  <vsproject_id></vsproject_id>
</deployment>