﻿<?xml version="1.0" encoding="utf-8"?>
<deployment>
  <id>c72ef80de69641858b39129e97ccb45c</id>
  <author>N/A</author>
  <deployer>OneDeploy</deployer>
  <authorEmail>N/A</authorEmail>
  <message>OneDeploy</message>
  <progress></progress>
  <status>Success</status>
  <statusText></statusText>
  <lastSuccessEndTime>2026-01-23T19:09:03.451225Z</lastSuccessEndTime>
  <receivedTime>2026-01-23T19:09:00.1543206Z</receivedTime>
  <startTime>2026-01-23T19:09:00.2011961Z</startTime>
  <endTime>2026-01-23T19:09:03.451225Z</endTime>
  <complete>True</complete>
  <is_temp>False</is_temp>
  <is_readonly>True</is_readonly>
  <project_type>OneDeploy</project_type>
  <vsproject_id></vsproject_id>
</deployment>