﻿<?xml version="1.0" encoding="utf-8"?>
<deployment>
  <id>e8ce8b6d30034373bd42e58dd7c49804</id>
  <author>N/A</author>
  <deployer>OneDeploy</deployer>
  <authorEmail>N/A</authorEmail>
  <message>OneDeploy</message>
  <progress></progress>
  <status>Success</status>
  <statusText></statusText>
  <lastSuccessEndTime>2026-01-23T20:48:31.4343706Z</lastSuccessEndTime>
  <receivedTime>2026-01-23T20:48:28.05933Z</receivedTime>
  <startTime>2026-01-23T20:48:28.121828Z</startTime>
  <endTime>2026-01-23T20:48:31.4343706Z</endTime>
  <complete>True</complete>
  <is_temp>False</is_temp>
  <is_readonly>True</is_readonly>
  <project_type>OneDeploy</project_type>
  <vsproject_id></vsproject_id>
</deployment>