﻿<?xml version="1.0" encoding="utf-8"?>
<deployment>
  <id>3a79140ed2bc42b0a37d53da227f4ca8</id>
  <author>N/A</author>
  <deployer>OneDeploy</deployer>
  <authorEmail>N/A</authorEmail>
  <message>OneDeploy</message>
  <progress></progress>
  <status>Success</status>
  <statusText></statusText>
  <lastSuccessEndTime>2026-01-23T17:13:49.7946222Z</lastSuccessEndTime>
  <receivedTime>2026-01-23T17:13:49.1227435Z</receivedTime>
  <startTime>2026-01-23T17:13:49.1696139Z</startTime>
  <endTime>2026-01-23T17:13:49.7946222Z</endTime>
  <complete>True</complete>
  <is_temp>False</is_temp>
  <is_readonly>True</is_readonly>
  <project_type>OneDeploy</project_type>
  <vsproject_id></vsproject_id>
</deployment>