﻿<?xml version="1.0" encoding="utf-8"?>
<deployment>
  <id>f82c06e236b54787925beed0cf21af12</id>
  <author>N/A</author>
  <deployer>OneDeploy</deployer>
  <authorEmail>N/A</authorEmail>
  <message>OneDeploy</message>
  <progress></progress>
  <status>Success</status>
  <statusText></statusText>
  <lastSuccessEndTime>2026-01-23T18:00:18.8862364Z</lastSuccessEndTime>
  <receivedTime>2026-01-23T18:00:15.9916835Z</receivedTime>
  <startTime>2026-01-23T18:00:16.0385588Z</startTime>
  <endTime>2026-01-23T18:00:18.8862364Z</endTime>
  <complete>True</complete>
  <is_temp>False</is_temp>
  <is_readonly>True</is_readonly>
  <project_type>OneDeploy</project_type>
  <vsproject_id></vsproject_id>
</deployment>