﻿<?xml version="1.0" encoding="utf-8"?>
<deployment>
  <id>fd277ab5cbdf4948a5f86092ec8cd8b3</id>
  <author>N/A</author>
  <deployer>OneDeploy</deployer>
  <authorEmail>N/A</authorEmail>
  <message>OneDeploy</message>
  <progress></progress>
  <status>Success</status>
  <statusText></statusText>
  <lastSuccessEndTime>2026-01-23T17:46:24.3855771Z</lastSuccessEndTime>
  <receivedTime>2026-01-23T17:46:21.0730565Z</receivedTime>
  <startTime>2026-01-23T17:46:21.135556Z</startTime>
  <endTime>2026-01-23T17:46:24.3855771Z</endTime>
  <complete>True</complete>
  <is_temp>False</is_temp>
  <is_readonly>True</is_readonly>
  <project_type>OneDeploy</project_type>
  <vsproject_id></vsproject_id>
</deployment>