﻿<?xml version="1.0" encoding="utf-8"?>
<deployment>
  <id>4a6f03cee9734613893266ad1f34b772</id>
  <author>N/A</author>
  <deployer>OneDeploy</deployer>
  <authorEmail>N/A</authorEmail>
  <message>OneDeploy</message>
  <progress></progress>
  <status>Success</status>
  <statusText></statusText>
  <lastSuccessEndTime>2026-01-23T20:50:07.8773385Z</lastSuccessEndTime>
  <receivedTime>2026-01-23T20:50:04.7366845Z</receivedTime>
  <startTime>2026-01-23T20:50:04.7835619Z</startTime>
  <endTime>2026-01-23T20:50:07.8773385Z</endTime>
  <complete>True</complete>
  <is_temp>False</is_temp>
  <is_readonly>True</is_readonly>
  <project_type>OneDeploy</project_type>
  <vsproject_id></vsproject_id>
</deployment>