﻿<?xml version="1.0" encoding="utf-8"?>
<deployment>
  <id>f8618479f6cc4d32aff6f6ace05eed9e</id>
  <author>N/A</author>
  <deployer>OneDeploy</deployer>
  <authorEmail>N/A</authorEmail>
  <message>OneDeploy</message>
  <progress></progress>
  <status>Success</status>
  <statusText></statusText>
  <lastSuccessEndTime>2026-01-23T17:05:07.6083136Z</lastSuccessEndTime>
  <receivedTime>2026-01-23T17:05:06.7645316Z</receivedTime>
  <startTime>2026-01-23T17:05:06.8114083Z</startTime>
  <endTime>2026-01-23T17:05:07.6083136Z</endTime>
  <complete>True</complete>
  <is_temp>False</is_temp>
  <is_readonly>True</is_readonly>
  <project_type>OneDeploy</project_type>
  <vsproject_id></vsproject_id>
</deployment>