﻿<?xml version="1.0" encoding="utf-8"?>
<deployment>
  <id>d82be4266faf47ee9ed874c419203804</id>
  <author>N/A</author>
  <deployer>OneDeploy</deployer>
  <authorEmail>N/A</authorEmail>
  <message>OneDeploy</message>
  <progress></progress>
  <status>Success</status>
  <statusText></statusText>
  <lastSuccessEndTime>2026-01-23T19:01:04.1842579Z</lastSuccessEndTime>
  <receivedTime>2026-01-23T19:01:00.4802354Z</receivedTime>
  <startTime>2026-01-23T19:01:00.5427339Z</startTime>
  <endTime>2026-01-23T19:01:04.1842579Z</endTime>
  <complete>True</complete>
  <is_temp>False</is_temp>
  <is_readonly>True</is_readonly>
  <project_type>OneDeploy</project_type>
  <vsproject_id></vsproject_id>
</deployment>