﻿<?xml version="1.0" encoding="utf-8"?>
<deployment>
  <id>e7a0fe848d59437ab932404b01e98b5c</id>
  <author>N/A</author>
  <deployer>OneDeploy</deployer>
  <authorEmail>N/A</authorEmail>
  <message>OneDeploy</message>
  <progress></progress>
  <status>Success</status>
  <statusText></statusText>
  <lastSuccessEndTime>2026-01-23T19:21:09.715094Z</lastSuccessEndTime>
  <receivedTime>2026-01-23T19:21:06.6681358Z</receivedTime>
  <startTime>2026-01-23T19:21:06.7150154Z</startTime>
  <endTime>2026-01-23T19:21:09.715094Z</endTime>
  <complete>True</complete>
  <is_temp>False</is_temp>
  <is_readonly>True</is_readonly>
  <project_type>OneDeploy</project_type>
  <vsproject_id></vsproject_id>
</deployment>