<step title="Incoming Request" date="2026-01-23T20:50:03.830" instance="79e06d" url="/api/publish?type=zip" method="POST" type="request" pid="11984,2,33" Cache-Control="no-cache" Content-Length="5858652" Content-Type="application/octet-stream" Accept="*/*" Accept-Encoding="gzip, deflate" Authorization="Bea..." Host="gofetch-api-adcnhwbqcsdsb0h3.scm.germanywestcentral-01.azurewebsites.net" User-Agent="AZURECLI/2.79.0 (MSI)" x-ms-client-request-id="149dd5c0-f89d-11f0-92da-8a09bd1642c0" X-ARR-LOG-ID="149dd5c0-f89d-11f0-92da-8a09bd1642c0" CLIENT-IP="83.139.66.94:57909" X-SITE-DEPLOYMENT-ID="gofetch-api" WAS-DEFAULT-HOSTNAME="gofetch-api-adcnhwbqcsdsb0h3.scm.germanywestcentral-01.azurewebsites.net" X-Forwarded-Proto="https" X-AppService-Proto="https" X-Forwarded-TlsVersion="1.3" X-WAWS-Unencoded-URL="/api/publish?type=zip" >
  <step title="Cleanup Xml Logs" date="2026-01-23T20:50:03.830" >
    <step title="Cleanup Infos" date="2026-01-23T20:50:03.830" totalFiles="200" totalCleanup="40" /><!-- duration: 109ms -->
  </step><!-- duration: 109ms -->
  <step title="OneDeploy" date="2026-01-23T20:50:03.939" >
    <step title="Starting PushDeployAsync" date="2026-01-23T20:50:03.955" /><!-- duration: 0ms -->
    <step title="Updating shutdown sentinel last write time" date="2026-01-23T20:50:03.955" SemaphoreCount="7" /><!-- duration: 0ms -->
    <step title="LockFile &apos;C:\home\site\locks\deployments.lock&apos; acquired" date="2026-01-23T20:50:03.971" /><!-- duration: 0ms -->
    <step title="Saving request content to C:\local\Temp\zipdeploy\lhkxyvey.zip" date="2026-01-23T20:50:03.971" >
      <step title="Total 5,858,652 bytes written to C:\local\Temp\zipdeploy\lhkxyvey.zip" date="2026-01-23T20:50:04.392" /><!-- duration: 0ms -->
    </step><!-- duration: 438ms -->
    <step title="LockFile &apos;C:\home\site\locks\deployments.lock&apos; released" date="2026-01-23T20:50:04.408" /><!-- duration: 0ms -->
    <step title="Deleting shutdown sentinel file" date="2026-01-23T20:50:04.408" SemaphoreCount="8" /><!-- duration: 0ms -->
    <step title="Starting FetchDeploy" date="2026-01-23T20:50:04.408" /><!-- duration: 0ms -->
    <step title="Attempting to fetch target branch HEAD" date="2026-01-23T20:50:04.408" /><!-- duration: 0ms -->
    <step title="Updating shutdown sentinel last write time" date="2026-01-23T20:50:04.424" SemaphoreCount="7" /><!-- duration: 0ms -->
    <step title="LockFile &apos;C:\home\site\locks\deployments.lock&apos; acquired" date="2026-01-23T20:50:04.424" /><!-- duration: 0ms -->
    <step title="Performing fetch based deployment" date="2026-01-23T20:50:04.424" >
      <step title="Creating temporary deployment" date="2026-01-23T20:50:04.424" /><!-- duration: 16ms -->
      <step title="Fetching changes." date="2026-01-23T20:50:04.439" /><!-- duration: 16ms -->
      <step title="Starting LocalZipHandler" date="2026-01-23T20:50:04.455" /><!-- duration: 0ms -->
      <step title="Starting LocalZipFetch" date="2026-01-23T20:50:04.455" /><!-- duration: 0ms -->
      <step title="Cleaning up temp folders from previous zip deployments and extracting pushed zip file C:\local\Temp\zipdeploy\lhkxyvey.zip (5.59 MB) to C:\local\Temp\zipdeploy\extracted" date="2026-01-23T20:50:04.455" /><!-- duration: 0ms -->
      <step title="Cleaning up temp folders from previous zip deployments and extracting pushed zip file C:\local\Temp\zipdeploy\lhkxyvey.zip (5.59 MB) to C:\local\Temp\zipdeploy\extracted" date="2026-01-23T20:50:04.455" >
        <step title="Renaming extractTargetDirectory(C:\local\Temp\zipdeploy\extracted) to tempDirectory(C:\local\Temp\zipdeploy\klqwhf0z.ftz)" date="2026-01-23T20:50:04.471" /><!-- duration: 0ms -->
        <step title="Extracting 62 entries to C:\local\Temp\zipdeploy\extracted directory" date="2026-01-23T20:50:04.471" >
          <step title="Extracting to C:\local\Temp\zipdeploy\extracted\runtimes\win\lib\net7.0\System.Management.dll ..." date="2026-01-23T20:50:04.471" /><!-- duration: 0ms -->
          <step title="Extracting to C:\local\Temp\zipdeploy\extracted\appsettings.Development.json ..." date="2026-01-23T20:50:04.486" /><!-- duration: 0ms -->
          <step title="Extracting to C:\local\Temp\zipdeploy\extracted\appsettings.json ..." date="2026-01-23T20:50:04.486" /><!-- duration: 0ms -->
          <step title="Extracting to C:\local\Temp\zipdeploy\extracted\Azure.Communication.Email.dll ..." date="2026-01-23T20:50:04.486" /><!-- duration: 0ms -->
          <step title="Extracting to C:\local\Temp\zipdeploy\extracted\Azure.Core.dll ..." date="2026-01-23T20:50:04.486" /><!-- duration: 16ms -->
          <step title="Omitting extracting file traces ..." date="2026-01-23T20:50:04.502" /><!-- duration: 0ms -->
          <step title="Extracting to C:\local\Temp\zipdeploy\extracted\System.Reactive.dll ..." date="2026-01-23T20:50:04.674" /><!-- duration: 16ms -->
          <step title="Extracting to C:\local\Temp\zipdeploy\extracted\web.config ..." date="2026-01-23T20:50:04.705" /><!-- duration: 0ms -->
          <step title="Extracting to C:\local\Temp\zipdeploy\extracted\Websocket.Client.dll ..." date="2026-01-23T20:50:04.705" /><!-- duration: 16ms -->
        </step><!-- duration: 250ms -->
      </step><!-- duration: 266ms -->
      <step title="None repository commit" date="2026-01-23T20:50:04.721" >
        <step title="Commit id: 4a6f03cee9734613893266ad1f34b772" date="2026-01-23T20:50:04.721" Message="OneDeploy" AuthorName="N/A" AuthorEmail="N/A" /><!-- duration: 0ms -->
      </step><!-- duration: 0ms -->
      <step title="Before sending BuildRequestReceived status to /api/updatedeploystatus" date="2026-01-23T20:50:04.721" /><!-- duration: 0ms -->
      <step title="DeploymentManager.Deploy(id:4a6f03cee9734613893266ad1f34b772)" date="2026-01-23T20:50:04.721" >
        <step title="Collecting changeset information" date="2026-01-23T20:50:04.736" /><!-- duration: 16ms -->
        <step title="Updating submodules" date="2026-01-23T20:50:04.752" >
          <step title="Updating submodules." date="2026-01-23T20:50:04.767" /><!-- duration: 0ms -->
        </step><!-- duration: 16ms -->
        <step title="Preparing deployment for commit id &apos;4a6f03cee9&apos;." date="2026-01-23T20:50:04.783" /><!-- duration: 0ms -->
        <step title="Determining deployment builder" date="2026-01-23T20:50:04.799" >
          <step title="Builder is OneDeployBuilder" date="2026-01-23T20:50:04.799" /><!-- duration: 0ms -->
        </step><!-- duration: 0ms -->
        <step title="Copying SSH keys" date="2026-01-23T20:50:04.799" /><!-- duration: 31ms -->
        <step title="Building" date="2026-01-23T20:50:04.830" >
          <step title="Running build. Project type: OneDeploy" date="2026-01-23T20:50:04.846" /><!-- duration: 0ms -->
          <step title="Copying the manifest" date="2026-01-23T20:50:04.861" /><!-- duration: 0ms -->
          <step title="Clean deploying to C:\home\site\wwwroot" date="2026-01-23T20:50:04.877" /><!-- duration: 0ms -->
          <step title="Generating deployment script." date="2026-01-23T20:50:04.892" /><!-- duration: 0ms -->
          <step title="Generating deployment script" date="2026-01-23T20:50:04.892" >
            <step title="Using cached version of the deployment script for command: -y --no-dot-deployment -r &quot;C:\local\Temp\zipdeploy\extracted&quot; -o &quot;C:\home\site\deployments\tools&quot; --basic --sitePath &quot;C:\local\Temp\zipdeploy\extracted&quot;" date="2026-01-23T20:50:04.908" /><!-- duration: 0ms -->
            <step title="Using cached version of deployment script (command: &apos;azure -y --no-dot-deployment -r &quot;C:\local\Temp\zipdeploy\extracted&quot; -o &quot;C:\home\site\deployments\tools&quot; --basic --sitePath &quot;C:\local\Temp\zipdeploy\extracted&quot;&apos;)." date="2026-01-23T20:50:04.924" /><!-- duration: 0ms -->
          </step><!-- duration: 31ms -->
          <step title="Running deployment command..." date="2026-01-23T20:50:04.939" /><!-- duration: 16ms -->
          <step title="Command: &quot;C:\home\site\deployments\tools\deploy.cmd&quot;" date="2026-01-23T20:50:04.955" /><!-- duration: 0ms -->
          <step title="Executing external process" date="2026-01-23T20:50:04.955" type="process" path="starter.cmd" arguments="&quot;C:\home\site\deployments\tools\deploy.cmd&quot;" >
            <step title="Handling Basic Web Site deployment." date="2026-01-23T20:50:05.064" /><!-- duration: 0ms -->
            <step title="Creating app_offline.htm" date="2026-01-23T20:50:07.580" /><!-- duration: 0ms -->
            <step title="KuduSync.NET from: &apos;C:\local\Temp\zipdeploy\extracted&apos; to: &apos;C:\home\site\wwwroot&apos;" date="2026-01-23T20:50:07.580" /><!-- duration: 0ms -->
            <step title="Deleting file: &apos;out\appsettings.Development.json&apos;" date="2026-01-23T20:50:07.596" /><!-- duration: 0ms -->
            <step title="Deleting file: &apos;out\appsettings.json&apos;" date="2026-01-23T20:50:07.596" /><!-- duration: 0ms -->
            <step title="Deleting file: &apos;out\PawPal.Api.deps.json&apos;" date="2026-01-23T20:50:07.596" /><!-- duration: 0ms -->
            <step title="Deleting file: &apos;out\PawPal.Api.runtimeconfig.json&apos;" date="2026-01-23T20:50:07.611" /><!-- duration: 0ms -->
            <step title="Deleting file: &apos;out\PawPal.Api.staticwebassets.endpoints.json&apos;" date="2026-01-23T20:50:07.611" /><!-- duration: 0ms -->
            <step title="Deleting file: &apos;out\web.config&apos;" date="2026-01-23T20:50:07.611" /><!-- duration: 16ms -->
            <step title="Deleting file: &apos;out\out\appsettings.Development.json&apos;" date="2026-01-23T20:50:07.627" /><!-- duration: 0ms -->
            <step title="Deleting file: &apos;out\out\appsettings.json&apos;" date="2026-01-23T20:50:07.627" /><!-- duration: 0ms -->
            <step title="Deleting file: &apos;out\out\PawPal.Api.deps.json&apos;" date="2026-01-23T20:50:07.642" /><!-- duration: 0ms -->
            <step title="Deleting file: &apos;out\out\PawPal.Api.runtimeconfig.json&apos;" date="2026-01-23T20:50:07.642" /><!-- duration: 0ms -->
            <step title="Deleting file: &apos;out\out\PawPal.Api.staticwebassets.endpoints.json&apos;" date="2026-01-23T20:50:07.642" /><!-- duration: 0ms -->
            <step title="Deleting file: &apos;out\out\web.config&apos;" date="2026-01-23T20:50:07.658" /><!-- duration: 0ms -->
            <step title="Deleting directory: &apos;out\out&apos;" date="2026-01-23T20:50:07.658" /><!-- duration: 0ms -->
            <step title="Deleting directory: &apos;out&apos;" date="2026-01-23T20:50:07.658" /><!-- duration: 0ms -->
            <step title="Copying file: &apos;PawPal.Api.dll&apos;" date="2026-01-23T20:50:07.674" /><!-- duration: 0ms -->
            <step title="Copying file: &apos;PawPal.Api.exe&apos;" date="2026-01-23T20:50:07.674" /><!-- duration: 0ms -->
            <step title="Copying file: &apos;PawPal.Api.pdb&apos;" date="2026-01-23T20:50:07.674" /><!-- duration: 0ms -->
            <step title="Deleting app_offline.htm" date="2026-01-23T20:50:07.689" /><!-- duration: 0ms -->
            <step title="Finished successfully." date="2026-01-23T20:50:07.689" /><!-- duration: 0ms -->
          </step><!-- duration: 2734ms -->
          <step title="Build completed succesfully." date="2026-01-23T20:50:07.705" /><!-- duration: 0ms -->
          <step title="Running post deployment command(s)..." date="2026-01-23T20:50:07.721" /><!-- duration: 0ms -->
          <step title="Requesting site restart" date="2026-01-23T20:50:07.736" /><!-- duration: 0ms -->
          <step title="Requesting site restart" date="2026-01-23T20:50:07.736" /><!-- duration: 0ms -->
          <step title="Requesting site restart. Attempt #1" date="2026-01-23T20:50:07.752" /><!-- duration: 16ms -->
          <step title="Requesting site restart. Attempt #1" date="2026-01-23T20:50:07.767" /><!-- duration: 0ms -->
          <step title="Successfully requested a restart. Attempt #1" date="2026-01-23T20:50:07.846" /><!-- duration: 0ms -->
          <step title="Successfully requested a restart. Attempt #1" date="2026-01-23T20:50:07.846" /><!-- duration: 0ms -->
          <step title="Deployment successful. DEPLOYMENTINFO: deploymentPath = OneDeploy, deployer = OneDeploy, os = windows, sku = Free, siteName = gofetch-api, siteHostName = gofetch-api-adcnhwbqcsdsb0h3.germanywestcentral-01.azurewebsites.net, deploymentStatus = Success" date="2026-01-23T20:50:07.861" /><!-- duration: 0ms -->
          <step title="Purge deployment items" date="2026-01-23T20:50:07.908" >
            <step title="Remove 75b71c641, Success, received at 1/23/2026 4:44:41 PM" date="2026-01-23T20:50:07.924" /><!-- duration: 0ms -->
          </step><!-- duration: 16ms -->
        </step><!-- duration: 3094ms -->
      </step><!-- duration: 3203ms -->
      <step title="Cleaning up temp files" date="2026-01-23T20:50:07.924" /><!-- duration: 16ms -->
      <step title="Skip function trigger and logicapp sync because function is not enabled." date="2026-01-23T20:50:07.939" /><!-- duration: 0ms -->
    </step><!-- duration: 3531ms -->
    <step title="LockFile &apos;C:\home\site\locks\deployments.lock&apos; released" date="2026-01-23T20:50:07.955" /><!-- duration: 0ms -->
    <step title="Deleting shutdown sentinel file" date="2026-01-23T20:50:07.971" SemaphoreCount="8" /><!-- duration: 0ms -->
  </step><!-- duration: 4031ms -->
  <step title="Outgoing response" date="2026-01-23T20:50:07.971" type="response" statusCode="200" statusText="OK" Server="Microsoft-IIS/10.0" x-ms-request-id="149dd5c0-f89d-11f0-92da-8a09bd1642c0" Cache-Control="private" X-AspNet-Version="4.0.30319" /><!-- duration: 0ms -->
</step><!-- duration: 4141ms -->
