<step title="Incoming Request" date="2026-01-18T20:46:38.756" instance="79e06d" url="/api/zipdeploy?isAsync=true" method="POST" type="request" pid="2860,2,41" Cache-Control="no-cache" Content-Length="5853889" Content-Type="application/octet-stream" Accept="*/*" Accept-Encoding="gzip, deflate" Authorization="Bea..." Host="gofetch-api-adcnhwbqcsdsb0h3.scm.germanywestcentral-01.azurewebsites.net" User-Agent="AZURECLI/2.79.0 (MSI)" x-ms-client-request-id="c3e7b602-f4ae-11f0-8aae-d4a9ab8009b2" X-ARR-LOG-ID="c3e7b602-f4ae-11f0-8aae-d4a9ab8009b2" CLIENT-IP="83.139.66.94:60125" X-SITE-DEPLOYMENT-ID="gofetch-api" WAS-DEFAULT-HOSTNAME="gofetch-api-adcnhwbqcsdsb0h3.scm.germanywestcentral-01.azurewebsites.net" X-Forwarded-Proto="https" X-AppService-Proto="https" X-Forwarded-TlsVersion="1.3" X-WAWS-Unencoded-URL="/api/zipdeploy?isAsync=true" >
  <step title="Cleanup Xml Logs" date="2026-01-18T20:46:38.756" /><!-- duration: 0ms -->
  <step title="ZipPushDeploy" date="2026-01-18T20:46:38.772" >
    <step title="ZipDeploy. Extract zip. " date="2026-01-18T20:46:38.772" /><!-- duration: 0ms -->
    <step title="Starting PushDeployAsync" date="2026-01-18T20:46:38.772" /><!-- duration: 0ms -->
    <step title="Updating shutdown sentinel last write time" date="2026-01-18T20:46:38.787" SemaphoreCount="7" /><!-- duration: 0ms -->
    <step title="LockFile &apos;C:\home\site\locks\deployments.lock&apos; acquired" date="2026-01-18T20:46:38.787" /><!-- duration: 0ms -->
    <step title="Saving request content to C:\local\Temp\zipdeploy\nj2pnicy.zip" date="2026-01-18T20:46:38.787" >
      <step title="Total 5,853,889 bytes written to C:\local\Temp\zipdeploy\nj2pnicy.zip" date="2026-01-18T20:46:38.834" /><!-- duration: 0ms -->
    </step><!-- duration: 47ms -->
    <step title="LockFile &apos;C:\home\site\locks\deployments.lock&apos; released" date="2026-01-18T20:46:38.834" /><!-- duration: 0ms -->
    <step title="Deleting shutdown sentinel file" date="2026-01-18T20:46:38.834" SemaphoreCount="8" /><!-- duration: 0ms -->
    <step title="Starting FetchDeploy" date="2026-01-18T20:46:38.834" /><!-- duration: 0ms -->
    <step title="Start deployment in the background" date="2026-01-18T20:46:38.850" /><!-- duration: 16ms -->
  </step><!-- duration: 94ms -->
  <step title="Outgoing response" date="2026-01-18T20:46:38.866" type="response" statusCode="202" statusText="Accepted" Server="Microsoft-IIS/10.0" x-ms-request-id="c3e7b602-f4ae-11f0-8aae-d4a9ab8009b2" Retry-After="30" Cache-Control="private" X-AspNet-Version="4.0.30319" Location="https://gofetch-api-adcnhwbqcsdsb0h3.scm.germanywestcentral-01.azurewebsites.net/api/deployments/latest?deployer=ZipDeploy&amp;time=2026-01-18_20-46-38Z" /><!-- duration: 0ms -->
</step><!-- duration: 109ms -->
