<step title="Incoming Request" date="2026-01-18T23:06:53.646" instance="79e06d" url="/api/publish?type=zip" method="POST" type="request" pid="17788,2,57" Cache-Control="no-cache" Content-Length="16228270" Content-Type="application/octet-stream" Accept="*/*" Accept-Encoding="gzip, deflate" Authorization="Bea..." Host="gofetch-api-adcnhwbqcsdsb0h3.scm.germanywestcentral-01.azurewebsites.net" User-Agent="AZURECLI/2.79.0 (MSI)" x-ms-client-request-id="5f8027d0-f4c2-11f0-8b39-d4a9ab8009b2" X-ARR-LOG-ID="5f8027d0-f4c2-11f0-8b39-d4a9ab8009b2" CLIENT-IP="83.139.66.94:55057" X-SITE-DEPLOYMENT-ID="gofetch-api" WAS-DEFAULT-HOSTNAME="gofetch-api-adcnhwbqcsdsb0h3.scm.germanywestcentral-01.azurewebsites.net" X-Forwarded-Proto="https" X-AppService-Proto="https" X-Forwarded-TlsVersion="1.3" X-WAWS-Unencoded-URL="/api/publish?type=zip" >
  <step title="Cleanup Xml Logs" date="2026-01-18T23:06:53.646" /><!-- duration: 0ms -->
  <step title="OneDeploy" date="2026-01-18T23:06:53.677" >
    <step title="Starting PushDeployAsync" date="2026-01-18T23:06:53.677" /><!-- duration: 0ms -->
    <step title="Updating shutdown sentinel last write time" date="2026-01-18T23:06:53.677" SemaphoreCount="7" /><!-- duration: 0ms -->
    <step title="LockFile &apos;C:\home\site\locks\deployments.lock&apos; acquired" date="2026-01-18T23:06:53.677" /><!-- duration: 16ms -->
    <step title="Saving request content to C:\local\Temp\zipdeploy\0pyzz3mq.zip" date="2026-01-18T23:06:53.692" >
      <step title="Total 16,228,270 bytes written to C:\local\Temp\zipdeploy\0pyzz3mq.zip" date="2026-01-18T23:06:55.177" /><!-- duration: 0ms -->
    </step><!-- duration: 1484ms -->
    <step title="LockFile &apos;C:\home\site\locks\deployments.lock&apos; released" date="2026-01-18T23:06:55.177" /><!-- duration: 0ms -->
    <step title="Deleting shutdown sentinel file" date="2026-01-18T23:06:55.177" SemaphoreCount="8" /><!-- duration: 0ms -->
    <step title="Starting FetchDeploy" date="2026-01-18T23:06:55.177" /><!-- duration: 16ms -->
    <step title="Attempting to fetch target branch HEAD" date="2026-01-18T23:06:55.192" /><!-- duration: 0ms -->
    <step title="Updating shutdown sentinel last write time" date="2026-01-18T23:06:55.192" SemaphoreCount="7" /><!-- duration: 0ms -->
    <step title="LockFile &apos;C:\home\site\locks\deployments.lock&apos; acquired" date="2026-01-18T23:06:55.192" /><!-- duration: 0ms -->
    <step title="Performing fetch based deployment" date="2026-01-18T23:06:55.192" >
      <step title="Creating temporary deployment" date="2026-01-18T23:06:55.192" /><!-- duration: 16ms -->
      <step title="Fetching changes." date="2026-01-18T23:06:55.224" /><!-- duration: 0ms -->
      <step title="Starting LocalZipHandler" date="2026-01-18T23:06:55.224" /><!-- duration: 0ms -->
      <step title="Starting LocalZipFetch" date="2026-01-18T23:06:55.224" /><!-- duration: 0ms -->
      <step title="Cleaning up temp folders from previous zip deployments and extracting pushed zip file C:\local\Temp\zipdeploy\0pyzz3mq.zip (15.48 MB) to C:\local\Temp\zipdeploy\extracted" date="2026-01-18T23:06:55.224" /><!-- duration: 0ms -->
      <step title="Cleaning up temp folders from previous zip deployments and extracting pushed zip file C:\local\Temp\zipdeploy\0pyzz3mq.zip (15.48 MB) to C:\local\Temp\zipdeploy\extracted" date="2026-01-18T23:06:55.239" >
        <step title="Renaming extractTargetDirectory(C:\local\Temp\zipdeploy\extracted) to tempDirectory(C:\local\Temp\zipdeploy\fyckwnay.hel)" date="2026-01-18T23:06:55.239" /><!-- duration: 0ms -->
        <step title="Extracting 231 entries to C:\local\Temp\zipdeploy\extracted directory" date="2026-01-18T23:06:55.239" >
          <step title="Extracting to C:\local\Temp\zipdeploy\extracted\latest\appsettings.Development.json ..." date="2026-01-18T23:06:55.239" /><!-- duration: 0ms -->
          <step title="Extracting to C:\local\Temp\zipdeploy\extracted\latest\appsettings.json ..." date="2026-01-18T23:06:55.239" /><!-- duration: 16ms -->
          <step title="Extracting to C:\local\Temp\zipdeploy\extracted\latest\Azure.Communication.Email.dll ..." date="2026-01-18T23:06:55.255" /><!-- duration: 0ms -->
          <step title="Extracting to C:\local\Temp\zipdeploy\extracted\latest\Azure.Core.dll ..." date="2026-01-18T23:06:55.255" /><!-- duration: 16ms -->
          <step title="Extracting to C:\local\Temp\zipdeploy\extracted\latest\Google.Apis.Auth.dll ..." date="2026-01-18T23:06:55.271" /><!-- duration: 0ms -->
          <step title="Omitting extracting file traces ..." date="2026-01-18T23:06:55.271" /><!-- duration: 16ms -->
        </step><!-- duration: 500ms -->
      </step><!-- duration: 500ms -->
      <step title="None repository commit" date="2026-01-18T23:06:55.739" >
        <step title="Commit id: 760023315f4b49c49eece64852b375d4" date="2026-01-18T23:06:55.739" Message="OneDeploy" AuthorName="N/A" AuthorEmail="N/A" /><!-- duration: 0ms -->
      </step><!-- duration: 0ms -->
      <step title="Before sending BuildRequestReceived status to /api/updatedeploystatus" date="2026-01-18T23:06:55.739" /><!-- duration: 0ms -->
      <step title="DeploymentManager.Deploy(id:760023315f4b49c49eece64852b375d4)" date="2026-01-18T23:06:55.739" >
        <step title="Collecting changeset information" date="2026-01-18T23:06:55.739" /><!-- duration: 16ms -->
        <step title="Updating submodules" date="2026-01-18T23:06:55.755" >
          <step title="Updating submodules." date="2026-01-18T23:06:55.771" /><!-- duration: 0ms -->
        </step><!-- duration: 16ms -->
        <step title="Preparing deployment for commit id &apos;760023315f&apos;." date="2026-01-18T23:06:55.786" /><!-- duration: 0ms -->
        <step title="Determining deployment builder" date="2026-01-18T23:06:55.802" >
          <step title="Builder is OneDeployBuilder" date="2026-01-18T23:06:55.802" /><!-- duration: 0ms -->
        </step><!-- duration: 0ms -->
        <step title="Copying SSH keys" date="2026-01-18T23:06:55.817" /><!-- duration: 0ms -->
        <step title="Building" date="2026-01-18T23:06:55.817" >
          <step title="Running build. Project type: OneDeploy" date="2026-01-18T23:06:55.833" /><!-- duration: 0ms -->
          <step title="Copying the manifest" date="2026-01-18T23:06:55.849" /><!-- duration: 0ms -->
          <step title="Clean deploying to C:\home\site\wwwroot" date="2026-01-18T23:06:55.864" /><!-- duration: 0ms -->
          <step title="Generating deployment script." date="2026-01-18T23:06:55.896" /><!-- duration: 0ms -->
          <step title="Generating deployment script" date="2026-01-18T23:06:55.896" >
            <step title="Using cached version of the deployment script for command: -y --no-dot-deployment -r &quot;C:\local\Temp\zipdeploy\extracted&quot; -o &quot;C:\home\site\deployments\tools&quot; --basic --sitePath &quot;C:\local\Temp\zipdeploy\extracted&quot;" date="2026-01-18T23:06:55.911" /><!-- duration: 0ms -->
            <step title="Using cached version of deployment script (command: &apos;azure -y --no-dot-deployment -r &quot;C:\local\Temp\zipdeploy\extracted&quot; -o &quot;C:\home\site\deployments\tools&quot; --basic --sitePath &quot;C:\local\Temp\zipdeploy\extracted&quot;&apos;)." date="2026-01-18T23:06:55.927" /><!-- duration: 0ms -->
          </step><!-- duration: 31ms -->
          <step title="Running deployment command..." date="2026-01-18T23:06:55.942" /><!-- duration: 0ms -->
          <step title="Command: &quot;C:\home\site\deployments\tools\deploy.cmd&quot;" date="2026-01-18T23:06:55.958" /><!-- duration: 0ms -->
          <step title="Executing external process" date="2026-01-18T23:06:55.958" type="process" path="starter.cmd" arguments="&quot;C:\home\site\deployments\tools\deploy.cmd&quot;" >
            <step title="Handling Basic Web Site deployment." date="2026-01-18T23:06:56.052" /><!-- duration: 0ms -->
            <step title="Creating app_offline.htm" date="2026-01-18T23:06:56.192" /><!-- duration: 0ms -->
            <step title="KuduSync.NET from: &apos;C:\local\Temp\zipdeploy\extracted&apos; to: &apos;C:\home\site\wwwroot&apos;" date="2026-01-18T23:06:56.192" /><!-- duration: 0ms -->
            <step title="Copying file: &apos;PawPal.Api.dll&apos;" date="2026-01-18T23:06:56.208" /><!-- duration: 0ms -->
            <step title="Copying file: &apos;PawPal.Api.exe&apos;" date="2026-01-18T23:06:56.208" /><!-- duration: 0ms -->
            <step title="Copying file: &apos;PawPal.Api.pdb&apos;" date="2026-01-18T23:06:56.224" /><!-- duration: 0ms -->
            <step title="Deleting app_offline.htm" date="2026-01-18T23:06:56.224" /><!-- duration: 0ms -->
            <step title="Finished successfully." date="2026-01-18T23:06:56.224" /><!-- duration: 0ms -->
          </step><!-- duration: 266ms -->
          <step title="Build completed succesfully." date="2026-01-18T23:06:56.239" /><!-- duration: 0ms -->
          <step title="Running post deployment command(s)..." date="2026-01-18T23:06:56.255" /><!-- duration: 16ms -->
          <step title="Requesting site restart" date="2026-01-18T23:06:56.286" /><!-- duration: 0ms -->
          <step title="Requesting site restart" date="2026-01-18T23:06:56.286" /><!-- duration: 0ms -->
          <step title="Requesting site restart. Attempt #1" date="2026-01-18T23:06:56.302" /><!-- duration: 0ms -->
          <step title="Requesting site restart. Attempt #1" date="2026-01-18T23:06:56.302" /><!-- duration: 0ms -->
          <step title="Successfully requested a restart. Attempt #1" date="2026-01-18T23:06:56.411" /><!-- duration: 0ms -->
          <step title="Successfully requested a restart. Attempt #1" date="2026-01-18T23:06:56.411" /><!-- duration: 0ms -->
          <step title="Deployment successful. DEPLOYMENTINFO: deploymentPath = OneDeploy, deployer = OneDeploy, os = windows, sku = Free, siteName = gofetch-api, siteHostName = gofetch-api-adcnhwbqcsdsb0h3.germanywestcentral-01.azurewebsites.net, deploymentStatus = Success" date="2026-01-18T23:06:56.427" /><!-- duration: 0ms -->
          <step title="Purge deployment items" date="2026-01-18T23:06:56.458" >
            <step title="Remove 32e85e46d, Success, received at 1/18/2026 9:39:23 PM" date="2026-01-18T23:06:56.474" /><!-- duration: 0ms -->
          </step><!-- duration: 16ms -->
        </step><!-- duration: 672ms -->
      </step><!-- duration: 750ms -->
      <step title="Cleaning up temp files" date="2026-01-18T23:06:56.489" /><!-- duration: 0ms -->
      <step title="Skip function trigger and logicapp sync because function is not enabled." date="2026-01-18T23:06:56.489" /><!-- duration: 0ms -->
    </step><!-- duration: 1313ms -->
    <step title="LockFile &apos;C:\home\site\locks\deployments.lock&apos; released" date="2026-01-18T23:06:56.505" /><!-- duration: 0ms -->
    <step title="Deleting shutdown sentinel file" date="2026-01-18T23:06:56.505" SemaphoreCount="8" /><!-- duration: 0ms -->
  </step><!-- duration: 2828ms -->
  <step title="Outgoing response" date="2026-01-18T23:06:56.521" type="response" statusCode="200" statusText="OK" Server="Microsoft-IIS/10.0" x-ms-request-id="5f8027d0-f4c2-11f0-8b39-d4a9ab8009b2" Cache-Control="private" X-AspNet-Version="4.0.30319" /><!-- duration: 0ms -->
</step><!-- duration: 2875ms -->
