<step title="Incoming Request" date="2026-01-18T21:45:00.135" instance="79e06d" url="/api/publish?type=zip" method="POST" type="request" pid="17788,2,10" Cache-Control="no-cache" Connection="Keep-Alive" Content-Length="16226869" Content-Type="application/octet-stream" Accept="*/*" Accept-Encoding="gzip, deflate" Authorization="Bea..." Host="gofetch-api-adcnhwbqcsdsb0h3.scm.germanywestcentral-01.azurewebsites.net" User-Agent="AZURECLI/2.79.0 (MSI)" x-ms-client-request-id="ed171767-f4b6-11f0-89e0-d4a9ab8009b2" X-ARR-LOG-ID="ed171767-f4b6-11f0-89e0-d4a9ab8009b2" CLIENT-IP="83.139.66.94:58871" X-SITE-DEPLOYMENT-ID="gofetch-api" WAS-DEFAULT-HOSTNAME="gofetch-api-adcnhwbqcsdsb0h3.scm.germanywestcentral-01.azurewebsites.net" X-Forwarded-Proto="https" X-AppService-Proto="https" X-Forwarded-TlsVersion="1.3" X-WAWS-Unencoded-URL="/api/publish?type=zip" X-MS-COLDSTART="1" >
  <step title="OneDeploy" date="2026-01-18T21:45:00.650" >
    <step title="Starting PushDeployAsync" date="2026-01-18T21:45:00.666" /><!-- duration: 0ms -->
    <step title="Updating shutdown sentinel last write time" date="2026-01-18T21:45:00.697" SemaphoreCount="7" /><!-- duration: 0ms -->
    <step title="LockFile &apos;C:\home\site\locks\deployments.lock&apos; acquired" date="2026-01-18T21:45:00.713" /><!-- duration: 0ms -->
    <step title="Saving request content to C:\local\Temp\zipdeploy\24ypm5dh.zip" date="2026-01-18T21:45:00.713" >
      <step title="Total 16,226,869 bytes written to C:\local\Temp\zipdeploy\24ypm5dh.zip" date="2026-01-18T21:45:01.385" /><!-- duration: 0ms -->
    </step><!-- duration: 672ms -->
    <step title="LockFile &apos;C:\home\site\locks\deployments.lock&apos; released" date="2026-01-18T21:45:01.400" /><!-- duration: 0ms -->
    <step title="Deleting shutdown sentinel file" date="2026-01-18T21:45:01.400" SemaphoreCount="8" /><!-- duration: 0ms -->
    <step title="Starting FetchDeploy" date="2026-01-18T21:45:01.400" /><!-- duration: 0ms -->
    <step title="Attempting to fetch target branch HEAD" date="2026-01-18T21:45:01.400" /><!-- duration: 16ms -->
    <step title="Updating shutdown sentinel last write time" date="2026-01-18T21:45:01.416" SemaphoreCount="7" /><!-- duration: 0ms -->
    <step title="LockFile &apos;C:\home\site\locks\deployments.lock&apos; acquired" date="2026-01-18T21:45:01.416" /><!-- duration: 0ms -->
    <step title="Performing fetch based deployment" date="2026-01-18T21:45:01.432" >
      <step title="Creating temporary deployment" date="2026-01-18T21:45:01.432" /><!-- duration: 78ms -->
      <step title="Fetching changes." date="2026-01-18T21:45:01.541" /><!-- duration: 0ms -->
      <step title="Starting LocalZipHandler" date="2026-01-18T21:45:01.604" /><!-- duration: 0ms -->
      <step title="Starting LocalZipFetch" date="2026-01-18T21:45:01.604" /><!-- duration: 0ms -->
      <step title="Cleaning up temp folders from previous zip deployments and extracting pushed zip file C:\local\Temp\zipdeploy\24ypm5dh.zip (15.48 MB) to C:\local\Temp\zipdeploy\extracted" date="2026-01-18T21:45:01.604" /><!-- duration: 0ms -->
      <step title="Cleaning up temp folders from previous zip deployments and extracting pushed zip file C:\local\Temp\zipdeploy\24ypm5dh.zip (15.48 MB) to C:\local\Temp\zipdeploy\extracted" date="2026-01-18T21:45:01.619" >
        <step title="Extracting 231 entries to C:\local\Temp\zipdeploy\extracted directory" date="2026-01-18T21:45:01.619" >
          <step title="Extracting to C:\local\Temp\zipdeploy\extracted\latest\appsettings.Development.json ..." date="2026-01-18T21:45:01.635" /><!-- duration: 0ms -->
          <step title="Extracting to C:\local\Temp\zipdeploy\extracted\latest\appsettings.json ..." date="2026-01-18T21:45:01.650" /><!-- duration: 0ms -->
          <step title="Extracting to C:\local\Temp\zipdeploy\extracted\latest\Azure.Communication.Email.dll ..." date="2026-01-18T21:45:01.650" /><!-- duration: 16ms -->
          <step title="Extracting to C:\local\Temp\zipdeploy\extracted\latest\Azure.Core.dll ..." date="2026-01-18T21:45:01.666" /><!-- duration: 0ms -->
          <step title="Extracting to C:\local\Temp\zipdeploy\extracted\latest\Google.Apis.Auth.dll ..." date="2026-01-18T21:45:01.666" /><!-- duration: 16ms -->
          <step title="Omitting extracting file traces ..." date="2026-01-18T21:45:01.682" /><!-- duration: 0ms -->
        </step><!-- duration: 547ms -->
      </step><!-- duration: 547ms -->
      <step title="None repository commit" date="2026-01-18T21:45:02.166" >
        <step title="Commit id: 0eafa3dd9ced4e179ed7669d8dbd4f52" date="2026-01-18T21:45:02.182" Message="OneDeploy" AuthorName="N/A" AuthorEmail="N/A" /><!-- duration: 0ms -->
      </step><!-- duration: 16ms -->
      <step title="Before sending BuildRequestReceived status to /api/updatedeploystatus" date="2026-01-18T21:45:02.182" /><!-- duration: 0ms -->
      <step title="DeploymentManager.Deploy(id:0eafa3dd9ced4e179ed7669d8dbd4f52)" date="2026-01-18T21:45:02.182" >
        <step title="Collecting changeset information" date="2026-01-18T21:45:02.197" /><!-- duration: 47ms -->
        <step title="Updating submodules" date="2026-01-18T21:45:02.260" >
          <step title="Updating submodules." date="2026-01-18T21:45:02.275" /><!-- duration: 0ms -->
        </step><!-- duration: 16ms -->
        <step title="Preparing deployment for commit id &apos;0eafa3dd9c&apos;." date="2026-01-18T21:45:02.291" /><!-- duration: 0ms -->
        <step title="Determining deployment builder" date="2026-01-18T21:45:02.307" >
          <step title="Builder is OneDeployBuilder" date="2026-01-18T21:45:02.307" /><!-- duration: 16ms -->
        </step><!-- duration: 16ms -->
        <step title="Copying SSH keys" date="2026-01-18T21:45:02.322" /><!-- duration: 16ms -->
        <step title="Building" date="2026-01-18T21:45:02.338" >
          <step title="Running build. Project type: OneDeploy" date="2026-01-18T21:45:02.354" /><!-- duration: 0ms -->
          <step title="Copying the manifest" date="2026-01-18T21:45:02.369" /><!-- duration: 0ms -->
          <step title="Clean deploying to C:\home\site\wwwroot" date="2026-01-18T21:45:02.416" /><!-- duration: 16ms -->
          <step title="Generating deployment script." date="2026-01-18T21:45:02.432" /><!-- duration: 16ms -->
          <step title="Generating deployment script" date="2026-01-18T21:45:02.447" >
            <step title="Using cached version of the deployment script for command: -y --no-dot-deployment -r &quot;C:\local\Temp\zipdeploy\extracted&quot; -o &quot;C:\home\site\deployments\tools&quot; --basic --sitePath &quot;C:\local\Temp\zipdeploy\extracted&quot;" date="2026-01-18T21:45:02.479" /><!-- duration: 0ms -->
            <step title="Using cached version of deployment script (command: &apos;azure -y --no-dot-deployment -r &quot;C:\local\Temp\zipdeploy\extracted&quot; -o &quot;C:\home\site\deployments\tools&quot; --basic --sitePath &quot;C:\local\Temp\zipdeploy\extracted&quot;&apos;)." date="2026-01-18T21:45:02.494" /><!-- duration: 0ms -->
          </step><!-- duration: 63ms -->
          <step title="Running deployment command..." date="2026-01-18T21:45:02.525" /><!-- duration: 0ms -->
          <step title="Command: &quot;C:\home\site\deployments\tools\deploy.cmd&quot;" date="2026-01-18T21:45:02.525" /><!-- duration: 0ms -->
          <step title="Executing external process" date="2026-01-18T21:45:02.541" type="process" path="starter.cmd" arguments="&quot;C:\home\site\deployments\tools\deploy.cmd&quot;" >
            <step title="Handling Basic Web Site deployment." date="2026-01-18T21:45:02.650" /><!-- duration: 0ms -->
            <step title="Creating app_offline.htm" date="2026-01-18T21:45:02.775" /><!-- duration: 0ms -->
            <step title="KuduSync.NET from: &apos;C:\local\Temp\zipdeploy\extracted&apos; to: &apos;C:\home\site\wwwroot&apos;" date="2026-01-18T21:45:02.791" /><!-- duration: 0ms -->
            <step title="Copying file: &apos;PawPal.Api.dll&apos;" date="2026-01-18T21:45:02.791" /><!-- duration: 0ms -->
            <step title="Copying file: &apos;PawPal.Api.exe&apos;" date="2026-01-18T21:45:02.791" /><!-- duration: 16ms -->
            <step title="Copying file: &apos;PawPal.Api.pdb&apos;" date="2026-01-18T21:45:02.807" /><!-- duration: 0ms -->
            <step title="Deleting app_offline.htm" date="2026-01-18T21:45:02.807" /><!-- duration: 0ms -->
            <step title="Finished successfully." date="2026-01-18T21:45:02.807" /><!-- duration: 16ms -->
          </step><!-- duration: 281ms -->
          <step title="Build completed succesfully." date="2026-01-18T21:45:02.838" /><!-- duration: 0ms -->
          <step title="Running post deployment command(s)..." date="2026-01-18T21:45:02.854" /><!-- duration: 0ms -->
          <step title="Requesting site restart" date="2026-01-18T21:45:02.869" /><!-- duration: 0ms -->
          <step title="Requesting site restart" date="2026-01-18T21:45:02.869" /><!-- duration: 0ms -->
          <step title="Requesting site restart. Attempt #1" date="2026-01-18T21:45:02.900" /><!-- duration: 0ms -->
          <step title="Requesting site restart. Attempt #1" date="2026-01-18T21:45:02.900" /><!-- duration: 0ms -->
          <step title="Successfully requested a restart. Attempt #1" date="2026-01-18T21:45:03.213" /><!-- duration: 0ms -->
          <step title="Successfully requested a restart. Attempt #1" date="2026-01-18T21:45:03.213" /><!-- duration: 0ms -->
          <step title="Deployment successful. DEPLOYMENTINFO: deploymentPath = OneDeploy, deployer = OneDeploy, os = windows, sku = Free, siteName = gofetch-api, siteHostName = gofetch-api-adcnhwbqcsdsb0h3.germanywestcentral-01.azurewebsites.net, deploymentStatus = Success" date="2026-01-18T21:45:03.229" /><!-- duration: 0ms -->
          <step title="Purge deployment items" date="2026-01-18T21:45:03.307" >
            <step title="Remove 1bfb532f7, Success, received at 1/18/2026 6:41:03 PM" date="2026-01-18T21:45:03.322" /><!-- duration: 0ms -->
          </step><!-- duration: 16ms -->
        </step><!-- duration: 984ms -->
      </step><!-- duration: 1141ms -->
      <step title="Cleaning up temp files" date="2026-01-18T21:45:03.322" /><!-- duration: 16ms -->
      <step title="Skip function trigger and logicapp sync because function is not enabled." date="2026-01-18T21:45:03.338" /><!-- duration: 0ms -->
    </step><!-- duration: 1922ms -->
    <step title="LockFile &apos;C:\home\site\locks\deployments.lock&apos; released" date="2026-01-18T21:45:03.354" /><!-- duration: 0ms -->
    <step title="Deleting shutdown sentinel file" date="2026-01-18T21:45:03.354" SemaphoreCount="8" /><!-- duration: 0ms -->
  </step><!-- duration: 2719ms -->
  <step title="Outgoing response" date="2026-01-18T21:45:03.385" type="response" statusCode="200" statusText="OK" Server="Microsoft-IIS/10.0" x-ms-request-id="ed171767-f4b6-11f0-89e0-d4a9ab8009b2" Cache-Control="private" X-AspNet-Version="4.0.30319" /><!-- duration: 0ms -->
</step><!-- duration: 3266ms -->
