<step title="BackgroundTrace" date="2026-01-18T21:39:23.208" instance="79e06d" url="/api/zipdeploy" method="POST" >
  <step title="Updating shutdown sentinel last write time" date="2026-01-18T21:39:23.208" SemaphoreCount="7" /><!-- duration: 0ms -->
  <step title="LockFile &apos;C:\home\site\locks\deployments.lock&apos; acquired" date="2026-01-18T21:39:23.224" /><!-- duration: 0ms -->
  <step title="Creating temporary deployment" date="2026-01-18T21:39:23.224" /><!-- duration: 0ms -->
  <step title="Performing fetch based deployment" date="2026-01-18T21:39:23.224" >
    <step title="Fetching changes." date="2026-01-18T21:39:23.240" /><!-- duration: 16ms -->
    <step title="Starting LocalZipHandler" date="2026-01-18T21:39:23.255" /><!-- duration: 0ms -->
    <step title="Cleaning up temp folders from previous zip deployments and extracting pushed zip file C:\local\Temp\zipdeploy\n4mzvmnk.zip (15.48 MB) to C:\local\Temp\zipdeploy\extracted" date="2026-01-18T21:39:23.271" /><!-- duration: 0ms -->
    <step title="Cleaning up temp folders from previous zip deployments and extracting pushed zip file C:\local\Temp\zipdeploy\n4mzvmnk.zip (15.48 MB) to C:\local\Temp\zipdeploy\extracted" date="2026-01-18T21:39:23.271" >
      <step title="Renaming extractTargetDirectory(C:\local\Temp\zipdeploy\extracted) to tempDirectory(C:\local\Temp\zipdeploy\dtlhajrd.uxa)" date="2026-01-18T21:39:23.287" /><!-- duration: 0ms -->
      <step title="Extracting 231 entries to C:\local\Temp\zipdeploy\extracted directory" date="2026-01-18T21:39:23.287" >
        <step title="Extracting to C:\local\Temp\zipdeploy\extracted\latest\appsettings.Development.json ..." date="2026-01-18T21:39:23.287" /><!-- duration: 0ms -->
        <step title="Extracting to C:\local\Temp\zipdeploy\extracted\latest\appsettings.json ..." date="2026-01-18T21:39:23.287" /><!-- duration: 0ms -->
        <step title="Extracting to C:\local\Temp\zipdeploy\extracted\latest\Azure.Communication.Email.dll ..." date="2026-01-18T21:39:23.287" /><!-- duration: 16ms -->
        <step title="Extracting to C:\local\Temp\zipdeploy\extracted\latest\Azure.Core.dll ..." date="2026-01-18T21:39:23.302" /><!-- duration: 0ms -->
        <step title="Extracting to C:\local\Temp\zipdeploy\extracted\latest\Google.Apis.Auth.dll ..." date="2026-01-18T21:39:23.302" /><!-- duration: 16ms -->
        <step title="Omitting extracting file traces ..." date="2026-01-18T21:39:23.318" /><!-- duration: 0ms -->
      </step><!-- duration: 484ms -->
    </step><!-- duration: 500ms -->
    <step title="Before sending BuildRequestReceived status to /api/updatedeploystatus" date="2026-01-18T21:39:23.787" /><!-- duration: 0ms -->
    <step title="DeploymentManager.Deploy(id:32e85e46d15c45d7b5c8867287fac420)" date="2026-01-18T21:39:23.787" >
      <step title="Collecting changeset information" date="2026-01-18T21:39:23.787" /><!-- duration: 16ms -->
      <step title="Updating submodules" date="2026-01-18T21:39:23.802" >
        <step title="Updating submodules." date="2026-01-18T21:39:23.818" /><!-- duration: 0ms -->
      </step><!-- duration: 16ms -->
      <step title="Preparing deployment for commit id &apos;32e85e46d1&apos;." date="2026-01-18T21:39:23.833" /><!-- duration: 0ms -->
      <step title="Determining deployment builder" date="2026-01-18T21:39:23.849" >
        <step title="Builder is BasicBuilder" date="2026-01-18T21:39:23.849" /><!-- duration: 0ms -->
      </step><!-- duration: 0ms -->
      <step title="Copying SSH keys" date="2026-01-18T21:39:23.849" /><!-- duration: 16ms -->
      <step title="Building" date="2026-01-18T21:39:23.865" >
        <step title="Generating deployment script." date="2026-01-18T21:39:23.865" /><!-- duration: 16ms -->
        <step title="Generating deployment script" date="2026-01-18T21:39:23.880" >
          <step title="Using cached version of the deployment script for command: -y --no-dot-deployment -r &quot;C:\local\Temp\zipdeploy\extracted&quot; -o &quot;C:\home\site\deployments\tools&quot; --basic --sitePath &quot;C:\local\Temp\zipdeploy\extracted&quot;" date="2026-01-18T21:39:23.880" /><!-- duration: 0ms -->
          <step title="Using cached version of deployment script (command: &apos;azure -y --no-dot-deployment -r &quot;C:\local\Temp\zipdeploy\extracted&quot; -o &quot;C:\home\site\deployments\tools&quot; --basic --sitePath &quot;C:\local\Temp\zipdeploy\extracted&quot;&apos;)." date="2026-01-18T21:39:23.880" /><!-- duration: 0ms -->
        </step><!-- duration: 0ms -->
        <step title="Running deployment command..." date="2026-01-18T21:39:23.896" /><!-- duration: 0ms -->
        <step title="Command: &quot;C:\home\site\deployments\tools\deploy.cmd&quot;" date="2026-01-18T21:39:23.912" /><!-- duration: 0ms -->
        <step title="Executing external process" date="2026-01-18T21:39:23.912" type="process" path="starter.cmd" arguments="&quot;C:\home\site\deployments\tools\deploy.cmd&quot;" >
          <step title="Handling Basic Web Site deployment." date="2026-01-18T21:39:24.021" /><!-- duration: 0ms -->
          <step title="Creating app_offline.htm" date="2026-01-18T21:39:26.583" /><!-- duration: 0ms -->
          <step title="KuduSync.NET from: &apos;C:\local\Temp\zipdeploy\extracted&apos; to: &apos;C:\home\site\wwwroot&apos;" date="2026-01-18T21:39:26.583" /><!-- duration: 0ms -->
          <step title="Copying file: &apos;PawPal.Api.dll&apos;" date="2026-01-18T21:39:26.583" /><!-- duration: 0ms -->
          <step title="Copying file: &apos;PawPal.Api.exe&apos;" date="2026-01-18T21:39:26.599" /><!-- duration: 0ms -->
          <step title="Copying file: &apos;PawPal.Api.pdb&apos;" date="2026-01-18T21:39:26.599" /><!-- duration: 0ms -->
          <step title="Deleting app_offline.htm" date="2026-01-18T21:39:26.599" /><!-- duration: 0ms -->
          <step title="Finished successfully." date="2026-01-18T21:39:26.599" /><!-- duration: 16ms -->
        </step><!-- duration: 2703ms -->
        <step title="Running post deployment command(s)..." date="2026-01-18T21:39:26.630" /><!-- duration: 0ms -->
        <step title="Triggering recycle (preview mode disabled)." date="2026-01-18T21:39:26.646" /><!-- duration: 0ms -->
        <step title="Ignoring FS watcher based recycle request as this is a classic Windows app." date="2026-01-18T21:39:26.646" /><!-- duration: 0ms -->
        <step title="Deployment successful. DEPLOYMENTINFO: deploymentPath = ZipDeploy. Extract zip. , deployer = ZipDeploy, os = windows, sku = Free, siteName = gofetch-api, siteHostName = gofetch-api-adcnhwbqcsdsb0h3.germanywestcentral-01.azurewebsites.net, deploymentStatus = Success" date="2026-01-18T21:39:26.662" /><!-- duration: 0ms -->
        <step title="Purge deployment items" date="2026-01-18T21:39:26.693" >
          <step title="Remove 7c749bdd4, Success, received at 1/18/2026 6:08:16 PM" date="2026-01-18T21:39:26.708" /><!-- duration: 0ms -->
        </step><!-- duration: 16ms -->
      </step><!-- duration: 2859ms -->
    </step><!-- duration: 2937ms -->
    <step title="Cleaning up temp files" date="2026-01-18T21:39:26.724" /><!-- duration: 0ms -->
    <step title="Skip function trigger and logicapp sync because function is not enabled." date="2026-01-18T21:39:26.724" /><!-- duration: 0ms -->
  </step><!-- duration: 3516ms -->
  <step title="LockFile &apos;C:\home\site\locks\deployments.lock&apos; released" date="2026-01-18T21:39:26.755" /><!-- duration: 0ms -->
  <step title="Deleting shutdown sentinel file" date="2026-01-18T21:39:26.755" SemaphoreCount="8" /><!-- duration: 0ms -->
</step><!-- duration: 3547ms -->
