<step title="BackgroundTrace" date="2026-01-18T21:03:07.261" instance="79e06d" url="/api/zipdeploy" method="POST" >
  <step title="Updating shutdown sentinel last write time" date="2026-01-18T21:03:07.261" SemaphoreCount="7" /><!-- duration: 0ms -->
  <step title="LockFile &apos;C:\home\site\locks\deployments.lock&apos; acquired" date="2026-01-18T21:03:07.276" /><!-- duration: 0ms -->
  <step title="Creating temporary deployment" date="2026-01-18T21:03:07.276" /><!-- duration: 0ms -->
  <step title="Performing fetch based deployment" date="2026-01-18T21:03:07.276" >
    <step title="Fetching changes." date="2026-01-18T21:03:07.292" /><!-- duration: 16ms -->
    <step title="Starting LocalZipHandler" date="2026-01-18T21:03:07.308" /><!-- duration: 0ms -->
    <step title="Cleaning up temp folders from previous zip deployments and extracting pushed zip file C:\local\Temp\zipdeploy\2n0zxhqv.zip (5.60 MB) to C:\local\Temp\zipdeploy\extracted" date="2026-01-18T21:03:07.323" /><!-- duration: 0ms -->
    <step title="Cleaning up temp folders from previous zip deployments and extracting pushed zip file C:\local\Temp\zipdeploy\2n0zxhqv.zip (5.60 MB) to C:\local\Temp\zipdeploy\extracted" date="2026-01-18T21:03:07.323" >
      <step title="Renaming extractTargetDirectory(C:\local\Temp\zipdeploy\extracted) to tempDirectory(C:\local\Temp\zipdeploy\bchlgusz.g5v)" date="2026-01-18T21:03:07.323" /><!-- duration: 0ms -->
      <step title="Extracting 121 entries to C:\local\Temp\zipdeploy\extracted directory" date="2026-01-18T21:03:07.323" >
        <step title="Extracting to C:\local\Temp\zipdeploy\extracted\publish\appsettings.Development.json ..." date="2026-01-18T21:03:07.323" /><!-- duration: 0ms -->
        <step title="Extracting to C:\local\Temp\zipdeploy\extracted\publish\appsettings.json ..." date="2026-01-18T21:03:07.323" /><!-- duration: 16ms -->
        <step title="Extracting to C:\local\Temp\zipdeploy\extracted\publish\PawPal.Api.deps.json ..." date="2026-01-18T21:03:07.339" /><!-- duration: 0ms -->
        <step title="Extracting to C:\local\Temp\zipdeploy\extracted\publish\PawPal.Api.runtimeconfig.json ..." date="2026-01-18T21:03:07.339" /><!-- duration: 0ms -->
        <step title="Extracting to C:\local\Temp\zipdeploy\extracted\publish\PawPal.Api.staticwebassets.endpoints.json ..." date="2026-01-18T21:03:07.339" /><!-- duration: 0ms -->
        <step title="Omitting extracting file traces ..." date="2026-01-18T21:03:07.339" /><!-- duration: 0ms -->
        <step title="Extracting to C:\local\Temp\zipdeploy\extracted\System.Reactive.dll ..." date="2026-01-18T21:03:07.558" /><!-- duration: 16ms -->
        <step title="Extracting to C:\local\Temp\zipdeploy\extracted\web.config ..." date="2026-01-18T21:03:07.573" /><!-- duration: 0ms -->
        <step title="Extracting to C:\local\Temp\zipdeploy\extracted\Websocket.Client.dll ..." date="2026-01-18T21:03:07.573" /><!-- duration: 0ms -->
      </step><!-- duration: 250ms -->
    </step><!-- duration: 250ms -->
    <step title="Before sending BuildRequestReceived status to /api/updatedeploystatus" date="2026-01-18T21:03:07.589" /><!-- duration: 0ms -->
    <step title="DeploymentManager.Deploy(id:0647dfc043df4bdfa81c795abfa7e208)" date="2026-01-18T21:03:07.589" >
      <step title="Collecting changeset information" date="2026-01-18T21:03:07.589" /><!-- duration: 16ms -->
      <step title="Updating submodules" date="2026-01-18T21:03:07.604" >
        <step title="Updating submodules." date="2026-01-18T21:03:07.620" /><!-- duration: 0ms -->
      </step><!-- duration: 16ms -->
      <step title="Preparing deployment for commit id &apos;0647dfc043&apos;." date="2026-01-18T21:03:07.636" /><!-- duration: 0ms -->
      <step title="Determining deployment builder" date="2026-01-18T21:03:07.651" >
        <step title="Builder is BasicBuilder" date="2026-01-18T21:03:07.651" /><!-- duration: 0ms -->
      </step><!-- duration: 0ms -->
      <step title="Copying SSH keys" date="2026-01-18T21:03:07.667" /><!-- duration: 0ms -->
      <step title="Building" date="2026-01-18T21:03:07.667" >
        <step title="Generating deployment script." date="2026-01-18T21:03:07.683" /><!-- duration: 0ms -->
        <step title="Generating deployment script" date="2026-01-18T21:03:07.683" >
          <step title="Using cached version of the deployment script for command: -y --no-dot-deployment -r &quot;C:\local\Temp\zipdeploy\extracted&quot; -o &quot;C:\home\site\deployments\tools&quot; --basic --sitePath &quot;C:\local\Temp\zipdeploy\extracted&quot;" date="2026-01-18T21:03:07.683" /><!-- duration: 0ms -->
          <step title="Using cached version of deployment script (command: &apos;azure -y --no-dot-deployment -r &quot;C:\local\Temp\zipdeploy\extracted&quot; -o &quot;C:\home\site\deployments\tools&quot; --basic --sitePath &quot;C:\local\Temp\zipdeploy\extracted&quot;&apos;)." date="2026-01-18T21:03:07.683" /><!-- duration: 16ms -->
        </step><!-- duration: 16ms -->
        <step title="Running deployment command..." date="2026-01-18T21:03:07.714" /><!-- duration: 0ms -->
        <step title="Command: &quot;C:\home\site\deployments\tools\deploy.cmd&quot;" date="2026-01-18T21:03:07.729" /><!-- duration: 0ms -->
        <step title="Executing external process" date="2026-01-18T21:03:07.729" type="process" path="starter.cmd" arguments="&quot;C:\home\site\deployments\tools\deploy.cmd&quot;" >
          <step title="Handling Basic Web Site deployment." date="2026-01-18T21:03:07.823" /><!-- duration: 0ms -->
          <step title="Creating app_offline.htm" date="2026-01-18T21:03:08.026" /><!-- duration: 0ms -->
          <step title="KuduSync.NET from: &apos;C:\local\Temp\zipdeploy\extracted&apos; to: &apos;C:\home\site\wwwroot&apos;" date="2026-01-18T21:03:08.026" /><!-- duration: 0ms -->
          <step title="Copying file: &apos;PawPal.Api.dll&apos;" date="2026-01-18T21:03:08.026" /><!-- duration: 0ms -->
          <step title="Copying file: &apos;PawPal.Api.exe&apos;" date="2026-01-18T21:03:08.042" /><!-- duration: 0ms -->
          <step title="Copying file: &apos;PawPal.Api.pdb&apos;" date="2026-01-18T21:03:08.042" /><!-- duration: 0ms -->
          <step title="Copying file: &apos;publish\publish\appsettings.json&apos;" date="2026-01-18T21:03:08.058" /><!-- duration: 0ms -->
          <step title="Copying file: &apos;publish\publish\PawPal.Api.deps.json&apos;" date="2026-01-18T21:03:08.058" /><!-- duration: 0ms -->
          <step title="Copying file: &apos;publish\publish\PawPal.Api.runtimeconfig.json&apos;" date="2026-01-18T21:03:08.058" /><!-- duration: 0ms -->
          <step title="Copying file: &apos;publish\publish\publish\publish\appsettings.Development.json&apos;" date="2026-01-18T21:03:08.058" /><!-- duration: 0ms -->
          <step title="Copying file: &apos;publish\publish\publish\publish\appsettings.json&apos;" date="2026-01-18T21:03:08.073" /><!-- duration: 0ms -->
          <step title="Copying file: &apos;publish\publish\publish\publish\PawPal.Api.deps.json&apos;" date="2026-01-18T21:03:08.073" /><!-- duration: 0ms -->
          <step title="Copying file: &apos;publish\publish\publish\publish\PawPal.Api.runtimeconfig.json&apos;" date="2026-01-18T21:03:08.073" /><!-- duration: 0ms -->
          <step title="Copying file: &apos;publish\publish\publish\publish\PawPal.Api.staticwebassets.endpoints.json&apos;" date="2026-01-18T21:03:08.089" /><!-- duration: 0ms -->
          <step title="Copying file: &apos;publish\publish\publish\publish\publish\publish\publish\publish\appsettings.json&apos;" date="2026-01-18T21:03:08.089" /><!-- duration: 0ms -->
          <step title="Copying file: &apos;publish\publish\publish\publish\publish\publish\publish\publish\PawPal.Api.deps.json&apos;" date="2026-01-18T21:03:08.089" /><!-- duration: 0ms -->
          <step title="Copying file: &apos;publish\publish\publish\publish\publish\publish\publish\publish\publish\publish\appsettings.Development.json&apos;" date="2026-01-18T21:03:10.183" /><!-- duration: 0ms -->
          <step title="Copying file: &apos;publish\publish\publish\publish\publish\publish\publish\publish\publish\publish\appsettings.json&apos;" date="2026-01-18T21:03:10.183" /><!-- duration: 0ms -->
          <step title="Copying file: &apos;publish\publish\publish\publish\publish\publish\publish\publish\publish\publish\PawPal.Api.deps.json&apos;" date="2026-01-18T21:03:10.198" /><!-- duration: 0ms -->
          <step title="Copying file: &apos;publish\publish\publish\publish\publish\publish\publish\publish\publish\publish\PawPal.Api.runtimeconfig.json&apos;" date="2026-01-18T21:03:10.198" /><!-- duration: 0ms -->
          <step title="Copying file: &apos;publish\publish\publish\publish\publish\publish\publish\publish\publish\publish\PawPal.Api.staticwebassets.endpoints.json&apos;" date="2026-01-18T21:03:10.198" /><!-- duration: 0ms -->
          <step title="Copying file: &apos;publish\publish\publish\publish\publish\publish\publish\publish\publish\publish\web.config&apos;" date="2026-01-18T21:03:10.198" /><!-- duration: 0ms -->
          <step title="Deleting app_offline.htm" date="2026-01-18T21:03:10.214" /><!-- duration: 0ms -->
          <step title="Finished successfully." date="2026-01-18T21:03:10.214" /><!-- duration: 0ms -->
        </step><!-- duration: 2484ms -->
        <step title="Running post deployment command(s)..." date="2026-01-18T21:03:10.229" /><!-- duration: 0ms -->
        <step title="Triggering recycle (preview mode disabled)." date="2026-01-18T21:03:10.245" /><!-- duration: 0ms -->
        <step title="Ignoring FS watcher based recycle request as this is a classic Windows app." date="2026-01-18T21:03:10.245" /><!-- duration: 0ms -->
        <step title="Deployment successful. DEPLOYMENTINFO: deploymentPath = ZipDeploy. Extract zip. , deployer = ZipDeploy, os = windows, sku = Free, siteName = gofetch-api, siteHostName = gofetch-api-adcnhwbqcsdsb0h3.germanywestcentral-01.azurewebsites.net, deploymentStatus = Success" date="2026-01-18T21:03:10.261" /><!-- duration: 0ms -->
        <step title="Purge deployment items" date="2026-01-18T21:03:10.292" >
          <step title="Remove 35156c600, Success, received at 1/15/2026 8:25:51 PM" date="2026-01-18T21:03:10.308" /><!-- duration: 16ms -->
        </step><!-- duration: 31ms -->
      </step><!-- duration: 2656ms -->
    </step><!-- duration: 2734ms -->
    <step title="Cleaning up temp files" date="2026-01-18T21:03:10.323" /><!-- duration: 0ms -->
    <step title="Skip function trigger and logicapp sync because function is not enabled." date="2026-01-18T21:03:10.339" /><!-- duration: 0ms -->
  </step><!-- duration: 3078ms -->
  <step title="LockFile &apos;C:\home\site\locks\deployments.lock&apos; released" date="2026-01-18T21:03:10.354" /><!-- duration: 0ms -->
  <step title="Deleting shutdown sentinel file" date="2026-01-18T21:03:10.354" SemaphoreCount="8" /><!-- duration: 0ms -->
</step><!-- duration: 3094ms -->
