<step title="Incoming Request" date="2026-01-18T21:39:21.958" instance="79e06d" url="/api/zipdeploy?isAsync=true" method="POST" type="request" pid="2860,2,24" Cache-Control="no-cache" Content-Length="16226856" Content-Type="application/octet-stream" Accept="*/*" Accept-Encoding="gzip, deflate" Authorization="Bea..." Host="gofetch-api-adcnhwbqcsdsb0h3.scm.germanywestcentral-01.azurewebsites.net" User-Agent="AZURECLI/2.79.0 (MSI)" x-ms-client-request-id="252a8782-f4b6-11f0-88e3-d4a9ab8009b2" X-ARR-LOG-ID="252a8782-f4b6-11f0-88e3-d4a9ab8009b2" CLIENT-IP="83.139.66.94:59895" X-SITE-DEPLOYMENT-ID="gofetch-api" WAS-DEFAULT-HOSTNAME="gofetch-api-adcnhwbqcsdsb0h3.scm.germanywestcentral-01.azurewebsites.net" X-Forwarded-Proto="https" X-AppService-Proto="https" X-Forwarded-TlsVersion="1.3" X-WAWS-Unencoded-URL="/api/zipdeploy?isAsync=true" >
  <step title="Cleanup Xml Logs" date="2026-01-18T21:39:21.958" /><!-- duration: 0ms -->
  <step title="ZipPushDeploy" date="2026-01-18T21:39:21.958" >
    <step title="ZipDeploy. Extract zip. " date="2026-01-18T21:39:21.974" /><!-- duration: 0ms -->
    <step title="Starting PushDeployAsync" date="2026-01-18T21:39:21.974" /><!-- duration: 0ms -->
    <step title="Updating shutdown sentinel last write time" date="2026-01-18T21:39:21.974" SemaphoreCount="7" /><!-- duration: 0ms -->
    <step title="LockFile &apos;C:\home\site\locks\deployments.lock&apos; acquired" date="2026-01-18T21:39:21.974" /><!-- duration: 0ms -->
    <step title="Saving request content to C:\local\Temp\zipdeploy\n4mzvmnk.zip" date="2026-01-18T21:39:21.990" >
      <step title="Total 16,226,856 bytes written to C:\local\Temp\zipdeploy\n4mzvmnk.zip" date="2026-01-18T21:39:23.193" /><!-- duration: 0ms -->
    </step><!-- duration: 1203ms -->
    <step title="LockFile &apos;C:\home\site\locks\deployments.lock&apos; released" date="2026-01-18T21:39:23.208" /><!-- duration: 0ms -->
    <step title="Deleting shutdown sentinel file" date="2026-01-18T21:39:23.208" SemaphoreCount="8" /><!-- duration: 0ms -->
    <step title="Starting FetchDeploy" date="2026-01-18T21:39:23.208" /><!-- duration: 0ms -->
    <step title="Start deployment in the background" date="2026-01-18T21:39:23.208" /><!-- duration: 16ms -->
  </step><!-- duration: 1266ms -->
  <step title="Outgoing response" date="2026-01-18T21:39:23.240" type="response" statusCode="202" statusText="Accepted" Server="Microsoft-IIS/10.0" x-ms-request-id="252a8782-f4b6-11f0-88e3-d4a9ab8009b2" Retry-After="30" Cache-Control="private" X-AspNet-Version="4.0.30319" Location="https://gofetch-api-adcnhwbqcsdsb0h3.scm.germanywestcentral-01.azurewebsites.net/api/deployments/latest?deployer=ZipDeploy&amp;time=2026-01-18_21-39-23Z" /><!-- duration: 0ms -->
</step><!-- duration: 1281ms -->
