<step title="Incoming Request" date="2026-01-22T14:46:56.321" instance="79e06d" url="/api/zipdeploy?isAsync=true" method="POST" type="request" pid="11968,2,7" Cache-Control="no-cache" Connection="Keep-Alive" Content-Length="6027102" Content-Type="application/octet-stream" Accept="*/*" Accept-Encoding="gzip, deflate" Authorization="Bea..." Host="gofetch-api-adcnhwbqcsdsb0h3.scm.germanywestcentral-01.azurewebsites.net" User-Agent="AZURECLI/2.79.0 (MSI)" x-ms-client-request-id="2db5f7c0-f7a1-11f0-9545-c97850b2a9d9" X-ARR-LOG-ID="2db5f7c0-f7a1-11f0-9545-c97850b2a9d9" CLIENT-IP="83.139.66.94:59157" X-SITE-DEPLOYMENT-ID="gofetch-api" WAS-DEFAULT-HOSTNAME="gofetch-api-adcnhwbqcsdsb0h3.scm.germanywestcentral-01.azurewebsites.net" X-Forwarded-Proto="https" X-AppService-Proto="https" X-Forwarded-TlsVersion="1.3" X-WAWS-Unencoded-URL="/api/zipdeploy?isAsync=true" X-MS-COLDSTART="1" >
  <step title="ZipPushDeploy" date="2026-01-22T14:46:56.837" >
    <step title="ZipDeploy. Extract zip. " date="2026-01-22T14:46:56.852" /><!-- duration: 16ms -->
    <step title="Starting PushDeployAsync" date="2026-01-22T14:46:56.868" /><!-- duration: 0ms -->
    <step title="Updating shutdown sentinel last write time" date="2026-01-22T14:46:56.899" SemaphoreCount="7" /><!-- duration: 16ms -->
    <step title="LockFile &apos;C:\home\site\locks\deployments.lock&apos; acquired" date="2026-01-22T14:46:56.915" /><!-- duration: 0ms -->
    <step title="Saving request content to C:\local\Temp\zipdeploy\fduvbb13.zip" date="2026-01-22T14:46:56.915" >
      <step title="Total 6,027,102 bytes written to C:\local\Temp\zipdeploy\fduvbb13.zip" date="2026-01-22T14:46:56.977" /><!-- duration: 0ms -->
    </step><!-- duration: 62ms -->
    <step title="LockFile &apos;C:\home\site\locks\deployments.lock&apos; released" date="2026-01-22T14:46:56.977" /><!-- duration: 0ms -->
    <step title="Deleting shutdown sentinel file" date="2026-01-22T14:46:56.993" SemaphoreCount="8" /><!-- duration: 0ms -->
    <step title="Starting FetchDeploy" date="2026-01-22T14:46:56.993" /><!-- duration: 0ms -->
    <step title="Start deployment in the background" date="2026-01-22T14:46:56.993" /><!-- duration: 62ms -->
  </step><!-- duration: 219ms -->
  <step title="Outgoing response" date="2026-01-22T14:46:57.134" type="response" statusCode="202" statusText="Accepted" Server="Microsoft-IIS/10.0" x-ms-request-id="2db5f7c0-f7a1-11f0-9545-c97850b2a9d9" Retry-After="30" Cache-Control="private" X-AspNet-Version="4.0.30319" Location="https://gofetch-api-adcnhwbqcsdsb0h3.scm.germanywestcentral-01.azurewebsites.net/api/deployments/latest?deployer=ZipDeploy&amp;time=2026-01-22_14-46-57Z" /><!-- duration: 0ms -->
</step><!-- duration: 813ms -->
