<step title="Incoming Request" date="2026-01-18T23:06:23.520" instance="79e06d" url="/api/publish?type=zip" method="POST" type="request" pid="17788,2,45" Cache-Control="no-cache" Content-Length="16227904" Content-Type="application/octet-stream" Accept="*/*" Accept-Encoding="gzip, deflate" Authorization="Bea..." Host="gofetch-api-adcnhwbqcsdsb0h3.scm.germanywestcentral-01.azurewebsites.net" User-Agent="AZURECLI/2.79.0 (MSI)" x-ms-client-request-id="4d3db50d-f4c2-11f0-8182-d4a9ab8009b2" X-ARR-LOG-ID="4d3db50d-f4c2-11f0-8182-d4a9ab8009b2" CLIENT-IP="83.139.66.94:52704" X-SITE-DEPLOYMENT-ID="gofetch-api" WAS-DEFAULT-HOSTNAME="gofetch-api-adcnhwbqcsdsb0h3.scm.germanywestcentral-01.azurewebsites.net" X-Forwarded-Proto="https" X-AppService-Proto="https" X-Forwarded-TlsVersion="1.3" X-WAWS-Unencoded-URL="/api/publish?type=zip" >
  <step title="Cleanup Xml Logs" date="2026-01-18T23:06:23.536" /><!-- duration: 0ms -->
  <step title="OneDeploy" date="2026-01-18T23:06:23.536" >
    <step title="Starting PushDeployAsync" date="2026-01-18T23:06:23.536" /><!-- duration: 0ms -->
    <step title="Updating shutdown sentinel last write time" date="2026-01-18T23:06:23.552" SemaphoreCount="7" /><!-- duration: 0ms -->
    <step title="LockFile &apos;C:\home\site\locks\deployments.lock&apos; acquired" date="2026-01-18T23:06:23.552" /><!-- duration: 0ms -->
    <step title="Saving request content to C:\local\Temp\zipdeploy\xyu2ydu3.zip" date="2026-01-18T23:06:23.552" >
      <step title="Total 16,227,904 bytes written to C:\local\Temp\zipdeploy\xyu2ydu3.zip" date="2026-01-18T23:06:24.911" /><!-- duration: 0ms -->
    </step><!-- duration: 1359ms -->
    <step title="LockFile &apos;C:\home\site\locks\deployments.lock&apos; released" date="2026-01-18T23:06:24.911" /><!-- duration: 0ms -->
    <step title="Deleting shutdown sentinel file" date="2026-01-18T23:06:24.911" SemaphoreCount="8" /><!-- duration: 16ms -->
    <step title="Starting FetchDeploy" date="2026-01-18T23:06:24.927" /><!-- duration: 0ms -->
    <step title="Attempting to fetch target branch HEAD" date="2026-01-18T23:06:24.927" /><!-- duration: 0ms -->
    <step title="Updating shutdown sentinel last write time" date="2026-01-18T23:06:24.927" SemaphoreCount="7" /><!-- duration: 0ms -->
    <step title="LockFile &apos;C:\home\site\locks\deployments.lock&apos; acquired" date="2026-01-18T23:06:24.927" /><!-- duration: 0ms -->
    <step title="Performing fetch based deployment" date="2026-01-18T23:06:24.927" >
      <step title="Creating temporary deployment" date="2026-01-18T23:06:24.942" /><!-- duration: 0ms -->
      <step title="Fetching changes." date="2026-01-18T23:06:24.958" /><!-- duration: 0ms -->
      <step title="Starting LocalZipHandler" date="2026-01-18T23:06:24.958" /><!-- duration: 0ms -->
      <step title="Starting LocalZipFetch" date="2026-01-18T23:06:24.973" /><!-- duration: 0ms -->
      <step title="Cleaning up temp folders from previous zip deployments and extracting pushed zip file C:\local\Temp\zipdeploy\xyu2ydu3.zip (15.48 MB) to C:\local\Temp\zipdeploy\extracted" date="2026-01-18T23:06:24.973" /><!-- duration: 0ms -->
      <step title="Cleaning up temp folders from previous zip deployments and extracting pushed zip file C:\local\Temp\zipdeploy\xyu2ydu3.zip (15.48 MB) to C:\local\Temp\zipdeploy\extracted" date="2026-01-18T23:06:24.973" >
        <step title="Renaming extractTargetDirectory(C:\local\Temp\zipdeploy\extracted) to tempDirectory(C:\local\Temp\zipdeploy\pdakbtfp.d0t)" date="2026-01-18T23:06:24.989" /><!-- duration: 0ms -->
        <step title="Extracting 231 entries to C:\local\Temp\zipdeploy\extracted directory" date="2026-01-18T23:06:24.989" >
          <step title="Extracting to C:\local\Temp\zipdeploy\extracted\latest\appsettings.Development.json ..." date="2026-01-18T23:06:24.989" /><!-- duration: 0ms -->
          <step title="Extracting to C:\local\Temp\zipdeploy\extracted\latest\appsettings.json ..." date="2026-01-18T23:06:25.005" /><!-- duration: 0ms -->
          <step title="Extracting to C:\local\Temp\zipdeploy\extracted\latest\Azure.Communication.Email.dll ..." date="2026-01-18T23:06:25.005" /><!-- duration: 0ms -->
          <step title="Extracting to C:\local\Temp\zipdeploy\extracted\latest\Azure.Core.dll ..." date="2026-01-18T23:06:25.005" /><!-- duration: 16ms -->
          <step title="Extracting to C:\local\Temp\zipdeploy\extracted\latest\Google.Apis.Auth.dll ..." date="2026-01-18T23:06:25.020" /><!-- duration: 16ms -->
          <step title="Omitting extracting file traces ..." date="2026-01-18T23:06:25.052" /><!-- duration: 0ms -->
        </step><!-- duration: 516ms -->
      </step><!-- duration: 531ms -->
      <step title="None repository commit" date="2026-01-18T23:06:25.505" >
        <step title="Commit id: 7f1d827954f24b06a6b7af0a4181d31b" date="2026-01-18T23:06:25.520" Message="OneDeploy" AuthorName="N/A" AuthorEmail="N/A" /><!-- duration: 0ms -->
      </step><!-- duration: 16ms -->
      <step title="Before sending BuildRequestReceived status to /api/updatedeploystatus" date="2026-01-18T23:06:25.520" /><!-- duration: 0ms -->
      <step title="DeploymentManager.Deploy(id:7f1d827954f24b06a6b7af0a4181d31b)" date="2026-01-18T23:06:25.520" >
        <step title="Collecting changeset information" date="2026-01-18T23:06:25.520" /><!-- duration: 16ms -->
        <step title="Updating submodules" date="2026-01-18T23:06:25.536" >
          <step title="Updating submodules." date="2026-01-18T23:06:25.552" /><!-- duration: 0ms -->
        </step><!-- duration: 16ms -->
        <step title="Preparing deployment for commit id &apos;7f1d827954&apos;." date="2026-01-18T23:06:25.567" /><!-- duration: 0ms -->
        <step title="Determining deployment builder" date="2026-01-18T23:06:25.583" >
          <step title="Builder is OneDeployBuilder" date="2026-01-18T23:06:25.583" /><!-- duration: 0ms -->
        </step><!-- duration: 0ms -->
        <step title="Copying SSH keys" date="2026-01-18T23:06:25.598" /><!-- duration: 0ms -->
        <step title="Building" date="2026-01-18T23:06:25.598" >
          <step title="Running build. Project type: OneDeploy" date="2026-01-18T23:06:25.614" /><!-- duration: 0ms -->
          <step title="Copying the manifest" date="2026-01-18T23:06:25.630" /><!-- duration: 0ms -->
          <step title="Clean deploying to C:\home\site\wwwroot" date="2026-01-18T23:06:25.645" /><!-- duration: 0ms -->
          <step title="Generating deployment script." date="2026-01-18T23:06:25.661" /><!-- duration: 0ms -->
          <step title="Generating deployment script" date="2026-01-18T23:06:25.661" >
            <step title="Using cached version of the deployment script for command: -y --no-dot-deployment -r &quot;C:\local\Temp\zipdeploy\extracted&quot; -o &quot;C:\home\site\deployments\tools&quot; --basic --sitePath &quot;C:\local\Temp\zipdeploy\extracted&quot;" date="2026-01-18T23:06:25.677" /><!-- duration: 0ms -->
            <step title="Using cached version of deployment script (command: &apos;azure -y --no-dot-deployment -r &quot;C:\local\Temp\zipdeploy\extracted&quot; -o &quot;C:\home\site\deployments\tools&quot; --basic --sitePath &quot;C:\local\Temp\zipdeploy\extracted&quot;&apos;)." date="2026-01-18T23:06:25.692" /><!-- duration: 0ms -->
          </step><!-- duration: 31ms -->
          <step title="Running deployment command..." date="2026-01-18T23:06:25.708" /><!-- duration: 0ms -->
          <step title="Command: &quot;C:\home\site\deployments\tools\deploy.cmd&quot;" date="2026-01-18T23:06:25.708" /><!-- duration: 16ms -->
          <step title="Executing external process" date="2026-01-18T23:06:25.723" type="process" path="starter.cmd" arguments="&quot;C:\home\site\deployments\tools\deploy.cmd&quot;" >
            <step title="Handling Basic Web Site deployment." date="2026-01-18T23:06:25.817" /><!-- duration: 0ms -->
            <step title="Creating app_offline.htm" date="2026-01-18T23:06:25.958" /><!-- duration: 0ms -->
            <step title="KuduSync.NET from: &apos;C:\local\Temp\zipdeploy\extracted&apos; to: &apos;C:\home\site\wwwroot&apos;" date="2026-01-18T23:06:25.958" /><!-- duration: 0ms -->
            <step title="Deleting app_offline.htm" date="2026-01-18T23:06:25.973" /><!-- duration: 0ms -->
            <step title="Finished successfully." date="2026-01-18T23:06:25.973" /><!-- duration: 0ms -->
          </step><!-- duration: 266ms -->
          <step title="Build completed succesfully." date="2026-01-18T23:06:26.005" /><!-- duration: 0ms -->
          <step title="Running post deployment command(s)..." date="2026-01-18T23:06:26.005" /><!-- duration: 16ms -->
          <step title="Requesting site restart" date="2026-01-18T23:06:26.020" /><!-- duration: 0ms -->
          <step title="Requesting site restart" date="2026-01-18T23:06:26.036" /><!-- duration: 0ms -->
          <step title="Requesting site restart. Attempt #1" date="2026-01-18T23:06:26.036" /><!-- duration: 16ms -->
          <step title="Requesting site restart. Attempt #1" date="2026-01-18T23:06:26.052" /><!-- duration: 0ms -->
          <step title="Successfully requested a restart. Attempt #1" date="2026-01-18T23:06:26.130" /><!-- duration: 0ms -->
          <step title="Successfully requested a restart. Attempt #1" date="2026-01-18T23:06:26.130" /><!-- duration: 0ms -->
          <step title="Deployment successful. DEPLOYMENTINFO: deploymentPath = OneDeploy, deployer = OneDeploy, os = windows, sku = Free, siteName = gofetch-api, siteHostName = gofetch-api-adcnhwbqcsdsb0h3.germanywestcentral-01.azurewebsites.net, deploymentStatus = Success" date="2026-01-18T23:06:26.145" /><!-- duration: 0ms -->
          <step title="Purge deployment items" date="2026-01-18T23:06:26.192" >
            <step title="Remove dc9167892, Success, received at 1/18/2026 9:30:39 PM" date="2026-01-18T23:06:26.208" /><!-- duration: 0ms -->
          </step><!-- duration: 16ms -->
        </step><!-- duration: 609ms -->
      </step><!-- duration: 688ms -->
      <step title="Cleaning up temp files" date="2026-01-18T23:06:26.208" /><!-- duration: 16ms -->
      <step title="Skip function trigger and logicapp sync because function is not enabled." date="2026-01-18T23:06:26.223" /><!-- duration: 0ms -->
    </step><!-- duration: 1313ms -->
    <step title="LockFile &apos;C:\home\site\locks\deployments.lock&apos; released" date="2026-01-18T23:06:26.239" /><!-- duration: 0ms -->
    <step title="Deleting shutdown sentinel file" date="2026-01-18T23:06:26.239" SemaphoreCount="8" /><!-- duration: 0ms -->
  </step><!-- duration: 2703ms -->
  <step title="Outgoing response" date="2026-01-18T23:06:26.239" type="response" statusCode="200" statusText="OK" Server="Microsoft-IIS/10.0" x-ms-request-id="4d3db50d-f4c2-11f0-8182-d4a9ab8009b2" Cache-Control="private" X-AspNet-Version="4.0.30319" /><!-- duration: 0ms -->
</step><!-- duration: 2719ms -->
