<step title="Incoming Request" date="2026-01-23T19:00:59.855" instance="79e06d" url="/api/publish?type=zip" method="POST" type="request" pid="1312,2,19" Cache-Control="no-cache" Content-Length="6211102" Content-Type="application/octet-stream" Accept="*/*" Accept-Encoding="gzip, deflate" Authorization="Bea..." Host="gofetch-api-adcnhwbqcsdsb0h3.scm.germanywestcentral-01.azurewebsites.net" User-Agent="AZURECLI/2.79.0 (MSI)" x-ms-client-request-id="d81a1f6f-f88d-11f0-8fd3-8a09bd1642c0" X-ARR-LOG-ID="d81a1f6f-f88d-11f0-8fd3-8a09bd1642c0" CLIENT-IP="83.139.66.94:54269" X-SITE-DEPLOYMENT-ID="gofetch-api" WAS-DEFAULT-HOSTNAME="gofetch-api-adcnhwbqcsdsb0h3.scm.germanywestcentral-01.azurewebsites.net" X-Forwarded-Proto="https" X-AppService-Proto="https" X-Forwarded-TlsVersion="1.3" X-WAWS-Unencoded-URL="/api/publish?type=zip" >
  <step title="Cleanup Xml Logs" date="2026-01-23T19:00:59.855" /><!-- duration: 0ms -->
  <step title="OneDeploy" date="2026-01-23T19:00:59.870" >
    <step title="Starting PushDeployAsync" date="2026-01-23T19:00:59.870" /><!-- duration: 0ms -->
    <step title="Updating shutdown sentinel last write time" date="2026-01-23T19:00:59.886" SemaphoreCount="7" /><!-- duration: 0ms -->
    <step title="LockFile &apos;C:\home\site\locks\deployments.lock&apos; acquired" date="2026-01-23T19:00:59.902" /><!-- duration: 0ms -->
    <step title="Saving request content to C:\local\Temp\zipdeploy\tbr1rbsb.zip" date="2026-01-23T19:00:59.902" >
      <step title="Total 6,211,102 bytes written to C:\local\Temp\zipdeploy\tbr1rbsb.zip" date="2026-01-23T19:01:00.011" /><!-- duration: 0ms -->
    </step><!-- duration: 109ms -->
    <step title="LockFile &apos;C:\home\site\locks\deployments.lock&apos; released" date="2026-01-23T19:01:00.011" /><!-- duration: 16ms -->
    <step title="Deleting shutdown sentinel file" date="2026-01-23T19:01:00.027" SemaphoreCount="8" /><!-- duration: 0ms -->
    <step title="Starting FetchDeploy" date="2026-01-23T19:01:00.027" /><!-- duration: 0ms -->
    <step title="Attempting to fetch target branch HEAD" date="2026-01-23T19:01:00.027" /><!-- duration: 0ms -->
    <step title="Updating shutdown sentinel last write time" date="2026-01-23T19:01:00.042" SemaphoreCount="7" /><!-- duration: 0ms -->
    <step title="LockFile &apos;C:\home\site\locks\deployments.lock&apos; acquired" date="2026-01-23T19:01:00.042" /><!-- duration: 0ms -->
    <step title="Performing fetch based deployment" date="2026-01-23T19:01:00.042" >
      <step title="Creating temporary deployment" date="2026-01-23T19:01:00.042" /><!-- duration: 16ms -->
      <step title="Fetching changes." date="2026-01-23T19:01:00.073" /><!-- duration: 0ms -->
      <step title="Starting LocalZipHandler" date="2026-01-23T19:01:00.073" /><!-- duration: 0ms -->
      <step title="Starting LocalZipFetch" date="2026-01-23T19:01:00.089" /><!-- duration: 0ms -->
      <step title="Cleaning up temp folders from previous zip deployments and extracting pushed zip file C:\local\Temp\zipdeploy\tbr1rbsb.zip (5.92 MB) to C:\local\Temp\zipdeploy\extracted" date="2026-01-23T19:01:00.089" /><!-- duration: 0ms -->
      <step title="Cleaning up temp folders from previous zip deployments and extracting pushed zip file C:\local\Temp\zipdeploy\tbr1rbsb.zip (5.92 MB) to C:\local\Temp\zipdeploy\extracted" date="2026-01-23T19:01:00.089" >
        <step title="Renaming extractTargetDirectory(C:\local\Temp\zipdeploy\extracted) to tempDirectory(C:\local\Temp\zipdeploy\zp3qnra3.kxc)" date="2026-01-23T19:01:00.105" /><!-- duration: 0ms -->
        <step title="Extracting 188 entries to C:\local\Temp\zipdeploy\extracted directory" date="2026-01-23T19:01:00.105" >
          <step title="Extracting to C:\local\Temp\zipdeploy\extracted\publish\appsettings.Development.json ..." date="2026-01-23T19:01:00.120" /><!-- duration: 16ms -->
          <step title="Extracting to C:\local\Temp\zipdeploy\extracted\publish\appsettings.json ..." date="2026-01-23T19:01:00.136" /><!-- duration: 0ms -->
          <step title="Extracting to C:\local\Temp\zipdeploy\extracted\publish\PawPal.Api.deps.json ..." date="2026-01-23T19:01:00.136" /><!-- duration: 0ms -->
          <step title="Extracting to C:\local\Temp\zipdeploy\extracted\publish\PawPal.Api.runtimeconfig.json ..." date="2026-01-23T19:01:00.152" /><!-- duration: 0ms -->
          <step title="Extracting to C:\local\Temp\zipdeploy\extracted\publish\PawPal.Api.staticwebassets.endpoints.json ..." date="2026-01-23T19:01:00.152" /><!-- duration: 0ms -->
          <step title="Omitting extracting file traces ..." date="2026-01-23T19:01:00.152" /><!-- duration: 0ms -->
          <step title="Extracting to C:\local\Temp\zipdeploy\extracted\System.Reactive.dll ..." date="2026-01-23T19:01:00.433" /><!-- duration: 16ms -->
          <step title="Extracting to C:\local\Temp\zipdeploy\extracted\web.config ..." date="2026-01-23T19:01:00.448" /><!-- duration: 0ms -->
          <step title="Extracting to C:\local\Temp\zipdeploy\extracted\Websocket.Client.dll ..." date="2026-01-23T19:01:00.448" /><!-- duration: 16ms -->
        </step><!-- duration: 359ms -->
      </step><!-- duration: 375ms -->
      <step title="None repository commit" date="2026-01-23T19:01:00.464" >
        <step title="Commit id: d82be4266faf47ee9ed874c419203804" date="2026-01-23T19:01:00.464" Message="OneDeploy" AuthorName="N/A" AuthorEmail="N/A" /><!-- duration: 0ms -->
      </step><!-- duration: 0ms -->
      <step title="Before sending BuildRequestReceived status to /api/updatedeploystatus" date="2026-01-23T19:01:00.464" /><!-- duration: 0ms -->
      <step title="DeploymentManager.Deploy(id:d82be4266faf47ee9ed874c419203804)" date="2026-01-23T19:01:00.480" >
        <step title="Collecting changeset information" date="2026-01-23T19:01:00.480" /><!-- duration: 16ms -->
        <step title="Updating submodules" date="2026-01-23T19:01:00.495" >
          <step title="Updating submodules." date="2026-01-23T19:01:00.511" /><!-- duration: 0ms -->
        </step><!-- duration: 16ms -->
        <step title="Preparing deployment for commit id &apos;d82be4266f&apos;." date="2026-01-23T19:01:00.527" /><!-- duration: 0ms -->
        <step title="Determining deployment builder" date="2026-01-23T19:01:00.542" >
          <step title="Builder is OneDeployBuilder" date="2026-01-23T19:01:00.542" /><!-- duration: 0ms -->
        </step><!-- duration: 16ms -->
        <step title="Copying SSH keys" date="2026-01-23T19:01:00.558" /><!-- duration: 0ms -->
        <step title="Building" date="2026-01-23T19:01:00.558" >
          <step title="Running build. Project type: OneDeploy" date="2026-01-23T19:01:00.589" /><!-- duration: 0ms -->
          <step title="Copying the manifest" date="2026-01-23T19:01:00.605" /><!-- duration: 0ms -->
          <step title="Clean deploying to C:\home\site\wwwroot" date="2026-01-23T19:01:00.636" /><!-- duration: 0ms -->
          <step title="Generating deployment script." date="2026-01-23T19:01:00.667" /><!-- duration: 0ms -->
          <step title="Generating deployment script" date="2026-01-23T19:01:00.667" >
            <step title="Using cached version of the deployment script for command: -y --no-dot-deployment -r &quot;C:\local\Temp\zipdeploy\extracted&quot; -o &quot;C:\home\site\deployments\tools&quot; --basic --sitePath &quot;C:\local\Temp\zipdeploy\extracted&quot;" date="2026-01-23T19:01:00.667" /><!-- duration: 0ms -->
            <step title="Using cached version of deployment script (command: &apos;azure -y --no-dot-deployment -r &quot;C:\local\Temp\zipdeploy\extracted&quot; -o &quot;C:\home\site\deployments\tools&quot; --basic --sitePath &quot;C:\local\Temp\zipdeploy\extracted&quot;&apos;)." date="2026-01-23T19:01:00.777" /><!-- duration: 0ms -->
          </step><!-- duration: 125ms -->
          <step title="Running deployment command..." date="2026-01-23T19:01:00.808" /><!-- duration: 0ms -->
          <step title="Command: &quot;C:\home\site\deployments\tools\deploy.cmd&quot;" date="2026-01-23T19:01:00.808" /><!-- duration: 16ms -->
          <step title="Executing external process" date="2026-01-23T19:01:00.823" type="process" path="starter.cmd" arguments="&quot;C:\home\site\deployments\tools\deploy.cmd&quot;" >
            <step title="Handling Basic Web Site deployment." date="2026-01-23T19:01:00.933" /><!-- duration: 0ms -->
            <step title="Creating app_offline.htm" date="2026-01-23T19:01:01.136" /><!-- duration: 0ms -->
            <step title="KuduSync.NET from: &apos;C:\local\Temp\zipdeploy\extracted&apos; to: &apos;C:\home\site\wwwroot&apos;" date="2026-01-23T19:01:01.136" /><!-- duration: 0ms -->
            <step title="Copying file: &apos;PawPal.Api.dll&apos;" date="2026-01-23T19:01:01.152" /><!-- duration: 0ms -->
            <step title="Copying file: &apos;PawPal.Api.exe&apos;" date="2026-01-23T19:01:01.152" /><!-- duration: 0ms -->
            <step title="Copying file: &apos;PawPal.Api.pdb&apos;" date="2026-01-23T19:01:01.152" /><!-- duration: 0ms -->
            <step title="Copying file: &apos;publish\publish\publish\publish\publish\publish\publish\appsettings.Development.json&apos;" date="2026-01-23T19:01:01.167" /><!-- duration: 0ms -->
            <step title="Copying file: &apos;publish\publish\publish\publish\publish\publish\publish\publish\appsettings.json&apos;" date="2026-01-23T19:01:01.167" /><!-- duration: 0ms -->
            <step title="Copying file: &apos;publish\publish\publish\publish\publish\publish\publish\publish\publish\publish\appsettings.Development.json&apos;" date="2026-01-23T19:01:01.167" /><!-- duration: 0ms -->
            <step title="Copying file: &apos;publish\publish\publish\publish\publish\publish\publish\publish\publish\publish\appsettings.json&apos;" date="2026-01-23T19:01:01.183" /><!-- duration: 0ms -->
            <step title="Copying file: &apos;publish\publish\publish\publish\publish\publish\publish\publish\publish\publish\PawPal.Api.deps.json&apos;" date="2026-01-23T19:01:01.183" /><!-- duration: 0ms -->
            <step title="Copying file: &apos;publish\publish\publish\publish\publish\publish\publish\publish\publish\publish\PawPal.Api.runtimeconfig.json&apos;" date="2026-01-23T19:01:01.183" /><!-- duration: 16ms -->
            <step title="Copying file: &apos;publish\publish\publish\publish\publish\publish\publish\publish\publish\publish\publish\publish\publish\appsettings.json&apos;" date="2026-01-23T19:01:01.198" /><!-- duration: 0ms -->
            <step title="Copying file: &apos;publish\publish\publish\publish\publish\publish\publish\publish\publish\publish\publish\publish\publish\PawPal.Api.deps.json&apos;" date="2026-01-23T19:01:01.198" /><!-- duration: 0ms -->
            <step title="Copying file: &apos;publish\publish\publish\publish\publish\publish\publish\publish\publish\publish\publish\publish\publish\PawPal.Api.runtimeconfig.json&apos;" date="2026-01-23T19:01:01.214" /><!-- duration: 0ms -->
            <step title="Copying file: &apos;publish\publish\publish\publish\publish\publish\publish\publish\publish\publish\publish\publish\publish\publish\publish\appsettings.Development.json&apos;" date="2026-01-23T19:01:01.214" /><!-- duration: 0ms -->
            <step title="Copying file: &apos;publish\publish\publish\publish\publish\publish\publish\publish\publish\publish\publish\publish\publish\publish\publish\appsettings.json&apos;" date="2026-01-23T19:01:01.214" /><!-- duration: 0ms -->
            <step title="Copying file: &apos;publish\publish\publish\publish\publish\publish\publish\publish\publish\publish\publish\publish\publish\publish\publish\PawPal.Api.deps.json&apos;" date="2026-01-23T19:01:01.230" /><!-- duration: 0ms -->
            <step title="Copying file: &apos;publish\publish\publish\publish\publish\publish\publish\publish\publish\publish\publish\publish\publish\publish\publish\PawPal.Api.runtimeconfig.json&apos;" date="2026-01-23T19:01:01.230" /><!-- duration: 0ms -->
            <step title="Copying file: &apos;publish\publish\publish\publish\publish\publish\publish\publish\publish\publish\publish\publish\publish\publish\publish\PawPal.Api.staticwebassets.endpoints.json&apos;" date="2026-01-23T19:01:01.230" /><!-- duration: 0ms -->
            <step title="Copying file: &apos;publish\publish\publish\publish\publish\publish\publish\publish\publish\publish\publish\publish\publish\publish\publish\publish\publish\publish\publish\appsettings.json&apos;" date="2026-01-23T19:01:01.245" /><!-- duration: 0ms -->
            <step title="Copying file: &apos;publish\publish\publish\publish\publish\publish\publish\publish\publish\publish\publish\publish\publish\publish\publish\publish\publish\publish\publish\PawPal.Api.deps.json&apos;" date="2026-01-23T19:01:01.245" /><!-- duration: 0ms -->
            <step title="Copying file: &apos;publish\publish\publish\publish\publish\publish\publish\publish\publish\publish\publish\publish\publish\publish\publish\publish\publish\publish\publish\publish\publish\appsettings.Development.json&apos;" date="2026-01-23T19:01:01.261" /><!-- duration: 0ms -->
            <step title="Copying file: &apos;publish\publish\publish\publish\publish\publish\publish\publish\publish\publish\publish\publish\publish\publish\publish\publish\publish\publish\publish\publish\publish\appsettings.json&apos;" date="2026-01-23T19:01:01.261" /><!-- duration: 0ms -->
            <step title="Copying file: &apos;publish\publish\publish\publish\publish\publish\publish\publish\publish\publish\publish\publish\publish\publish\publish\publish\publish\publish\publish\publish\publish\PawPal.Api.deps.json&apos;" date="2026-01-23T19:01:03.714" /><!-- duration: 0ms -->
            <step title="Copying file: &apos;publish\publish\publish\publish\publish\publish\publish\publish\publish\publish\publish\publish\publish\publish\publish\publish\publish\publish\publish\publish\publish\PawPal.Api.runtimeconfig.json&apos;" date="2026-01-23T19:01:03.714" /><!-- duration: 0ms -->
            <step title="Copying file: &apos;publish\publish\publish\publish\publish\publish\publish\publish\publish\publish\publish\publish\publish\publish\publish\publish\publish\publish\publish\publish\publish\PawPal.Api.staticwebassets.endpoints.json&apos;" date="2026-01-23T19:01:03.730" /><!-- duration: 0ms -->
            <step title="Copying file: &apos;publish\publish\publish\publish\publish\publish\publish\publish\publish\publish\publish\publish\publish\publish\publish\publish\publish\publish\publish\publish\publish\web.config&apos;" date="2026-01-23T19:01:03.730" /><!-- duration: 0ms -->
            <step title="Deleting app_offline.htm" date="2026-01-23T19:01:03.730" /><!-- duration: 0ms -->
            <step title="Finished successfully." date="2026-01-23T19:01:03.745" /><!-- duration: 0ms -->
          </step><!-- duration: 2922ms -->
          <step title="Build completed succesfully." date="2026-01-23T19:01:03.761" /><!-- duration: 0ms -->
          <step title="Running post deployment command(s)..." date="2026-01-23T19:01:03.809" /><!-- duration: 0ms -->
          <step title="Requesting site restart" date="2026-01-23T19:01:03.840" /><!-- duration: 0ms -->
          <step title="Requesting site restart" date="2026-01-23T19:01:03.840" /><!-- duration: 0ms -->
          <step title="Requesting site restart. Attempt #1" date="2026-01-23T19:01:03.856" /><!-- duration: 0ms -->
          <step title="Requesting site restart. Attempt #1" date="2026-01-23T19:01:03.856" /><!-- duration: 0ms -->
          <step title="Successfully requested a restart. Attempt #1" date="2026-01-23T19:01:04.153" /><!-- duration: 16ms -->
          <step title="Successfully requested a restart. Attempt #1" date="2026-01-23T19:01:04.168" /><!-- duration: 0ms -->
          <step title="Deployment successful. DEPLOYMENTINFO: deploymentPath = OneDeploy, deployer = OneDeploy, os = windows, sku = Free, siteName = gofetch-api, siteHostName = gofetch-api-adcnhwbqcsdsb0h3.germanywestcentral-01.azurewebsites.net, deploymentStatus = Success" date="2026-01-23T19:01:04.184" /><!-- duration: 0ms -->
          <step title="Purge deployment items" date="2026-01-23T19:01:04.231" >
            <step title="Remove 8d436d641, Success, received at 1/22/2026 9:27:15 PM" date="2026-01-23T19:01:04.246" /><!-- duration: 0ms -->
          </step><!-- duration: 16ms -->
        </step><!-- duration: 3704ms -->
      </step><!-- duration: 3782ms -->
      <step title="Cleaning up temp files" date="2026-01-23T19:01:04.262" /><!-- duration: 0ms -->
      <step title="Skip function trigger and logicapp sync because function is not enabled." date="2026-01-23T19:01:04.278" /><!-- duration: 0ms -->
    </step><!-- duration: 4235ms -->
    <step title="LockFile &apos;C:\home\site\locks\deployments.lock&apos; released" date="2026-01-23T19:01:04.293" /><!-- duration: 0ms -->
    <step title="Deleting shutdown sentinel file" date="2026-01-23T19:01:04.293" SemaphoreCount="8" /><!-- duration: 0ms -->
  </step><!-- duration: 4423ms -->
  <step title="Outgoing response" date="2026-01-23T19:01:04.293" type="response" statusCode="200" statusText="OK" Server="Microsoft-IIS/10.0" x-ms-request-id="d81a1f6f-f88d-11f0-8fd3-8a09bd1642c0" Cache-Control="private" X-AspNet-Version="4.0.30319" /><!-- duration: 0ms -->
</step><!-- duration: 4438ms -->
