<step title="Incoming Request" date="2026-01-23T16:44:40.240" instance="79e06d" url="/api/publish?type=zip" method="POST" type="request" pid="17936,2,9" Cache-Control="no-cache" Content-Length="6120619" Content-Type="application/octet-stream" Accept="*/*" Accept-Encoding="gzip, deflate" Authorization="Bea..." Host="gofetch-api-adcnhwbqcsdsb0h3.scm.germanywestcentral-01.azurewebsites.net" User-Agent="AZURECLI/2.79.0 (MSI)" x-ms-client-request-id="cb979cdb-f87a-11f0-8b0f-8a09bd1642c0" X-ARR-LOG-ID="cb979cdb-f87a-11f0-8b0f-8a09bd1642c0" CLIENT-IP="83.139.66.94:64281" X-SITE-DEPLOYMENT-ID="gofetch-api" WAS-DEFAULT-HOSTNAME="gofetch-api-adcnhwbqcsdsb0h3.scm.germanywestcentral-01.azurewebsites.net" X-Forwarded-Proto="https" X-AppService-Proto="https" X-Forwarded-TlsVersion="1.3" X-WAWS-Unencoded-URL="/api/publish?type=zip" >
  <step title="OneDeploy" date="2026-01-23T16:44:40.521" >
    <step title="Starting PushDeployAsync" date="2026-01-23T16:44:40.537" /><!-- duration: 0ms -->
    <step title="Updating shutdown sentinel last write time" date="2026-01-23T16:44:40.568" SemaphoreCount="7" /><!-- duration: 0ms -->
    <step title="LockFile &apos;C:\home\site\locks\deployments.lock&apos; acquired" date="2026-01-23T16:44:40.568" /><!-- duration: 0ms -->
    <step title="Saving request content to C:\local\Temp\zipdeploy\x4zdijst.zip" date="2026-01-23T16:44:40.568" >
      <step title="Total 6,120,619 bytes written to C:\local\Temp\zipdeploy\x4zdijst.zip" date="2026-01-23T16:44:40.615" /><!-- duration: 0ms -->
    </step><!-- duration: 47ms -->
    <step title="LockFile &apos;C:\home\site\locks\deployments.lock&apos; released" date="2026-01-23T16:44:40.615" /><!-- duration: 0ms -->
    <step title="Deleting shutdown sentinel file" date="2026-01-23T16:44:40.630" SemaphoreCount="8" /><!-- duration: 0ms -->
    <step title="Starting FetchDeploy" date="2026-01-23T16:44:40.646" /><!-- duration: 0ms -->
    <step title="Attempting to fetch target branch HEAD" date="2026-01-23T16:44:40.646" /><!-- duration: 0ms -->
    <step title="Updating shutdown sentinel last write time" date="2026-01-23T16:44:40.646" SemaphoreCount="7" /><!-- duration: 0ms -->
    <step title="LockFile &apos;C:\home\site\locks\deployments.lock&apos; acquired" date="2026-01-23T16:44:40.646" /><!-- duration: 16ms -->
    <step title="Performing fetch based deployment" date="2026-01-23T16:44:40.662" >
      <step title="Creating temporary deployment" date="2026-01-23T16:44:40.662" /><!-- duration: 31ms -->
      <step title="Fetching changes." date="2026-01-23T16:44:40.724" /><!-- duration: 0ms -->
      <step title="Starting LocalZipHandler" date="2026-01-23T16:44:40.740" /><!-- duration: 0ms -->
      <step title="Starting LocalZipFetch" date="2026-01-23T16:44:40.740" /><!-- duration: 0ms -->
      <step title="Cleaning up temp folders from previous zip deployments and extracting pushed zip file C:\local\Temp\zipdeploy\x4zdijst.zip (5.84 MB) to C:\local\Temp\zipdeploy\extracted" date="2026-01-23T16:44:40.755" /><!-- duration: 0ms -->
      <step title="Cleaning up temp folders from previous zip deployments and extracting pushed zip file C:\local\Temp\zipdeploy\x4zdijst.zip (5.84 MB) to C:\local\Temp\zipdeploy\extracted" date="2026-01-23T16:44:40.755" >
        <step title="Renaming extractTargetDirectory(C:\local\Temp\zipdeploy\extracted) to tempDirectory(C:\local\Temp\zipdeploy\45mjzbq5.ph3)" date="2026-01-23T16:44:40.755" /><!-- duration: 0ms -->
        <step title="Extracting 158 entries to C:\local\Temp\zipdeploy\extracted directory" date="2026-01-23T16:44:40.771" >
          <step title="Extracting to C:\local\Temp\zipdeploy\extracted\publish\appsettings.Development.json ..." date="2026-01-23T16:44:40.771" /><!-- duration: 16ms -->
          <step title="Extracting to C:\local\Temp\zipdeploy\extracted\publish\appsettings.json ..." date="2026-01-23T16:44:40.787" /><!-- duration: 0ms -->
          <step title="Extracting to C:\local\Temp\zipdeploy\extracted\publish\PawPal.Api.deps.json ..." date="2026-01-23T16:44:40.787" /><!-- duration: 0ms -->
          <step title="Extracting to C:\local\Temp\zipdeploy\extracted\publish\PawPal.Api.runtimeconfig.json ..." date="2026-01-23T16:44:40.787" /><!-- duration: 0ms -->
          <step title="Extracting to C:\local\Temp\zipdeploy\extracted\publish\PawPal.Api.staticwebassets.endpoints.json ..." date="2026-01-23T16:44:40.802" /><!-- duration: 0ms -->
          <step title="Omitting extracting file traces ..." date="2026-01-23T16:44:40.802" /><!-- duration: 0ms -->
          <step title="Extracting to C:\local\Temp\zipdeploy\extracted\System.Reactive.dll ..." date="2026-01-23T16:44:41.052" /><!-- duration: 16ms -->
          <step title="Extracting to C:\local\Temp\zipdeploy\extracted\web.config ..." date="2026-01-23T16:44:41.068" /><!-- duration: 0ms -->
          <step title="Extracting to C:\local\Temp\zipdeploy\extracted\Websocket.Client.dll ..." date="2026-01-23T16:44:41.068" /><!-- duration: 0ms -->
        </step><!-- duration: 297ms -->
      </step><!-- duration: 313ms -->
      <step title="None repository commit" date="2026-01-23T16:44:41.068" >
        <step title="Commit id: 75b71c6413a245a7956225c7831cb4b2" date="2026-01-23T16:44:41.068" Message="OneDeploy" AuthorName="N/A" AuthorEmail="N/A" /><!-- duration: 16ms -->
      </step><!-- duration: 16ms -->
      <step title="Before sending BuildRequestReceived status to /api/updatedeploystatus" date="2026-01-23T16:44:41.083" /><!-- duration: 0ms -->
      <step title="DeploymentManager.Deploy(id:75b71c6413a245a7956225c7831cb4b2)" date="2026-01-23T16:44:41.083" >
        <step title="Collecting changeset information" date="2026-01-23T16:44:41.083" /><!-- duration: 16ms -->
        <step title="Updating submodules" date="2026-01-23T16:44:41.099" >
          <step title="Updating submodules." date="2026-01-23T16:44:41.115" /><!-- duration: 0ms -->
        </step><!-- duration: 16ms -->
        <step title="Preparing deployment for commit id &apos;75b71c6413&apos;." date="2026-01-23T16:44:41.146" /><!-- duration: 0ms -->
        <step title="Determining deployment builder" date="2026-01-23T16:44:41.162" >
          <step title="Builder is OneDeployBuilder" date="2026-01-23T16:44:41.162" /><!-- duration: 0ms -->
        </step><!-- duration: 0ms -->
        <step title="Copying SSH keys" date="2026-01-23T16:44:41.177" /><!-- duration: 0ms -->
        <step title="Building" date="2026-01-23T16:44:41.177" >
          <step title="Running build. Project type: OneDeploy" date="2026-01-23T16:44:41.193" /><!-- duration: 16ms -->
          <step title="Copying the manifest" date="2026-01-23T16:44:41.208" /><!-- duration: 16ms -->
          <step title="Clean deploying to C:\home\site\wwwroot" date="2026-01-23T16:44:41.240" /><!-- duration: 0ms -->
          <step title="Generating deployment script." date="2026-01-23T16:44:41.255" /><!-- duration: 0ms -->
          <step title="Generating deployment script" date="2026-01-23T16:44:41.255" >
            <step title="Using cached version of the deployment script for command: -y --no-dot-deployment -r &quot;C:\local\Temp\zipdeploy\extracted&quot; -o &quot;C:\home\site\deployments\tools&quot; --basic --sitePath &quot;C:\local\Temp\zipdeploy\extracted&quot;" date="2026-01-23T16:44:41.287" /><!-- duration: 16ms -->
            <step title="Using cached version of deployment script (command: &apos;azure -y --no-dot-deployment -r &quot;C:\local\Temp\zipdeploy\extracted&quot; -o &quot;C:\home\site\deployments\tools&quot; --basic --sitePath &quot;C:\local\Temp\zipdeploy\extracted&quot;&apos;)." date="2026-01-23T16:44:41.302" /><!-- duration: 0ms -->
          </step><!-- duration: 63ms -->
          <step title="Running deployment command..." date="2026-01-23T16:44:41.333" /><!-- duration: 0ms -->
          <step title="Command: &quot;C:\home\site\deployments\tools\deploy.cmd&quot;" date="2026-01-23T16:44:41.349" /><!-- duration: 0ms -->
          <step title="Executing external process" date="2026-01-23T16:44:41.349" type="process" path="starter.cmd" arguments="&quot;C:\home\site\deployments\tools\deploy.cmd&quot;" >
            <step title="Handling Basic Web Site deployment." date="2026-01-23T16:44:41.458" /><!-- duration: 16ms -->
            <step title="Creating app_offline.htm" date="2026-01-23T16:44:41.615" /><!-- duration: 0ms -->
            <step title="KuduSync.NET from: &apos;C:\local\Temp\zipdeploy\extracted&apos; to: &apos;C:\home\site\wwwroot&apos;" date="2026-01-23T16:44:41.615" /><!-- duration: 0ms -->
            <step title="Copying file: &apos;PawPal.Api.dll&apos;" date="2026-01-23T16:44:41.615" /><!-- duration: 16ms -->
            <step title="Copying file: &apos;PawPal.Api.exe&apos;" date="2026-01-23T16:44:41.630" /><!-- duration: 0ms -->
            <step title="Copying file: &apos;PawPal.Api.pdb&apos;" date="2026-01-23T16:44:41.630" /><!-- duration: 0ms -->
            <step title="Copying file: &apos;publish\publish\appsettings.Development.json&apos;" date="2026-01-23T16:44:41.646" /><!-- duration: 0ms -->
            <step title="Copying file: &apos;publish\publish\publish\appsettings.json&apos;" date="2026-01-23T16:44:41.662" /><!-- duration: 0ms -->
            <step title="Copying file: &apos;publish\publish\publish\publish\publish\appsettings.Development.json&apos;" date="2026-01-23T16:44:41.662" /><!-- duration: 0ms -->
            <step title="Copying file: &apos;publish\publish\publish\publish\publish\appsettings.json&apos;" date="2026-01-23T16:44:41.677" /><!-- duration: 0ms -->
            <step title="Copying file: &apos;publish\publish\publish\publish\publish\PawPal.Api.deps.json&apos;" date="2026-01-23T16:44:41.677" /><!-- duration: 0ms -->
            <step title="Copying file: &apos;publish\publish\publish\publish\publish\PawPal.Api.runtimeconfig.json&apos;" date="2026-01-23T16:44:41.740" /><!-- duration: 0ms -->
            <step title="Copying file: &apos;publish\publish\publish\publish\publish\publish\publish\publish\appsettings.json&apos;" date="2026-01-23T16:44:41.740" /><!-- duration: 0ms -->
            <step title="Copying file: &apos;publish\publish\publish\publish\publish\publish\publish\publish\PawPal.Api.deps.json&apos;" date="2026-01-23T16:44:41.755" /><!-- duration: 0ms -->
            <step title="Copying file: &apos;publish\publish\publish\publish\publish\publish\publish\publish\PawPal.Api.runtimeconfig.json&apos;" date="2026-01-23T16:44:41.787" /><!-- duration: 0ms -->
            <step title="Copying file: &apos;publish\publish\publish\publish\publish\publish\publish\publish\publish\publish\appsettings.Development.json&apos;" date="2026-01-23T16:44:41.787" /><!-- duration: 0ms -->
            <step title="Copying file: &apos;publish\publish\publish\publish\publish\publish\publish\publish\publish\publish\appsettings.json&apos;" date="2026-01-23T16:44:41.802" /><!-- duration: 0ms -->
            <step title="Copying file: &apos;publish\publish\publish\publish\publish\publish\publish\publish\publish\publish\PawPal.Api.deps.json&apos;" date="2026-01-23T16:44:41.802" /><!-- duration: 0ms -->
            <step title="Copying file: &apos;publish\publish\publish\publish\publish\publish\publish\publish\publish\publish\PawPal.Api.runtimeconfig.json&apos;" date="2026-01-23T16:44:41.802" /><!-- duration: 0ms -->
            <step title="Copying file: &apos;publish\publish\publish\publish\publish\publish\publish\publish\publish\publish\PawPal.Api.staticwebassets.endpoints.json&apos;" date="2026-01-23T16:44:41.818" /><!-- duration: 0ms -->
            <step title="Copying file: &apos;publish\publish\publish\publish\publish\publish\publish\publish\publish\publish\publish\publish\publish\publish\appsettings.json&apos;" date="2026-01-23T16:44:41.818" /><!-- duration: 0ms -->
            <step title="Copying file: &apos;publish\publish\publish\publish\publish\publish\publish\publish\publish\publish\publish\publish\publish\publish\PawPal.Api.deps.json&apos;" date="2026-01-23T16:44:41.818" /><!-- duration: 16ms -->
            <step title="Copying file: &apos;publish\publish\publish\publish\publish\publish\publish\publish\publish\publish\publish\publish\publish\publish\publish\publish\appsettings.Development.json&apos;" date="2026-01-23T16:44:44.130" /><!-- duration: 0ms -->
            <step title="Copying file: &apos;publish\publish\publish\publish\publish\publish\publish\publish\publish\publish\publish\publish\publish\publish\publish\publish\appsettings.json&apos;" date="2026-01-23T16:44:44.130" /><!-- duration: 0ms -->
            <step title="Copying file: &apos;publish\publish\publish\publish\publish\publish\publish\publish\publish\publish\publish\publish\publish\publish\publish\publish\PawPal.Api.deps.json&apos;" date="2026-01-23T16:44:44.146" /><!-- duration: 0ms -->
            <step title="Copying file: &apos;publish\publish\publish\publish\publish\publish\publish\publish\publish\publish\publish\publish\publish\publish\publish\publish\PawPal.Api.runtimeconfig.json&apos;" date="2026-01-23T16:44:44.146" /><!-- duration: 0ms -->
            <step title="Copying file: &apos;publish\publish\publish\publish\publish\publish\publish\publish\publish\publish\publish\publish\publish\publish\publish\publish\PawPal.Api.staticwebassets.endpoints.json&apos;" date="2026-01-23T16:44:44.146" /><!-- duration: 0ms -->
            <step title="Copying file: &apos;publish\publish\publish\publish\publish\publish\publish\publish\publish\publish\publish\publish\publish\publish\publish\publish\web.config&apos;" date="2026-01-23T16:44:44.162" /><!-- duration: 0ms -->
            <step title="Deleting app_offline.htm" date="2026-01-23T16:44:44.162" /><!-- duration: 0ms -->
            <step title="Finished successfully." date="2026-01-23T16:44:44.162" /><!-- duration: 16ms -->
          </step><!-- duration: 2828ms -->
          <step title="Build completed succesfully." date="2026-01-23T16:44:44.193" /><!-- duration: 0ms -->
          <step title="Running post deployment command(s)..." date="2026-01-23T16:44:44.208" /><!-- duration: 0ms -->
          <step title="Requesting site restart" date="2026-01-23T16:44:44.224" /><!-- duration: 0ms -->
          <step title="Requesting site restart" date="2026-01-23T16:44:44.224" /><!-- duration: 0ms -->
          <step title="Requesting site restart. Attempt #1" date="2026-01-23T16:44:44.255" /><!-- duration: 0ms -->
          <step title="Requesting site restart. Attempt #1" date="2026-01-23T16:44:44.255" /><!-- duration: 0ms -->
          <step title="Successfully requested a restart. Attempt #1" date="2026-01-23T16:44:44.568" /><!-- duration: 0ms -->
          <step title="Successfully requested a restart. Attempt #1" date="2026-01-23T16:44:44.568" /><!-- duration: 0ms -->
          <step title="Deployment successful. DEPLOYMENTINFO: deploymentPath = OneDeploy, deployer = OneDeploy, os = windows, sku = Free, siteName = gofetch-api, siteHostName = gofetch-api-adcnhwbqcsdsb0h3.germanywestcentral-01.azurewebsites.net, deploymentStatus = Success" date="2026-01-23T16:44:44.583" /><!-- duration: 0ms -->
          <step title="Purge deployment items" date="2026-01-23T16:44:44.662" >
            <step title="Remove eba0ec73f, Success, received at 1/22/2026 2:46:57 PM" date="2026-01-23T16:44:44.677" /><!-- duration: 0ms -->
          </step><!-- duration: 16ms -->
        </step><!-- duration: 3500ms -->
      </step><!-- duration: 3594ms -->
      <step title="Cleaning up temp files" date="2026-01-23T16:44:44.677" /><!-- duration: 16ms -->
      <step title="Skip function trigger and logicapp sync because function is not enabled." date="2026-01-23T16:44:44.693" /><!-- duration: 0ms -->
    </step><!-- duration: 4047ms -->
    <step title="LockFile &apos;C:\home\site\locks\deployments.lock&apos; released" date="2026-01-23T16:44:44.708" /><!-- duration: 0ms -->
    <step title="Deleting shutdown sentinel file" date="2026-01-23T16:44:44.708" SemaphoreCount="8" /><!-- duration: 0ms -->
  </step><!-- duration: 4188ms -->
  <step title="Outgoing response" date="2026-01-23T16:44:44.740" type="response" statusCode="200" statusText="OK" Server="Microsoft-IIS/10.0" x-ms-request-id="cb979cdb-f87a-11f0-8b0f-8a09bd1642c0" Cache-Control="private" X-AspNet-Version="4.0.30319" /><!-- duration: 0ms -->
</step><!-- duration: 4500ms -->
