<step title="Incoming Request" date="2026-01-18T22:16:57.981" instance="79e06d" url="/api/publish?type=zip" method="POST" type="request" pid="17788,2,110" Cache-Control="no-cache" Content-Length="16227202" Content-Type="application/octet-stream" Accept="*/*" Accept-Encoding="gzip, deflate" Authorization="Bea..." Host="gofetch-api-adcnhwbqcsdsb0h3.scm.germanywestcentral-01.azurewebsites.net" User-Agent="AZURECLI/2.79.0 (MSI)" x-ms-client-request-id="658e4d2a-f4bb-11f0-ba78-d4a9ab8009b2" X-ARR-LOG-ID="658e4d2a-f4bb-11f0-ba78-d4a9ab8009b2" CLIENT-IP="83.139.66.94:58332" X-SITE-DEPLOYMENT-ID="gofetch-api" WAS-DEFAULT-HOSTNAME="gofetch-api-adcnhwbqcsdsb0h3.scm.germanywestcentral-01.azurewebsites.net" X-Forwarded-Proto="https" X-AppService-Proto="https" X-Forwarded-TlsVersion="1.3" X-WAWS-Unencoded-URL="/api/publish?type=zip" >
  <step title="Cleanup Xml Logs" date="2026-01-18T22:16:57.981" /><!-- duration: 16ms -->
  <step title="OneDeploy" date="2026-01-18T22:16:57.997" >
    <step title="Starting PushDeployAsync" date="2026-01-18T22:16:57.997" /><!-- duration: 0ms -->
    <step title="Updating shutdown sentinel last write time" date="2026-01-18T22:16:57.997" SemaphoreCount="7" /><!-- duration: 0ms -->
    <step title="LockFile &apos;C:\home\site\locks\deployments.lock&apos; acquired" date="2026-01-18T22:16:58.012" /><!-- duration: 0ms -->
    <step title="Saving request content to C:\local\Temp\zipdeploy\wa13ib2n.zip" date="2026-01-18T22:16:58.012" >
      <step title="Total 16,227,202 bytes written to C:\local\Temp\zipdeploy\wa13ib2n.zip" date="2026-01-18T22:16:59.450" /><!-- duration: 0ms -->
    </step><!-- duration: 1438ms -->
    <step title="LockFile &apos;C:\home\site\locks\deployments.lock&apos; released" date="2026-01-18T22:16:59.450" /><!-- duration: 0ms -->
    <step title="Deleting shutdown sentinel file" date="2026-01-18T22:16:59.450" SemaphoreCount="8" /><!-- duration: 0ms -->
    <step title="Starting FetchDeploy" date="2026-01-18T22:16:59.465" /><!-- duration: 0ms -->
    <step title="Attempting to fetch target branch HEAD" date="2026-01-18T22:16:59.465" /><!-- duration: 0ms -->
    <step title="Updating shutdown sentinel last write time" date="2026-01-18T22:16:59.465" SemaphoreCount="7" /><!-- duration: 0ms -->
    <step title="LockFile &apos;C:\home\site\locks\deployments.lock&apos; acquired" date="2026-01-18T22:16:59.465" /><!-- duration: 0ms -->
    <step title="Performing fetch based deployment" date="2026-01-18T22:16:59.465" >
      <step title="Creating temporary deployment" date="2026-01-18T22:16:59.481" /><!-- duration: 0ms -->
      <step title="Fetching changes." date="2026-01-18T22:16:59.497" /><!-- duration: 0ms -->
      <step title="Starting LocalZipHandler" date="2026-01-18T22:16:59.497" /><!-- duration: 0ms -->
      <step title="Starting LocalZipFetch" date="2026-01-18T22:16:59.497" /><!-- duration: 16ms -->
      <step title="Cleaning up temp folders from previous zip deployments and extracting pushed zip file C:\local\Temp\zipdeploy\wa13ib2n.zip (15.48 MB) to C:\local\Temp\zipdeploy\extracted" date="2026-01-18T22:16:59.512" /><!-- duration: 0ms -->
      <step title="Cleaning up temp folders from previous zip deployments and extracting pushed zip file C:\local\Temp\zipdeploy\wa13ib2n.zip (15.48 MB) to C:\local\Temp\zipdeploy\extracted" date="2026-01-18T22:16:59.512" >
        <step title="Renaming extractTargetDirectory(C:\local\Temp\zipdeploy\extracted) to tempDirectory(C:\local\Temp\zipdeploy\ajuhxkjl.vup)" date="2026-01-18T22:16:59.512" /><!-- duration: 0ms -->
        <step title="Extracting 231 entries to C:\local\Temp\zipdeploy\extracted directory" date="2026-01-18T22:16:59.512" >
          <step title="Extracting to C:\local\Temp\zipdeploy\extracted\latest\appsettings.Development.json ..." date="2026-01-18T22:16:59.528" /><!-- duration: 0ms -->
          <step title="Extracting to C:\local\Temp\zipdeploy\extracted\latest\appsettings.json ..." date="2026-01-18T22:16:59.528" /><!-- duration: 0ms -->
          <step title="Extracting to C:\local\Temp\zipdeploy\extracted\latest\Azure.Communication.Email.dll ..." date="2026-01-18T22:16:59.528" /><!-- duration: 0ms -->
          <step title="Extracting to C:\local\Temp\zipdeploy\extracted\latest\Azure.Core.dll ..." date="2026-01-18T22:16:59.528" /><!-- duration: 16ms -->
          <step title="Extracting to C:\local\Temp\zipdeploy\extracted\latest\Google.Apis.Auth.dll ..." date="2026-01-18T22:16:59.543" /><!-- duration: 0ms -->
          <step title="Omitting extracting file traces ..." date="2026-01-18T22:16:59.543" /><!-- duration: 16ms -->
        </step><!-- duration: 500ms -->
      </step><!-- duration: 500ms -->
      <step title="None repository commit" date="2026-01-18T22:17:00.012" >
        <step title="Commit id: 8be18793caaf40d89a112424d3772970" date="2026-01-18T22:17:00.012" Message="OneDeploy" AuthorName="N/A" AuthorEmail="N/A" /><!-- duration: 0ms -->
      </step><!-- duration: 0ms -->
      <step title="Before sending BuildRequestReceived status to /api/updatedeploystatus" date="2026-01-18T22:17:00.028" /><!-- duration: 0ms -->
      <step title="DeploymentManager.Deploy(id:8be18793caaf40d89a112424d3772970)" date="2026-01-18T22:17:00.028" >
        <step title="Collecting changeset information" date="2026-01-18T22:17:00.028" /><!-- duration: 16ms -->
        <step title="Updating submodules" date="2026-01-18T22:17:00.043" >
          <step title="Updating submodules." date="2026-01-18T22:17:00.059" /><!-- duration: 0ms -->
        </step><!-- duration: 16ms -->
        <step title="Preparing deployment for commit id &apos;8be18793ca&apos;." date="2026-01-18T22:17:00.075" /><!-- duration: 0ms -->
        <step title="Determining deployment builder" date="2026-01-18T22:17:00.090" >
          <step title="Builder is OneDeployBuilder" date="2026-01-18T22:17:00.090" /><!-- duration: 0ms -->
        </step><!-- duration: 0ms -->
        <step title="Copying SSH keys" date="2026-01-18T22:17:00.106" /><!-- duration: 0ms -->
        <step title="Building" date="2026-01-18T22:17:00.106" >
          <step title="Running build. Project type: OneDeploy" date="2026-01-18T22:17:00.122" /><!-- duration: 0ms -->
          <step title="Copying the manifest" date="2026-01-18T22:17:00.122" /><!-- duration: 16ms -->
          <step title="Clean deploying to C:\home\site\wwwroot" date="2026-01-18T22:17:00.153" /><!-- duration: 0ms -->
          <step title="Generating deployment script." date="2026-01-18T22:17:00.168" /><!-- duration: 0ms -->
          <step title="Generating deployment script" date="2026-01-18T22:17:00.168" >
            <step title="Using cached version of the deployment script for command: -y --no-dot-deployment -r &quot;C:\local\Temp\zipdeploy\extracted&quot; -o &quot;C:\home\site\deployments\tools&quot; --basic --sitePath &quot;C:\local\Temp\zipdeploy\extracted&quot;" date="2026-01-18T22:17:00.168" /><!-- duration: 16ms -->
            <step title="Using cached version of deployment script (command: &apos;azure -y --no-dot-deployment -r &quot;C:\local\Temp\zipdeploy\extracted&quot; -o &quot;C:\home\site\deployments\tools&quot; --basic --sitePath &quot;C:\local\Temp\zipdeploy\extracted&quot;&apos;)." date="2026-01-18T22:17:00.200" /><!-- duration: 0ms -->
          </step><!-- duration: 47ms -->
          <step title="Running deployment command..." date="2026-01-18T22:17:00.215" /><!-- duration: 16ms -->
          <step title="Command: &quot;C:\home\site\deployments\tools\deploy.cmd&quot;" date="2026-01-18T22:17:00.231" /><!-- duration: 0ms -->
          <step title="Executing external process" date="2026-01-18T22:17:00.231" type="process" path="starter.cmd" arguments="&quot;C:\home\site\deployments\tools\deploy.cmd&quot;" >
            <step title="Handling Basic Web Site deployment." date="2026-01-18T22:17:00.325" /><!-- duration: 0ms -->
            <step title="Creating app_offline.htm" date="2026-01-18T22:17:00.481" /><!-- duration: 0ms -->
            <step title="KuduSync.NET from: &apos;C:\local\Temp\zipdeploy\extracted&apos; to: &apos;C:\home\site\wwwroot&apos;" date="2026-01-18T22:17:00.481" /><!-- duration: 0ms -->
            <step title="Copying file: &apos;PawPal.Api.dll&apos;" date="2026-01-18T22:17:00.481" /><!-- duration: 0ms -->
            <step title="Copying file: &apos;PawPal.Api.exe&apos;" date="2026-01-18T22:17:00.497" /><!-- duration: 0ms -->
            <step title="Copying file: &apos;PawPal.Api.pdb&apos;" date="2026-01-18T22:17:00.512" /><!-- duration: 0ms -->
            <step title="Deleting app_offline.htm" date="2026-01-18T22:17:00.512" /><!-- duration: 0ms -->
            <step title="Finished successfully." date="2026-01-18T22:17:00.512" /><!-- duration: 0ms -->
          </step><!-- duration: 297ms -->
          <step title="Build completed succesfully." date="2026-01-18T22:17:00.528" /><!-- duration: 0ms -->
          <step title="Running post deployment command(s)..." date="2026-01-18T22:17:00.543" /><!-- duration: 0ms -->
          <step title="Requesting site restart" date="2026-01-18T22:17:00.559" /><!-- duration: 0ms -->
          <step title="Requesting site restart" date="2026-01-18T22:17:00.575" /><!-- duration: 0ms -->
          <step title="Requesting site restart. Attempt #1" date="2026-01-18T22:17:00.590" /><!-- duration: 0ms -->
          <step title="Requesting site restart. Attempt #1" date="2026-01-18T22:17:00.590" /><!-- duration: 0ms -->
          <step title="Successfully requested a restart. Attempt #1" date="2026-01-18T22:17:00.684" /><!-- duration: 0ms -->
          <step title="Successfully requested a restart. Attempt #1" date="2026-01-18T22:17:00.684" /><!-- duration: 0ms -->
          <step title="Deployment successful. DEPLOYMENTINFO: deploymentPath = OneDeploy, deployer = OneDeploy, os = windows, sku = Free, siteName = gofetch-api, siteHostName = gofetch-api-adcnhwbqcsdsb0h3.germanywestcentral-01.azurewebsites.net, deploymentStatus = Success" date="2026-01-18T22:17:00.700" /><!-- duration: 0ms -->
          <step title="Purge deployment items" date="2026-01-18T22:17:00.747" >
            <step title="Remove 562274c61, Success, received at 1/18/2026 8:46:39 PM" date="2026-01-18T22:17:00.762" /><!-- duration: 0ms -->
          </step><!-- duration: 16ms -->
        </step><!-- duration: 656ms -->
      </step><!-- duration: 734ms -->
      <step title="Cleaning up temp files" date="2026-01-18T22:17:00.778" /><!-- duration: 0ms -->
      <step title="Skip function trigger and logicapp sync because function is not enabled." date="2026-01-18T22:17:00.778" /><!-- duration: 0ms -->
    </step><!-- duration: 1328ms -->
    <step title="LockFile &apos;C:\home\site\locks\deployments.lock&apos; released" date="2026-01-18T22:17:00.793" /><!-- duration: 0ms -->
    <step title="Deleting shutdown sentinel file" date="2026-01-18T22:17:00.793" SemaphoreCount="8" /><!-- duration: 0ms -->
  </step><!-- duration: 2797ms -->
  <step title="Outgoing response" date="2026-01-18T22:17:00.793" type="response" statusCode="200" statusText="OK" Server="Microsoft-IIS/10.0" x-ms-request-id="658e4d2a-f4bb-11f0-ba78-d4a9ab8009b2" Cache-Control="private" X-AspNet-Version="4.0.30319" /><!-- duration: 0ms -->
</step><!-- duration: 2813ms -->
