<step title="Incoming Request" date="2026-01-22T21:27:13.616" instance="79e06d" url="/api/publish?type=zip" method="POST" type="request" pid="23932,2,8" Cache-Control="no-cache" Content-Length="16437774" Content-Type="application/octet-stream" Accept="*/*" Accept-Encoding="gzip, deflate" Authorization="Bea..." Host="gofetch-api-adcnhwbqcsdsb0h3.scm.germanywestcentral-01.azurewebsites.net" User-Agent="AZURECLI/2.79.0 (MSI)" x-ms-client-request-id="1acfab0e-f7d9-11f0-9969-c97850b2a9d9" X-ARR-LOG-ID="1acfab0e-f7d9-11f0-9969-c97850b2a9d9" CLIENT-IP="83.139.66.94:57529" X-SITE-DEPLOYMENT-ID="gofetch-api" WAS-DEFAULT-HOSTNAME="gofetch-api-adcnhwbqcsdsb0h3.scm.germanywestcentral-01.azurewebsites.net" X-Forwarded-Proto="https" X-AppService-Proto="https" X-Forwarded-TlsVersion="1.3" X-WAWS-Unencoded-URL="/api/publish?type=zip" >
  <step title="OneDeploy" date="2026-01-22T21:27:13.882" >
    <step title="Starting PushDeployAsync" date="2026-01-22T21:27:13.913" /><!-- duration: 0ms -->
    <step title="Updating shutdown sentinel last write time" date="2026-01-22T21:27:13.945" SemaphoreCount="7" /><!-- duration: 0ms -->
    <step title="LockFile &apos;C:\home\site\locks\deployments.lock&apos; acquired" date="2026-01-22T21:27:13.945" /><!-- duration: 0ms -->
    <step title="Saving request content to C:\local\Temp\zipdeploy\dxk0wmkf.zip" date="2026-01-22T21:27:13.945" >
      <step title="Total 16,437,774 bytes written to C:\local\Temp\zipdeploy\dxk0wmkf.zip" date="2026-01-22T21:27:14.538" /><!-- duration: 0ms -->
    </step><!-- duration: 609ms -->
    <step title="LockFile &apos;C:\home\site\locks\deployments.lock&apos; released" date="2026-01-22T21:27:14.554" /><!-- duration: 0ms -->
    <step title="Deleting shutdown sentinel file" date="2026-01-22T21:27:14.554" SemaphoreCount="8" /><!-- duration: 16ms -->
    <step title="Starting FetchDeploy" date="2026-01-22T21:27:14.570" /><!-- duration: 0ms -->
    <step title="Attempting to fetch target branch HEAD" date="2026-01-22T21:27:14.570" /><!-- duration: 0ms -->
    <step title="Updating shutdown sentinel last write time" date="2026-01-22T21:27:14.570" SemaphoreCount="7" /><!-- duration: 16ms -->
    <step title="LockFile &apos;C:\home\site\locks\deployments.lock&apos; acquired" date="2026-01-22T21:27:14.585" /><!-- duration: 0ms -->
    <step title="Performing fetch based deployment" date="2026-01-22T21:27:14.585" >
      <step title="Creating temporary deployment" date="2026-01-22T21:27:14.585" /><!-- duration: 31ms -->
      <step title="Fetching changes." date="2026-01-22T21:27:14.648" /><!-- duration: 16ms -->
      <step title="Starting LocalZipHandler" date="2026-01-22T21:27:14.663" /><!-- duration: 0ms -->
      <step title="Starting LocalZipFetch" date="2026-01-22T21:27:14.679" /><!-- duration: 0ms -->
      <step title="Cleaning up temp folders from previous zip deployments and extracting pushed zip file C:\local\Temp\zipdeploy\dxk0wmkf.zip (15.68 MB) to C:\local\Temp\zipdeploy\extracted" date="2026-01-22T21:27:14.679" /><!-- duration: 0ms -->
      <step title="Cleaning up temp folders from previous zip deployments and extracting pushed zip file C:\local\Temp\zipdeploy\dxk0wmkf.zip (15.68 MB) to C:\local\Temp\zipdeploy\extracted" date="2026-01-22T21:27:14.679" >
        <step title="Renaming extractTargetDirectory(C:\local\Temp\zipdeploy\extracted) to tempDirectory(C:\local\Temp\zipdeploy\hm2dhgjz.g4k)" date="2026-01-22T21:27:14.679" /><!-- duration: 0ms -->
        <step title="Extracting 256 entries to C:\local\Temp\zipdeploy\extracted directory" date="2026-01-22T21:27:14.695" >
          <step title="Extracting to C:\local\Temp\zipdeploy\extracted\latest\appsettings.Development.json ..." date="2026-01-22T21:27:14.695" /><!-- duration: 16ms -->
          <step title="Extracting to C:\local\Temp\zipdeploy\extracted\latest\appsettings.json ..." date="2026-01-22T21:27:14.710" /><!-- duration: 0ms -->
          <step title="Extracting to C:\local\Temp\zipdeploy\extracted\latest\Azure.Communication.Email.dll ..." date="2026-01-22T21:27:14.710" /><!-- duration: 16ms -->
          <step title="Extracting to C:\local\Temp\zipdeploy\extracted\latest\Azure.Core.dll ..." date="2026-01-22T21:27:14.726" /><!-- duration: 0ms -->
          <step title="Extracting to C:\local\Temp\zipdeploy\extracted\latest\Google.Apis.Auth.dll ..." date="2026-01-22T21:27:14.726" /><!-- duration: 16ms -->
          <step title="Omitting extracting file traces ..." date="2026-01-22T21:27:14.741" /><!-- duration: 0ms -->
        </step><!-- duration: 578ms -->
      </step><!-- duration: 594ms -->
      <step title="None repository commit" date="2026-01-22T21:27:15.273" >
        <step title="Commit id: 8d436d641e76462b97791561dff434e7" date="2026-01-22T21:27:15.273" Message="OneDeploy" AuthorName="N/A" AuthorEmail="N/A" /><!-- duration: 0ms -->
      </step><!-- duration: 0ms -->
      <step title="Before sending BuildRequestReceived status to /api/updatedeploystatus" date="2026-01-22T21:27:15.273" /><!-- duration: 0ms -->
      <step title="DeploymentManager.Deploy(id:8d436d641e76462b97791561dff434e7)" date="2026-01-22T21:27:15.288" >
        <step title="Collecting changeset information" date="2026-01-22T21:27:15.288" /><!-- duration: 16ms -->
        <step title="Updating submodules" date="2026-01-22T21:27:15.304" >
          <step title="Updating submodules." date="2026-01-22T21:27:15.320" /><!-- duration: 0ms -->
        </step><!-- duration: 16ms -->
        <step title="Preparing deployment for commit id &apos;8d436d641e&apos;." date="2026-01-22T21:27:15.351" /><!-- duration: 0ms -->
        <step title="Determining deployment builder" date="2026-01-22T21:27:15.366" >
          <step title="Builder is OneDeployBuilder" date="2026-01-22T21:27:15.366" /><!-- duration: 0ms -->
        </step><!-- duration: 0ms -->
        <step title="Copying SSH keys" date="2026-01-22T21:27:15.366" /><!-- duration: 16ms -->
        <step title="Building" date="2026-01-22T21:27:15.382" >
          <step title="Running build. Project type: OneDeploy" date="2026-01-22T21:27:15.398" /><!-- duration: 0ms -->
          <step title="Copying the manifest" date="2026-01-22T21:27:15.413" /><!-- duration: 0ms -->
          <step title="Clean deploying to C:\home\site\wwwroot" date="2026-01-22T21:27:15.429" /><!-- duration: 0ms -->
          <step title="Generating deployment script." date="2026-01-22T21:27:15.445" /><!-- duration: 0ms -->
          <step title="Generating deployment script" date="2026-01-22T21:27:15.460" >
            <step title="Using cached version of the deployment script for command: -y --no-dot-deployment -r &quot;C:\local\Temp\zipdeploy\extracted&quot; -o &quot;C:\home\site\deployments\tools&quot; --basic --sitePath &quot;C:\local\Temp\zipdeploy\extracted&quot;" date="2026-01-22T21:27:15.491" /><!-- duration: 0ms -->
            <step title="Using cached version of deployment script (command: &apos;azure -y --no-dot-deployment -r &quot;C:\local\Temp\zipdeploy\extracted&quot; -o &quot;C:\home\site\deployments\tools&quot; --basic --sitePath &quot;C:\local\Temp\zipdeploy\extracted&quot;&apos;)." date="2026-01-22T21:27:15.507" /><!-- duration: 16ms -->
          </step><!-- duration: 62ms -->
          <step title="Running deployment command..." date="2026-01-22T21:27:15.554" /><!-- duration: 0ms -->
          <step title="Command: &quot;C:\home\site\deployments\tools\deploy.cmd&quot;" date="2026-01-22T21:27:15.554" /><!-- duration: 0ms -->
          <step title="Executing external process" date="2026-01-22T21:27:15.570" type="process" path="starter.cmd" arguments="&quot;C:\home\site\deployments\tools\deploy.cmd&quot;" >
            <step title="Handling Basic Web Site deployment." date="2026-01-22T21:27:15.679" /><!-- duration: 0ms -->
            <step title="Creating app_offline.htm" date="2026-01-22T21:27:15.882" /><!-- duration: 0ms -->
            <step title="KuduSync.NET from: &apos;C:\local\Temp\zipdeploy\extracted&apos; to: &apos;C:\home\site\wwwroot&apos;" date="2026-01-22T21:27:15.882" /><!-- duration: 0ms -->
            <step title="Copying file: &apos;PawPal.Api.dll&apos;" date="2026-01-22T21:27:15.898" /><!-- duration: 0ms -->
            <step title="Copying file: &apos;PawPal.Api.exe&apos;" date="2026-01-22T21:27:15.898" /><!-- duration: 0ms -->
            <step title="Copying file: &apos;PawPal.Api.pdb&apos;" date="2026-01-22T21:27:15.913" /><!-- duration: 0ms -->
            <step title="Copying file: &apos;publish.zip&apos;" date="2026-01-22T21:27:15.929" /><!-- duration: 0ms -->
            <step title="Copying file: &apos;latest\appsettings.Development.json&apos;" date="2026-01-22T21:27:15.945" /><!-- duration: 0ms -->
            <step title="Copying file: &apos;latest\appsettings.json&apos;" date="2026-01-22T21:27:15.945" /><!-- duration: 0ms -->
            <step title="Copying file: &apos;latest\Azure.Communication.Email.dll&apos;" date="2026-01-22T21:27:15.960" /><!-- duration: 0ms -->
            <step title="Copying file: &apos;latest\Azure.Core.dll&apos;" date="2026-01-22T21:27:15.960" /><!-- duration: 0ms -->
            <step title="Copying file: &apos;latest\Google.Apis.Auth.dll&apos;" date="2026-01-22T21:27:15.976" /><!-- duration: 0ms -->
            <step title="Copying file: &apos;latest\Google.Apis.Core.dll&apos;" date="2026-01-22T21:27:15.976" /><!-- duration: 0ms -->
            <step title="Copying file: &apos;latest\Google.Apis.dll&apos;" date="2026-01-22T21:27:15.976" /><!-- duration: 0ms -->
            <step title="Copying file: &apos;latest\Microsoft.AspNetCore.Authentication.JwtBearer.dll&apos;" date="2026-01-22T21:27:15.991" /><!-- duration: 0ms -->
            <step title="Copying file: &apos;latest\Microsoft.AspNetCore.OpenApi.dll&apos;" date="2026-01-22T21:27:15.991" /><!-- duration: 0ms -->
            <step title="Copying file: &apos;latest\Microsoft.Bcl.AsyncInterfaces.dll&apos;" date="2026-01-22T21:27:16.007" /><!-- duration: 0ms -->
            <step title="Copying file: &apos;latest\Microsoft.EntityFrameworkCore.Abstractions.dll&apos;" date="2026-01-22T21:27:16.007" /><!-- duration: 0ms -->
            <step title="Copying file: &apos;latest\Microsoft.EntityFrameworkCore.dll&apos;" date="2026-01-22T21:27:16.007" /><!-- duration: 0ms -->
            <step title="Copying file: &apos;latest\Microsoft.EntityFrameworkCore.Relational.dll&apos;" date="2026-01-22T21:27:16.023" /><!-- duration: 0ms -->
            <step title="Copying file: &apos;latest\Microsoft.Extensions.Caching.Abstractions.dll&apos;" date="2026-01-22T21:27:16.023" /><!-- duration: 0ms -->
            <step title="Copying file: &apos;latest\Microsoft.Extensions.Caching.Memory.dll&apos;" date="2026-01-22T21:27:16.038" /><!-- duration: 0ms -->
            <step title="Copying file: &apos;latest\Microsoft.Extensions.Configuration.Abstractions.dll&apos;" date="2026-01-22T21:27:16.038" /><!-- duration: 0ms -->
            <step title="Copying file: &apos;latest\Microsoft.Extensions.DependencyInjection.Abstractions.dll&apos;" date="2026-01-22T21:27:16.054" /><!-- duration: 0ms -->
            <step title="Copying file: &apos;latest\Microsoft.Extensions.DependencyInjection.dll&apos;" date="2026-01-22T21:27:16.054" /><!-- duration: 0ms -->
            <step title="Copying file: &apos;latest\Microsoft.Extensions.Logging.Abstractions.dll&apos;" date="2026-01-22T21:27:16.070" /><!-- duration: 0ms -->
            <step title="Copying file: &apos;latest\Microsoft.Extensions.Logging.dll&apos;" date="2026-01-22T21:27:16.070" /><!-- duration: 0ms -->
            <step title="Copying file: &apos;latest\Microsoft.Extensions.Options.dll&apos;" date="2026-01-22T21:27:16.070" /><!-- duration: 16ms -->
            <step title="Copying file: &apos;latest\Microsoft.Extensions.Primitives.dll&apos;" date="2026-01-22T21:27:16.085" /><!-- duration: 0ms -->
            <step title="Copying file: &apos;latest\Microsoft.IdentityModel.Abstractions.dll&apos;" date="2026-01-22T21:27:16.085" /><!-- duration: 0ms -->
            <step title="Copying file: &apos;latest\Microsoft.IdentityModel.JsonWebTokens.dll&apos;" date="2026-01-22T21:27:16.085" /><!-- duration: 0ms -->
            <step title="Copying file: &apos;latest\Microsoft.IdentityModel.Logging.dll&apos;" date="2026-01-22T21:27:16.101" /><!-- duration: 0ms -->
            <step title="Copying file: &apos;latest\Microsoft.IdentityModel.Protocols.dll&apos;" date="2026-01-22T21:27:16.101" /><!-- duration: 0ms -->
            <step title="Copying file: &apos;latest\Microsoft.IdentityModel.Protocols.OpenIdConnect.dll&apos;" date="2026-01-22T21:27:16.101" /><!-- duration: 16ms -->
            <step title="Copying file: &apos;latest\Microsoft.IdentityModel.Tokens.dll&apos;" date="2026-01-22T21:27:16.116" /><!-- duration: 0ms -->
            <step title="Copying file: &apos;latest\Microsoft.IO.RecyclableMemoryStream.dll&apos;" date="2026-01-22T21:27:16.116" /><!-- duration: 0ms -->
            <step title="Copying file: &apos;latest\Microsoft.OpenApi.dll&apos;" date="2026-01-22T21:27:16.132" /><!-- duration: 0ms -->
            <step title="Copying file: &apos;latest\MimeMapping.dll&apos;" date="2026-01-22T21:27:16.195" /><!-- duration: 0ms -->
            <step title="Copying file: &apos;latest\Newtonsoft.Json.dll&apos;" date="2026-01-22T21:27:16.195" /><!-- duration: 0ms -->
            <step title="Copying file: &apos;latest\Npgsql.dll&apos;" date="2026-01-22T21:27:16.210" /><!-- duration: 0ms -->
            <step title="Copying file: &apos;latest\Npgsql.EntityFrameworkCore.PostgreSQL.dll&apos;" date="2026-01-22T21:27:16.210" /><!-- duration: 0ms -->
            <step title="Copying file: &apos;latest\PawPal.Api.deps.json&apos;" date="2026-01-22T21:27:16.210" /><!-- duration: 0ms -->
            <step title="Copying file: &apos;latest\PawPal.Api.dll&apos;" date="2026-01-22T21:27:16.226" /><!-- duration: 0ms -->
            <step title="Copying file: &apos;latest\PawPal.Api.exe&apos;" date="2026-01-22T21:27:16.226" /><!-- duration: 0ms -->
            <step title="Copying file: &apos;latest\PawPal.Api.pdb&apos;" date="2026-01-22T21:27:16.226" /><!-- duration: 0ms -->
            <step title="Copying file: &apos;latest\PawPal.Api.runtimeconfig.json&apos;" date="2026-01-22T21:27:16.241" /><!-- duration: 0ms -->
            <step title="Copying file: &apos;latest\PawPal.Api.staticwebassets.endpoints.json&apos;" date="2026-01-22T21:27:16.241" /><!-- duration: 0ms -->
            <step title="Copying file: &apos;latest\Supabase.Core.dll&apos;" date="2026-01-22T21:27:16.257" /><!-- duration: 0ms -->
            <step title="Copying file: &apos;latest\Supabase.dll&apos;" date="2026-01-22T21:27:16.257" /><!-- duration: 0ms -->
            <step title="Copying file: &apos;latest\Supabase.Functions.dll&apos;" date="2026-01-22T21:27:16.257" /><!-- duration: 0ms -->
            <step title="Copying file: &apos;latest\Supabase.Gotrue.dll&apos;" date="2026-01-22T21:27:16.273" /><!-- duration: 0ms -->
            <step title="Omitting next output lines..." date="2026-01-22T21:27:16.273" /><!-- duration: 0ms -->
            <step title="Finished successfully." date="2026-01-22T21:27:18.773" /><!-- duration: 0ms -->
          </step><!-- duration: 3203ms -->
          <step title="Build completed succesfully." date="2026-01-22T21:27:18.788" /><!-- duration: 0ms -->
          <step title="Running post deployment command(s)..." date="2026-01-22T21:27:18.804" /><!-- duration: 0ms -->
          <step title="Requesting site restart" date="2026-01-22T21:27:18.835" /><!-- duration: 0ms -->
          <step title="Requesting site restart" date="2026-01-22T21:27:18.835" /><!-- duration: 0ms -->
          <step title="Requesting site restart. Attempt #1" date="2026-01-22T21:27:18.866" /><!-- duration: 0ms -->
          <step title="Requesting site restart. Attempt #1" date="2026-01-22T21:27:18.882" /><!-- duration: 0ms -->
          <step title="Successfully requested a restart. Attempt #1" date="2026-01-22T21:27:19.179" /><!-- duration: 0ms -->
          <step title="Successfully requested a restart. Attempt #1" date="2026-01-22T21:27:19.179" /><!-- duration: 0ms -->
          <step title="Deployment successful. DEPLOYMENTINFO: deploymentPath = OneDeploy, deployer = OneDeploy, os = windows, sku = Free, siteName = gofetch-api, siteHostName = gofetch-api-adcnhwbqcsdsb0h3.germanywestcentral-01.azurewebsites.net, deploymentStatus = Success" date="2026-01-22T21:27:19.195" /><!-- duration: 0ms -->
          <step title="Purge deployment items" date="2026-01-22T21:27:19.273" >
            <step title="Remove 8d030d490, Success, received at 1/18/2026 11:01:06 PM" date="2026-01-22T21:27:19.288" /><!-- duration: 0ms -->
          </step><!-- duration: 31ms -->
        </step><!-- duration: 3922ms -->
      </step><!-- duration: 4016ms -->
      <step title="Cleaning up temp files" date="2026-01-22T21:27:19.304" /><!-- duration: 0ms -->
      <step title="Skip function trigger and logicapp sync because function is not enabled." date="2026-01-22T21:27:19.320" /><!-- duration: 0ms -->
    </step><!-- duration: 4750ms -->
    <step title="LockFile &apos;C:\home\site\locks\deployments.lock&apos; released" date="2026-01-22T21:27:19.335" /><!-- duration: 0ms -->
    <step title="Deleting shutdown sentinel file" date="2026-01-22T21:27:19.335" SemaphoreCount="8" /><!-- duration: 0ms -->
  </step><!-- duration: 5453ms -->
  <step title="Outgoing response" date="2026-01-22T21:27:19.366" type="response" statusCode="200" statusText="OK" Server="Microsoft-IIS/10.0" x-ms-request-id="1acfab0e-f7d9-11f0-9969-c97850b2a9d9" Cache-Control="private" X-AspNet-Version="4.0.30319" /><!-- duration: 0ms -->
</step><!-- duration: 5766ms -->
