<step title="Incoming Request" date="2026-01-22T20:33:39.239" instance="79e06d" url="/api/publish?type=zip" method="POST" type="request" pid="20156,2,74" Cache-Control="no-cache" Content-Length="6100233" Content-Type="application/octet-stream" Accept="*/*" Accept-Encoding="gzip, deflate" Authorization="Bea..." Host="gofetch-api-adcnhwbqcsdsb0h3.scm.germanywestcentral-01.azurewebsites.net" User-Agent="AZURECLI/2.79.0 (MSI)" x-ms-client-request-id="9fe1dc5c-f7d1-11f0-8118-c97850b2a9d9" X-ARR-LOG-ID="9fe1dc5c-f7d1-11f0-8118-c97850b2a9d9" CLIENT-IP="83.139.66.94:62344" X-SITE-DEPLOYMENT-ID="gofetch-api" WAS-DEFAULT-HOSTNAME="gofetch-api-adcnhwbqcsdsb0h3.scm.germanywestcentral-01.azurewebsites.net" X-Forwarded-Proto="https" X-AppService-Proto="https" X-Forwarded-TlsVersion="1.3" X-WAWS-Unencoded-URL="/api/publish?type=zip" >
  <step title="Cleanup Xml Logs" date="2026-01-22T20:33:39.239" /><!-- duration: 16ms -->
  <step title="OneDeploy" date="2026-01-22T20:33:39.254" >
    <step title="Starting PushDeployAsync" date="2026-01-22T20:33:39.254" /><!-- duration: 0ms -->
    <step title="Updating shutdown sentinel last write time" date="2026-01-22T20:33:39.270" SemaphoreCount="7" /><!-- duration: 0ms -->
    <step title="LockFile &apos;C:\home\site\locks\deployments.lock&apos; acquired" date="2026-01-22T20:33:39.270" /><!-- duration: 0ms -->
    <step title="Saving request content to C:\local\Temp\zipdeploy\erdhjeco.zip" date="2026-01-22T20:33:39.270" >
      <step title="Total 6,100,233 bytes written to C:\local\Temp\zipdeploy\erdhjeco.zip" date="2026-01-22T20:33:39.364" /><!-- duration: 0ms -->
    </step><!-- duration: 94ms -->
    <step title="LockFile &apos;C:\home\site\locks\deployments.lock&apos; released" date="2026-01-22T20:33:39.379" /><!-- duration: 0ms -->
    <step title="Deleting shutdown sentinel file" date="2026-01-22T20:33:39.379" SemaphoreCount="8" /><!-- duration: 0ms -->
    <step title="Starting FetchDeploy" date="2026-01-22T20:33:39.379" /><!-- duration: 0ms -->
    <step title="Attempting to fetch target branch HEAD" date="2026-01-22T20:33:39.379" /><!-- duration: 0ms -->
    <step title="Updating shutdown sentinel last write time" date="2026-01-22T20:33:39.379" SemaphoreCount="7" /><!-- duration: 16ms -->
    <step title="LockFile &apos;C:\home\site\locks\deployments.lock&apos; acquired" date="2026-01-22T20:33:39.395" /><!-- duration: 0ms -->
    <step title="Performing fetch based deployment" date="2026-01-22T20:33:39.395" >
      <step title="Creating temporary deployment" date="2026-01-22T20:33:39.395" /><!-- duration: 16ms -->
      <step title="Fetching changes." date="2026-01-22T20:33:39.426" /><!-- duration: 0ms -->
      <step title="Starting LocalZipHandler" date="2026-01-22T20:33:39.426" /><!-- duration: 0ms -->
      <step title="Starting LocalZipFetch" date="2026-01-22T20:33:39.426" /><!-- duration: 0ms -->
      <step title="Cleaning up temp folders from previous zip deployments and extracting pushed zip file C:\local\Temp\zipdeploy\erdhjeco.zip (5.82 MB) to C:\local\Temp\zipdeploy\extracted" date="2026-01-22T20:33:39.426" /><!-- duration: 16ms -->
      <step title="Cleaning up temp folders from previous zip deployments and extracting pushed zip file C:\local\Temp\zipdeploy\erdhjeco.zip (5.82 MB) to C:\local\Temp\zipdeploy\extracted" date="2026-01-22T20:33:39.442" >
        <step title="Renaming extractTargetDirectory(C:\local\Temp\zipdeploy\extracted) to tempDirectory(C:\local\Temp\zipdeploy\wq3qfzqa.nsx)" date="2026-01-22T20:33:39.442" /><!-- duration: 0ms -->
        <step title="Extracting 152 entries to C:\local\Temp\zipdeploy\extracted directory" date="2026-01-22T20:33:39.442" >
          <step title="Extracting to C:\local\Temp\zipdeploy\extracted\publish\appsettings.Development.json ..." date="2026-01-22T20:33:39.442" /><!-- duration: 0ms -->
          <step title="Extracting to C:\local\Temp\zipdeploy\extracted\publish\appsettings.json ..." date="2026-01-22T20:33:39.457" /><!-- duration: 0ms -->
          <step title="Extracting to C:\local\Temp\zipdeploy\extracted\publish\PawPal.Api.deps.json ..." date="2026-01-22T20:33:39.457" /><!-- duration: 0ms -->
          <step title="Extracting to C:\local\Temp\zipdeploy\extracted\publish\PawPal.Api.runtimeconfig.json ..." date="2026-01-22T20:33:39.457" /><!-- duration: 0ms -->
          <step title="Extracting to C:\local\Temp\zipdeploy\extracted\publish\PawPal.Api.staticwebassets.endpoints.json ..." date="2026-01-22T20:33:39.457" /><!-- duration: 0ms -->
          <step title="Omitting extracting file traces ..." date="2026-01-22T20:33:39.457" /><!-- duration: 16ms -->
          <step title="Extracting to C:\local\Temp\zipdeploy\extracted\System.Reactive.dll ..." date="2026-01-22T20:33:39.707" /><!-- duration: 16ms -->
          <step title="Extracting to C:\local\Temp\zipdeploy\extracted\web.config ..." date="2026-01-22T20:33:39.723" /><!-- duration: 0ms -->
          <step title="Extracting to C:\local\Temp\zipdeploy\extracted\Websocket.Client.dll ..." date="2026-01-22T20:33:39.723" /><!-- duration: 0ms -->
        </step><!-- duration: 297ms -->
      </step><!-- duration: 297ms -->
      <step title="None repository commit" date="2026-01-22T20:33:39.739" >
        <step title="Commit id: 498a87e6dfcd45cb82f7bfd26680d339" date="2026-01-22T20:33:39.739" Message="OneDeploy" AuthorName="N/A" AuthorEmail="N/A" /><!-- duration: 0ms -->
      </step><!-- duration: 0ms -->
      <step title="Before sending BuildRequestReceived status to /api/updatedeploystatus" date="2026-01-22T20:33:39.739" /><!-- duration: 0ms -->
      <step title="DeploymentManager.Deploy(id:498a87e6dfcd45cb82f7bfd26680d339)" date="2026-01-22T20:33:39.739" >
        <step title="Collecting changeset information" date="2026-01-22T20:33:39.739" /><!-- duration: 16ms -->
        <step title="Updating submodules" date="2026-01-22T20:33:39.754" >
          <step title="Updating submodules." date="2026-01-22T20:33:39.770" /><!-- duration: 16ms -->
        </step><!-- duration: 31ms -->
        <step title="Preparing deployment for commit id &apos;498a87e6df&apos;." date="2026-01-22T20:33:39.801" /><!-- duration: 0ms -->
        <step title="Determining deployment builder" date="2026-01-22T20:33:39.817" >
          <step title="Builder is OneDeployBuilder" date="2026-01-22T20:33:39.817" /><!-- duration: 0ms -->
        </step><!-- duration: 0ms -->
        <step title="Copying SSH keys" date="2026-01-22T20:33:39.817" /><!-- duration: 16ms -->
        <step title="Building" date="2026-01-22T20:33:39.832" >
          <step title="Running build. Project type: OneDeploy" date="2026-01-22T20:33:39.848" /><!-- duration: 0ms -->
          <step title="Copying the manifest" date="2026-01-22T20:33:39.864" /><!-- duration: 0ms -->
          <step title="Clean deploying to C:\home\site\wwwroot" date="2026-01-22T20:33:39.911" /><!-- duration: 0ms -->
          <step title="Generating deployment script." date="2026-01-22T20:33:39.926" /><!-- duration: 0ms -->
          <step title="Generating deployment script" date="2026-01-22T20:33:39.926" >
            <step title="Using cached version of the deployment script for command: -y --no-dot-deployment -r &quot;C:\local\Temp\zipdeploy\extracted&quot; -o &quot;C:\home\site\deployments\tools&quot; --basic --sitePath &quot;C:\local\Temp\zipdeploy\extracted&quot;" date="2026-01-22T20:33:39.942" /><!-- duration: 0ms -->
            <step title="Using cached version of deployment script (command: &apos;azure -y --no-dot-deployment -r &quot;C:\local\Temp\zipdeploy\extracted&quot; -o &quot;C:\home\site\deployments\tools&quot; --basic --sitePath &quot;C:\local\Temp\zipdeploy\extracted&quot;&apos;)." date="2026-01-22T20:33:39.958" /><!-- duration: 0ms -->
          </step><!-- duration: 47ms -->
          <step title="Running deployment command..." date="2026-01-22T20:33:39.989" /><!-- duration: 0ms -->
          <step title="Command: &quot;C:\home\site\deployments\tools\deploy.cmd&quot;" date="2026-01-22T20:33:39.989" /><!-- duration: 0ms -->
          <step title="Executing external process" date="2026-01-22T20:33:39.989" type="process" path="starter.cmd" arguments="&quot;C:\home\site\deployments\tools\deploy.cmd&quot;" >
            <step title="Handling Basic Web Site deployment." date="2026-01-22T20:33:40.098" /><!-- duration: 0ms -->
            <step title="Creating app_offline.htm" date="2026-01-22T20:33:40.192" /><!-- duration: 0ms -->
            <step title="KuduSync.NET from: &apos;C:\local\Temp\zipdeploy\extracted&apos; to: &apos;C:\home\site\wwwroot&apos;" date="2026-01-22T20:33:40.192" /><!-- duration: 0ms -->
            <step title="Deleting file: &apos;latest\appsettings.Development.json&apos;" date="2026-01-22T20:33:40.208" /><!-- duration: 0ms -->
            <step title="Deleting file: &apos;latest\appsettings.json&apos;" date="2026-01-22T20:33:40.208" /><!-- duration: 0ms -->
            <step title="Deleting file: &apos;latest\Azure.Communication.Email.dll&apos;" date="2026-01-22T20:33:40.208" /><!-- duration: 0ms -->
            <step title="Deleting file: &apos;latest\Azure.Core.dll&apos;" date="2026-01-22T20:33:40.223" /><!-- duration: 0ms -->
            <step title="Deleting file: &apos;latest\Google.Apis.Auth.dll&apos;" date="2026-01-22T20:33:40.223" /><!-- duration: 0ms -->
            <step title="Deleting file: &apos;latest\Google.Apis.Core.dll&apos;" date="2026-01-22T20:33:40.239" /><!-- duration: 0ms -->
            <step title="Deleting file: &apos;latest\Google.Apis.dll&apos;" date="2026-01-22T20:33:40.239" /><!-- duration: 0ms -->
            <step title="Deleting file: &apos;latest\Microsoft.AspNetCore.Authentication.JwtBearer.dll&apos;" date="2026-01-22T20:33:40.239" /><!-- duration: 0ms -->
            <step title="Deleting file: &apos;latest\Microsoft.AspNetCore.OpenApi.dll&apos;" date="2026-01-22T20:33:40.255" /><!-- duration: 0ms -->
            <step title="Deleting file: &apos;latest\Microsoft.Bcl.AsyncInterfaces.dll&apos;" date="2026-01-22T20:33:40.255" /><!-- duration: 0ms -->
            <step title="Deleting file: &apos;latest\Microsoft.EntityFrameworkCore.Abstractions.dll&apos;" date="2026-01-22T20:33:40.255" /><!-- duration: 16ms -->
            <step title="Deleting file: &apos;latest\Microsoft.EntityFrameworkCore.dll&apos;" date="2026-01-22T20:33:40.270" /><!-- duration: 0ms -->
            <step title="Deleting file: &apos;latest\Microsoft.EntityFrameworkCore.Relational.dll&apos;" date="2026-01-22T20:33:40.270" /><!-- duration: 0ms -->
            <step title="Deleting file: &apos;latest\Microsoft.Extensions.Caching.Abstractions.dll&apos;" date="2026-01-22T20:33:40.270" /><!-- duration: 16ms -->
            <step title="Deleting file: &apos;latest\Microsoft.Extensions.Caching.Memory.dll&apos;" date="2026-01-22T20:33:40.286" /><!-- duration: 0ms -->
            <step title="Deleting file: &apos;latest\Microsoft.Extensions.Configuration.Abstractions.dll&apos;" date="2026-01-22T20:33:40.286" /><!-- duration: 0ms -->
            <step title="Deleting file: &apos;latest\Microsoft.Extensions.DependencyInjection.Abstractions.dll&apos;" date="2026-01-22T20:33:40.301" /><!-- duration: 0ms -->
            <step title="Deleting file: &apos;latest\Microsoft.Extensions.DependencyInjection.dll&apos;" date="2026-01-22T20:33:40.301" /><!-- duration: 0ms -->
            <step title="Deleting file: &apos;latest\Microsoft.Extensions.Logging.Abstractions.dll&apos;" date="2026-01-22T20:33:40.301" /><!-- duration: 0ms -->
            <step title="Deleting file: &apos;latest\Microsoft.Extensions.Logging.dll&apos;" date="2026-01-22T20:33:40.317" /><!-- duration: 0ms -->
            <step title="Deleting file: &apos;latest\Microsoft.Extensions.Options.dll&apos;" date="2026-01-22T20:33:40.364" /><!-- duration: 16ms -->
            <step title="Deleting file: &apos;latest\Microsoft.Extensions.Primitives.dll&apos;" date="2026-01-22T20:33:40.380" /><!-- duration: 0ms -->
            <step title="Deleting file: &apos;latest\Microsoft.IdentityModel.Abstractions.dll&apos;" date="2026-01-22T20:33:40.380" /><!-- duration: 0ms -->
            <step title="Deleting file: &apos;latest\Microsoft.IdentityModel.JsonWebTokens.dll&apos;" date="2026-01-22T20:33:40.395" /><!-- duration: 0ms -->
            <step title="Deleting file: &apos;latest\Microsoft.IdentityModel.Logging.dll&apos;" date="2026-01-22T20:33:40.395" /><!-- duration: 0ms -->
            <step title="Deleting file: &apos;latest\Microsoft.IdentityModel.Protocols.dll&apos;" date="2026-01-22T20:33:40.411" /><!-- duration: 0ms -->
            <step title="Deleting file: &apos;latest\Microsoft.IdentityModel.Protocols.OpenIdConnect.dll&apos;" date="2026-01-22T20:33:40.411" /><!-- duration: 0ms -->
            <step title="Deleting file: &apos;latest\Microsoft.IdentityModel.Tokens.dll&apos;" date="2026-01-22T20:33:40.411" /><!-- duration: 0ms -->
            <step title="Deleting file: &apos;latest\Microsoft.IO.RecyclableMemoryStream.dll&apos;" date="2026-01-22T20:33:40.426" /><!-- duration: 0ms -->
            <step title="Deleting file: &apos;latest\Microsoft.OpenApi.dll&apos;" date="2026-01-22T20:33:40.426" /><!-- duration: 0ms -->
            <step title="Deleting file: &apos;latest\MimeMapping.dll&apos;" date="2026-01-22T20:33:40.426" /><!-- duration: 0ms -->
            <step title="Deleting file: &apos;latest\Newtonsoft.Json.dll&apos;" date="2026-01-22T20:33:40.442" /><!-- duration: 0ms -->
            <step title="Deleting file: &apos;latest\Npgsql.dll&apos;" date="2026-01-22T20:33:40.442" /><!-- duration: 0ms -->
            <step title="Deleting file: &apos;latest\Npgsql.EntityFrameworkCore.PostgreSQL.dll&apos;" date="2026-01-22T20:33:40.473" /><!-- duration: 0ms -->
            <step title="Deleting file: &apos;latest\PawPal.Api.deps.json&apos;" date="2026-01-22T20:33:40.473" /><!-- duration: 0ms -->
            <step title="Deleting file: &apos;latest\PawPal.Api.dll&apos;" date="2026-01-22T20:33:40.489" /><!-- duration: 0ms -->
            <step title="Deleting file: &apos;latest\PawPal.Api.exe&apos;" date="2026-01-22T20:33:40.489" /><!-- duration: 0ms -->
            <step title="Deleting file: &apos;latest\PawPal.Api.pdb&apos;" date="2026-01-22T20:33:40.489" /><!-- duration: 16ms -->
            <step title="Deleting file: &apos;latest\PawPal.Api.runtimeconfig.json&apos;" date="2026-01-22T20:33:40.505" /><!-- duration: 0ms -->
            <step title="Deleting file: &apos;latest\PawPal.Api.staticwebassets.endpoints.json&apos;" date="2026-01-22T20:33:40.505" /><!-- duration: 0ms -->
            <step title="Deleting file: &apos;latest\Supabase.Core.dll&apos;" date="2026-01-22T20:33:40.520" /><!-- duration: 0ms -->
            <step title="Deleting file: &apos;latest\Supabase.dll&apos;" date="2026-01-22T20:33:40.520" /><!-- duration: 0ms -->
            <step title="Deleting file: &apos;latest\Supabase.Functions.dll&apos;" date="2026-01-22T20:33:40.520" /><!-- duration: 0ms -->
            <step title="Deleting file: &apos;latest\Supabase.Gotrue.dll&apos;" date="2026-01-22T20:33:40.536" /><!-- duration: 0ms -->
            <step title="Deleting file: &apos;latest\Supabase.Postgrest.dll&apos;" date="2026-01-22T20:33:40.551" /><!-- duration: 0ms -->
            <step title="Deleting file: &apos;latest\Supabase.Realtime.dll&apos;" date="2026-01-22T20:33:40.551" /><!-- duration: 0ms -->
            <step title="Deleting file: &apos;latest\Supabase.Storage.dll&apos;" date="2026-01-22T20:33:40.551" /><!-- duration: 0ms -->
            <step title="Deleting file: &apos;latest\Swashbuckle.AspNetCore.Swagger.dll&apos;" date="2026-01-22T20:33:40.567" /><!-- duration: 0ms -->
            <step title="Omitting next output lines..." date="2026-01-22T20:33:40.567" /><!-- duration: 0ms -->
            <step title="Finished successfully." date="2026-01-22T20:33:42.567" /><!-- duration: 0ms -->
          </step><!-- duration: 2578ms -->
          <step title="Build completed succesfully." date="2026-01-22T20:33:42.583" /><!-- duration: 0ms -->
          <step title="Running post deployment command(s)..." date="2026-01-22T20:33:42.598" /><!-- duration: 0ms -->
          <step title="Requesting site restart" date="2026-01-22T20:33:42.614" /><!-- duration: 0ms -->
          <step title="Requesting site restart" date="2026-01-22T20:33:42.614" /><!-- duration: 0ms -->
          <step title="Requesting site restart. Attempt #1" date="2026-01-22T20:33:42.630" /><!-- duration: 0ms -->
          <step title="Requesting site restart. Attempt #1" date="2026-01-22T20:33:42.630" /><!-- duration: 16ms -->
          <step title="Successfully requested a restart. Attempt #1" date="2026-01-22T20:33:42.708" /><!-- duration: 0ms -->
          <step title="Successfully requested a restart. Attempt #1" date="2026-01-22T20:33:42.708" /><!-- duration: 0ms -->
          <step title="Deployment successful. DEPLOYMENTINFO: deploymentPath = OneDeploy, deployer = OneDeploy, os = windows, sku = Free, siteName = gofetch-api, siteHostName = gofetch-api-adcnhwbqcsdsb0h3.germanywestcentral-01.azurewebsites.net, deploymentStatus = Success" date="2026-01-22T20:33:42.723" /><!-- duration: 0ms -->
          <step title="Purge deployment items" date="2026-01-22T20:33:42.770" >
            <step title="Remove 636ca3ab6, Success, received at 1/18/2026 10:33:57 PM" date="2026-01-22T20:33:42.786" /><!-- duration: 0ms -->
          </step><!-- duration: 16ms -->
        </step><!-- duration: 2969ms -->
      </step><!-- duration: 3063ms -->
      <step title="Cleaning up temp files" date="2026-01-22T20:33:42.801" /><!-- duration: 0ms -->
      <step title="Skip function trigger and logicapp sync because function is not enabled." date="2026-01-22T20:33:42.801" /><!-- duration: 0ms -->
    </step><!-- duration: 3422ms -->
    <step title="LockFile &apos;C:\home\site\locks\deployments.lock&apos; released" date="2026-01-22T20:33:42.817" /><!-- duration: 0ms -->
    <step title="Deleting shutdown sentinel file" date="2026-01-22T20:33:42.833" SemaphoreCount="8" /><!-- duration: 0ms -->
  </step><!-- duration: 3578ms -->
  <step title="Outgoing response" date="2026-01-22T20:33:42.833" type="response" statusCode="200" statusText="OK" Server="Microsoft-IIS/10.0" x-ms-request-id="9fe1dc5c-f7d1-11f0-8118-c97850b2a9d9" Cache-Control="private" X-AspNet-Version="4.0.30319" /><!-- duration: 0ms -->
</step><!-- duration: 3594ms -->
