<step title="Incoming Request" date="2026-01-23T20:48:27.496" instance="79e06d" url="/api/publish?type=zip" method="POST" type="request" pid="11984,2,20" Cache-Control="no-cache" Content-Length="5890722" Content-Type="application/octet-stream" Accept="*/*" Accept-Encoding="gzip, deflate" Authorization="Bea..." Host="gofetch-api-adcnhwbqcsdsb0h3.scm.germanywestcentral-01.azurewebsites.net" User-Agent="AZURECLI/2.79.0 (MSI)" x-ms-client-request-id="da68df45-f89c-11f0-8b90-8a09bd1642c0" X-ARR-LOG-ID="da68df45-f89c-11f0-8b90-8a09bd1642c0" CLIENT-IP="83.139.66.94:56283" X-SITE-DEPLOYMENT-ID="gofetch-api" WAS-DEFAULT-HOSTNAME="gofetch-api-adcnhwbqcsdsb0h3.scm.germanywestcentral-01.azurewebsites.net" X-Forwarded-Proto="https" X-AppService-Proto="https" X-Forwarded-TlsVersion="1.3" X-WAWS-Unencoded-URL="/api/publish?type=zip" >
  <step title="Cleanup Xml Logs" date="2026-01-23T20:48:27.496" /><!-- duration: 16ms -->
  <step title="OneDeploy" date="2026-01-23T20:48:27.559" >
    <step title="Starting PushDeployAsync" date="2026-01-23T20:48:27.574" /><!-- duration: 0ms -->
    <step title="Updating shutdown sentinel last write time" date="2026-01-23T20:48:27.590" SemaphoreCount="7" /><!-- duration: 0ms -->
    <step title="LockFile &apos;C:\home\site\locks\deployments.lock&apos; acquired" date="2026-01-23T20:48:27.606" /><!-- duration: 0ms -->
    <step title="Saving request content to C:\local\Temp\zipdeploy\3ldo5y1w.zip" date="2026-01-23T20:48:27.606" >
      <step title="Total 5,890,722 bytes written to C:\local\Temp\zipdeploy\3ldo5y1w.zip" date="2026-01-23T20:48:27.653" /><!-- duration: 0ms -->
    </step><!-- duration: 47ms -->
    <step title="LockFile &apos;C:\home\site\locks\deployments.lock&apos; released" date="2026-01-23T20:48:27.653" /><!-- duration: 0ms -->
    <step title="Deleting shutdown sentinel file" date="2026-01-23T20:48:27.668" SemaphoreCount="8" /><!-- duration: 0ms -->
    <step title="Starting FetchDeploy" date="2026-01-23T20:48:27.668" /><!-- duration: 0ms -->
    <step title="Attempting to fetch target branch HEAD" date="2026-01-23T20:48:27.668" /><!-- duration: 0ms -->
    <step title="Updating shutdown sentinel last write time" date="2026-01-23T20:48:27.684" SemaphoreCount="7" /><!-- duration: 0ms -->
    <step title="LockFile &apos;C:\home\site\locks\deployments.lock&apos; acquired" date="2026-01-23T20:48:27.684" /><!-- duration: 0ms -->
    <step title="Performing fetch based deployment" date="2026-01-23T20:48:27.684" >
      <step title="Creating temporary deployment" date="2026-01-23T20:48:27.684" /><!-- duration: 31ms -->
      <step title="Fetching changes." date="2026-01-23T20:48:27.746" /><!-- duration: 0ms -->
      <step title="Starting LocalZipHandler" date="2026-01-23T20:48:27.746" /><!-- duration: 0ms -->
      <step title="Starting LocalZipFetch" date="2026-01-23T20:48:27.762" /><!-- duration: 0ms -->
      <step title="Cleaning up temp folders from previous zip deployments and extracting pushed zip file C:\local\Temp\zipdeploy\3ldo5y1w.zip (5.62 MB) to C:\local\Temp\zipdeploy\extracted" date="2026-01-23T20:48:27.762" /><!-- duration: 0ms -->
      <step title="Cleaning up temp folders from previous zip deployments and extracting pushed zip file C:\local\Temp\zipdeploy\3ldo5y1w.zip (5.62 MB) to C:\local\Temp\zipdeploy\extracted" date="2026-01-23T20:48:27.762" >
        <step title="Renaming extractTargetDirectory(C:\local\Temp\zipdeploy\extracted) to tempDirectory(C:\local\Temp\zipdeploy\ixqjst0j.vcq)" date="2026-01-23T20:48:27.762" /><!-- duration: 16ms -->
        <step title="Extracting 74 entries to C:\local\Temp\zipdeploy\extracted directory" date="2026-01-23T20:48:27.778" >
          <step title="Extracting to C:\local\Temp\zipdeploy\extracted\out\appsettings.Development.json ..." date="2026-01-23T20:48:27.778" /><!-- duration: 16ms -->
          <step title="Extracting to C:\local\Temp\zipdeploy\extracted\out\appsettings.json ..." date="2026-01-23T20:48:27.793" /><!-- duration: 0ms -->
          <step title="Extracting to C:\local\Temp\zipdeploy\extracted\out\PawPal.Api.deps.json ..." date="2026-01-23T20:48:27.809" /><!-- duration: 0ms -->
          <step title="Extracting to C:\local\Temp\zipdeploy\extracted\out\PawPal.Api.runtimeconfig.json ..." date="2026-01-23T20:48:27.809" /><!-- duration: 0ms -->
          <step title="Extracting to C:\local\Temp\zipdeploy\extracted\out\PawPal.Api.staticwebassets.endpoints.json ..." date="2026-01-23T20:48:27.809" /><!-- duration: 0ms -->
          <step title="Omitting extracting file traces ..." date="2026-01-23T20:48:27.809" /><!-- duration: 0ms -->
          <step title="Extracting to C:\local\Temp\zipdeploy\extracted\System.Reactive.dll ..." date="2026-01-23T20:48:28.012" /><!-- duration: 0ms -->
          <step title="Extracting to C:\local\Temp\zipdeploy\extracted\web.config ..." date="2026-01-23T20:48:28.028" /><!-- duration: 0ms -->
          <step title="Extracting to C:\local\Temp\zipdeploy\extracted\Websocket.Client.dll ..." date="2026-01-23T20:48:28.028" /><!-- duration: 0ms -->
        </step><!-- duration: 250ms -->
      </step><!-- duration: 266ms -->
      <step title="None repository commit" date="2026-01-23T20:48:28.028" >
        <step title="Commit id: e8ce8b6d30034373bd42e58dd7c49804" date="2026-01-23T20:48:28.028" Message="OneDeploy" AuthorName="N/A" AuthorEmail="N/A" /><!-- duration: 16ms -->
      </step><!-- duration: 16ms -->
      <step title="Before sending BuildRequestReceived status to /api/updatedeploystatus" date="2026-01-23T20:48:28.043" /><!-- duration: 0ms -->
      <step title="DeploymentManager.Deploy(id:e8ce8b6d30034373bd42e58dd7c49804)" date="2026-01-23T20:48:28.043" >
        <step title="Collecting changeset information" date="2026-01-23T20:48:28.043" /><!-- duration: 31ms -->
        <step title="Updating submodules" date="2026-01-23T20:48:28.074" >
          <step title="Updating submodules." date="2026-01-23T20:48:28.090" /><!-- duration: 0ms -->
        </step><!-- duration: 16ms -->
        <step title="Preparing deployment for commit id &apos;e8ce8b6d30&apos;." date="2026-01-23T20:48:28.121" /><!-- duration: 0ms -->
        <step title="Determining deployment builder" date="2026-01-23T20:48:28.137" >
          <step title="Builder is OneDeployBuilder" date="2026-01-23T20:48:28.137" /><!-- duration: 0ms -->
        </step><!-- duration: 0ms -->
        <step title="Copying SSH keys" date="2026-01-23T20:48:28.137" /><!-- duration: 16ms -->
        <step title="Building" date="2026-01-23T20:48:28.153" >
          <step title="Running build. Project type: OneDeploy" date="2026-01-23T20:48:28.168" /><!-- duration: 0ms -->
          <step title="Copying the manifest" date="2026-01-23T20:48:28.184" /><!-- duration: 0ms -->
          <step title="Clean deploying to C:\home\site\wwwroot" date="2026-01-23T20:48:28.231" /><!-- duration: 0ms -->
          <step title="Generating deployment script." date="2026-01-23T20:48:28.246" /><!-- duration: 0ms -->
          <step title="Generating deployment script" date="2026-01-23T20:48:28.246" >
            <step title="Using cached version of the deployment script for command: -y --no-dot-deployment -r &quot;C:\local\Temp\zipdeploy\extracted&quot; -o &quot;C:\home\site\deployments\tools&quot; --basic --sitePath &quot;C:\local\Temp\zipdeploy\extracted&quot;" date="2026-01-23T20:48:28.262" /><!-- duration: 0ms -->
            <step title="Using cached version of deployment script (command: &apos;azure -y --no-dot-deployment -r &quot;C:\local\Temp\zipdeploy\extracted&quot; -o &quot;C:\home\site\deployments\tools&quot; --basic --sitePath &quot;C:\local\Temp\zipdeploy\extracted&quot;&apos;)." date="2026-01-23T20:48:28.262" /><!-- duration: 0ms -->
          </step><!-- duration: 31ms -->
          <step title="Running deployment command..." date="2026-01-23T20:48:28.293" /><!-- duration: 0ms -->
          <step title="Command: &quot;C:\home\site\deployments\tools\deploy.cmd&quot;" date="2026-01-23T20:48:28.309" /><!-- duration: 0ms -->
          <step title="Executing external process" date="2026-01-23T20:48:28.309" type="process" path="starter.cmd" arguments="&quot;C:\home\site\deployments\tools\deploy.cmd&quot;" >
            <step title="Handling Basic Web Site deployment." date="2026-01-23T20:48:28.418" /><!-- duration: 0ms -->
            <step title="Creating app_offline.htm" date="2026-01-23T20:48:30.950" /><!-- duration: 0ms -->
            <step title="KuduSync.NET from: &apos;C:\local\Temp\zipdeploy\extracted&apos; to: &apos;C:\home\site\wwwroot&apos;" date="2026-01-23T20:48:30.950" /><!-- duration: 0ms -->
            <step title="Copying file: &apos;PawPal.Api.dll&apos;" date="2026-01-23T20:48:30.965" /><!-- duration: 0ms -->
            <step title="Copying file: &apos;PawPal.Api.exe&apos;" date="2026-01-23T20:48:30.965" /><!-- duration: 0ms -->
            <step title="Copying file: &apos;PawPal.Api.pdb&apos;" date="2026-01-23T20:48:30.965" /><!-- duration: 16ms -->
            <step title="Copying file: &apos;out\out\appsettings.Development.json&apos;" date="2026-01-23T20:48:30.981" /><!-- duration: 0ms -->
            <step title="Copying file: &apos;out\out\appsettings.json&apos;" date="2026-01-23T20:48:30.981" /><!-- duration: 0ms -->
            <step title="Copying file: &apos;out\out\PawPal.Api.deps.json&apos;" date="2026-01-23T20:48:30.996" /><!-- duration: 0ms -->
            <step title="Copying file: &apos;out\out\PawPal.Api.runtimeconfig.json&apos;" date="2026-01-23T20:48:30.996" /><!-- duration: 0ms -->
            <step title="Copying file: &apos;out\out\PawPal.Api.staticwebassets.endpoints.json&apos;" date="2026-01-23T20:48:30.996" /><!-- duration: 0ms -->
            <step title="Copying file: &apos;out\out\web.config&apos;" date="2026-01-23T20:48:31.012" /><!-- duration: 0ms -->
            <step title="Deleting app_offline.htm" date="2026-01-23T20:48:31.012" /><!-- duration: 16ms -->
            <step title="Finished successfully." date="2026-01-23T20:48:31.028" /><!-- duration: 0ms -->
          </step><!-- duration: 2719ms -->
          <step title="Build completed succesfully." date="2026-01-23T20:48:31.043" /><!-- duration: 0ms -->
          <step title="Running post deployment command(s)..." date="2026-01-23T20:48:31.059" /><!-- duration: 0ms -->
          <step title="Requesting site restart" date="2026-01-23T20:48:31.090" /><!-- duration: 0ms -->
          <step title="Requesting site restart" date="2026-01-23T20:48:31.090" /><!-- duration: 0ms -->
          <step title="Requesting site restart. Attempt #1" date="2026-01-23T20:48:31.106" /><!-- duration: 0ms -->
          <step title="Requesting site restart. Attempt #1" date="2026-01-23T20:48:31.121" /><!-- duration: 0ms -->
          <step title="Successfully requested a restart. Attempt #1" date="2026-01-23T20:48:31.418" /><!-- duration: 0ms -->
          <step title="Successfully requested a restart. Attempt #1" date="2026-01-23T20:48:31.418" /><!-- duration: 0ms -->
          <step title="Deployment successful. DEPLOYMENTINFO: deploymentPath = OneDeploy, deployer = OneDeploy, os = windows, sku = Free, siteName = gofetch-api, siteHostName = gofetch-api-adcnhwbqcsdsb0h3.germanywestcentral-01.azurewebsites.net, deploymentStatus = Success" date="2026-01-23T20:48:31.434" /><!-- duration: 0ms -->
          <step title="Purge deployment items" date="2026-01-23T20:48:31.496" >
            <step title="Remove 864001f1f, Success, received at 1/23/2026 3:49:51 PM" date="2026-01-23T20:48:31.512" /><!-- duration: 16ms -->
          </step><!-- duration: 31ms -->
        </step><!-- duration: 3375ms -->
      </step><!-- duration: 3484ms -->
      <step title="Cleaning up temp files" date="2026-01-23T20:48:31.543" /><!-- duration: 0ms -->
      <step title="Skip function trigger and logicapp sync because function is not enabled." date="2026-01-23T20:48:31.543" /><!-- duration: 0ms -->
    </step><!-- duration: 3875ms -->
    <step title="LockFile &apos;C:\home\site\locks\deployments.lock&apos; released" date="2026-01-23T20:48:31.559" /><!-- duration: 0ms -->
    <step title="Deleting shutdown sentinel file" date="2026-01-23T20:48:31.559" SemaphoreCount="8" /><!-- duration: 16ms -->
  </step><!-- duration: 4016ms -->
  <step title="Outgoing response" date="2026-01-23T20:48:31.574" type="response" statusCode="200" statusText="OK" Server="Microsoft-IIS/10.0" x-ms-request-id="da68df45-f89c-11f0-8b90-8a09bd1642c0" Cache-Control="private" X-AspNet-Version="4.0.30319" /><!-- duration: 0ms -->
</step><!-- duration: 4078ms -->
