<step title="Incoming Request" date="2026-01-22T20:15:47.902" instance="79e06d" url="/api/publish?type=zip" method="POST" type="request" pid="20156,2,8" Cache-Control="no-cache" Content-Length="16437632" Content-Type="application/octet-stream" Accept="*/*" Accept-Encoding="gzip, deflate" Authorization="Bea..." Host="gofetch-api-adcnhwbqcsdsb0h3.scm.germanywestcentral-01.azurewebsites.net" User-Agent="AZURECLI/2.79.0 (MSI)" x-ms-client-request-id="1fba3323-f7cf-11f0-a5a6-c97850b2a9d9" X-ARR-LOG-ID="1fba3323-f7cf-11f0-a5a6-c97850b2a9d9" CLIENT-IP="83.139.66.94:50611" X-SITE-DEPLOYMENT-ID="gofetch-api" WAS-DEFAULT-HOSTNAME="gofetch-api-adcnhwbqcsdsb0h3.scm.germanywestcentral-01.azurewebsites.net" X-Forwarded-Proto="https" X-AppService-Proto="https" X-Forwarded-TlsVersion="1.3" X-WAWS-Unencoded-URL="/api/publish?type=zip" >
  <step title="OneDeploy" date="2026-01-22T20:15:48.152" >
    <step title="Starting PushDeployAsync" date="2026-01-22T20:15:48.168" /><!-- duration: 0ms -->
    <step title="Updating shutdown sentinel last write time" date="2026-01-22T20:15:48.199" SemaphoreCount="7" /><!-- duration: 0ms -->
    <step title="LockFile &apos;C:\home\site\locks\deployments.lock&apos; acquired" date="2026-01-22T20:15:48.214" /><!-- duration: 0ms -->
    <step title="Saving request content to C:\local\Temp\zipdeploy\oxkc0hnq.zip" date="2026-01-22T20:15:48.214" >
      <step title="Total 16,437,632 bytes written to C:\local\Temp\zipdeploy\oxkc0hnq.zip" date="2026-01-22T20:15:48.808" /><!-- duration: 16ms -->
    </step><!-- duration: 609ms -->
    <step title="LockFile &apos;C:\home\site\locks\deployments.lock&apos; released" date="2026-01-22T20:15:48.824" /><!-- duration: 0ms -->
    <step title="Deleting shutdown sentinel file" date="2026-01-22T20:15:48.824" SemaphoreCount="8" /><!-- duration: 0ms -->
    <step title="Starting FetchDeploy" date="2026-01-22T20:15:48.839" /><!-- duration: 0ms -->
    <step title="Attempting to fetch target branch HEAD" date="2026-01-22T20:15:48.839" /><!-- duration: 0ms -->
    <step title="Updating shutdown sentinel last write time" date="2026-01-22T20:15:48.839" SemaphoreCount="7" /><!-- duration: 0ms -->
    <step title="LockFile &apos;C:\home\site\locks\deployments.lock&apos; acquired" date="2026-01-22T20:15:48.855" /><!-- duration: 0ms -->
    <step title="Performing fetch based deployment" date="2026-01-22T20:15:48.855" >
      <step title="Creating temporary deployment" date="2026-01-22T20:15:48.855" /><!-- duration: 31ms -->
      <step title="Fetching changes." date="2026-01-22T20:15:48.918" /><!-- duration: 0ms -->
      <step title="Starting LocalZipHandler" date="2026-01-22T20:15:48.933" /><!-- duration: 0ms -->
      <step title="Starting LocalZipFetch" date="2026-01-22T20:15:48.933" /><!-- duration: 0ms -->
      <step title="Cleaning up temp folders from previous zip deployments and extracting pushed zip file C:\local\Temp\zipdeploy\oxkc0hnq.zip (15.68 MB) to C:\local\Temp\zipdeploy\extracted" date="2026-01-22T20:15:48.933" /><!-- duration: 0ms -->
      <step title="Cleaning up temp folders from previous zip deployments and extracting pushed zip file C:\local\Temp\zipdeploy\oxkc0hnq.zip (15.68 MB) to C:\local\Temp\zipdeploy\extracted" date="2026-01-22T20:15:48.949" >
        <step title="Extracting 256 entries to C:\local\Temp\zipdeploy\extracted directory" date="2026-01-22T20:15:48.949" >
          <step title="Extracting to C:\local\Temp\zipdeploy\extracted\latest\appsettings.Development.json ..." date="2026-01-22T20:15:48.949" /><!-- duration: 16ms -->
          <step title="Extracting to C:\local\Temp\zipdeploy\extracted\latest\appsettings.json ..." date="2026-01-22T20:15:48.965" /><!-- duration: 0ms -->
          <step title="Extracting to C:\local\Temp\zipdeploy\extracted\latest\Azure.Communication.Email.dll ..." date="2026-01-22T20:15:48.980" /><!-- duration: 0ms -->
          <step title="Extracting to C:\local\Temp\zipdeploy\extracted\latest\Azure.Core.dll ..." date="2026-01-22T20:15:48.980" /><!-- duration: 0ms -->
          <step title="Extracting to C:\local\Temp\zipdeploy\extracted\latest\Google.Apis.Auth.dll ..." date="2026-01-22T20:15:48.980" /><!-- duration: 16ms -->
          <step title="Omitting extracting file traces ..." date="2026-01-22T20:15:48.996" /><!-- duration: 0ms -->
        </step><!-- duration: 547ms -->
      </step><!-- duration: 547ms -->
      <step title="None repository commit" date="2026-01-22T20:15:49.496" >
        <step title="Commit id: 3d4a407cf08146e18882603f9493aa2e" date="2026-01-22T20:15:49.496" Message="OneDeploy" AuthorName="N/A" AuthorEmail="N/A" /><!-- duration: 0ms -->
      </step><!-- duration: 0ms -->
      <step title="Before sending BuildRequestReceived status to /api/updatedeploystatus" date="2026-01-22T20:15:49.496" /><!-- duration: 0ms -->
      <step title="DeploymentManager.Deploy(id:3d4a407cf08146e18882603f9493aa2e)" date="2026-01-22T20:15:49.512" >
        <step title="Collecting changeset information" date="2026-01-22T20:15:49.512" /><!-- duration: 16ms -->
        <step title="Updating submodules" date="2026-01-22T20:15:49.527" >
          <step title="Updating submodules." date="2026-01-22T20:15:49.543" /><!-- duration: 0ms -->
        </step><!-- duration: 16ms -->
        <step title="Preparing deployment for commit id &apos;3d4a407cf0&apos;." date="2026-01-22T20:15:49.558" /><!-- duration: 16ms -->
        <step title="Determining deployment builder" date="2026-01-22T20:15:49.574" >
          <step title="Builder is OneDeployBuilder" date="2026-01-22T20:15:49.590" /><!-- duration: 0ms -->
        </step><!-- duration: 16ms -->
        <step title="Copying SSH keys" date="2026-01-22T20:15:49.590" /><!-- duration: 16ms -->
        <step title="Building" date="2026-01-22T20:15:49.605" >
          <step title="Running build. Project type: OneDeploy" date="2026-01-22T20:15:49.621" /><!-- duration: 0ms -->
          <step title="Copying the manifest" date="2026-01-22T20:15:49.637" /><!-- duration: 0ms -->
          <step title="Clean deploying to C:\home\site\wwwroot" date="2026-01-22T20:15:49.808" /><!-- duration: 0ms -->
          <step title="Generating deployment script." date="2026-01-22T20:15:49.824" /><!-- duration: 0ms -->
          <step title="Generating deployment script" date="2026-01-22T20:15:49.824" >
            <step title="Using cached version of the deployment script for command: -y --no-dot-deployment -r &quot;C:\local\Temp\zipdeploy\extracted&quot; -o &quot;C:\home\site\deployments\tools&quot; --basic --sitePath &quot;C:\local\Temp\zipdeploy\extracted&quot;" date="2026-01-22T20:15:49.855" /><!-- duration: 0ms -->
            <step title="Using cached version of deployment script (command: &apos;azure -y --no-dot-deployment -r &quot;C:\local\Temp\zipdeploy\extracted&quot; -o &quot;C:\home\site\deployments\tools&quot; --basic --sitePath &quot;C:\local\Temp\zipdeploy\extracted&quot;&apos;)." date="2026-01-22T20:15:49.871" /><!-- duration: 0ms -->
          </step><!-- duration: 63ms -->
          <step title="Running deployment command..." date="2026-01-22T20:15:49.902" /><!-- duration: 16ms -->
          <step title="Command: &quot;C:\home\site\deployments\tools\deploy.cmd&quot;" date="2026-01-22T20:15:49.918" /><!-- duration: 0ms -->
          <step title="Executing external process" date="2026-01-22T20:15:49.933" type="process" path="starter.cmd" arguments="&quot;C:\home\site\deployments\tools\deploy.cmd&quot;" >
            <step title="Handling Basic Web Site deployment." date="2026-01-22T20:15:50.043" /><!-- duration: 0ms -->
            <step title="Creating app_offline.htm" date="2026-01-22T20:15:50.262" /><!-- duration: 0ms -->
            <step title="KuduSync.NET from: &apos;C:\local\Temp\zipdeploy\extracted&apos; to: &apos;C:\home\site\wwwroot&apos;" date="2026-01-22T20:15:50.277" /><!-- duration: 0ms -->
            <step title="Copying file: &apos;PawPal.Api.dll&apos;" date="2026-01-22T20:15:50.277" /><!-- duration: 0ms -->
            <step title="Copying file: &apos;PawPal.Api.exe&apos;" date="2026-01-22T20:15:50.277" /><!-- duration: 0ms -->
            <step title="Copying file: &apos;PawPal.Api.pdb&apos;" date="2026-01-22T20:15:50.293" /><!-- duration: 0ms -->
            <step title="Copying file: &apos;publish.zip&apos;" date="2026-01-22T20:15:50.293" /><!-- duration: 0ms -->
            <step title="Copying file: &apos;latest\appsettings.Development.json&apos;" date="2026-01-22T20:15:50.293" /><!-- duration: 0ms -->
            <step title="Copying file: &apos;latest\appsettings.json&apos;" date="2026-01-22T20:15:50.308" /><!-- duration: 0ms -->
            <step title="Copying file: &apos;latest\Azure.Communication.Email.dll&apos;" date="2026-01-22T20:15:50.308" /><!-- duration: 0ms -->
            <step title="Copying file: &apos;latest\Azure.Core.dll&apos;" date="2026-01-22T20:15:50.308" /><!-- duration: 0ms -->
            <step title="Copying file: &apos;latest\Google.Apis.Auth.dll&apos;" date="2026-01-22T20:15:50.324" /><!-- duration: 0ms -->
            <step title="Copying file: &apos;latest\Google.Apis.Core.dll&apos;" date="2026-01-22T20:15:50.324" /><!-- duration: 0ms -->
            <step title="Copying file: &apos;latest\Google.Apis.dll&apos;" date="2026-01-22T20:15:50.340" /><!-- duration: 0ms -->
            <step title="Copying file: &apos;latest\Microsoft.AspNetCore.Authentication.JwtBearer.dll&apos;" date="2026-01-22T20:15:50.340" /><!-- duration: 0ms -->
            <step title="Copying file: &apos;latest\Microsoft.AspNetCore.OpenApi.dll&apos;" date="2026-01-22T20:15:50.340" /><!-- duration: 16ms -->
            <step title="Copying file: &apos;latest\Microsoft.Bcl.AsyncInterfaces.dll&apos;" date="2026-01-22T20:15:50.355" /><!-- duration: 0ms -->
            <step title="Copying file: &apos;latest\Microsoft.EntityFrameworkCore.Abstractions.dll&apos;" date="2026-01-22T20:15:50.355" /><!-- duration: 0ms -->
            <step title="Copying file: &apos;latest\Microsoft.EntityFrameworkCore.dll&apos;" date="2026-01-22T20:15:50.371" /><!-- duration: 0ms -->
            <step title="Copying file: &apos;latest\Microsoft.EntityFrameworkCore.Relational.dll&apos;" date="2026-01-22T20:15:50.371" /><!-- duration: 0ms -->
            <step title="Copying file: &apos;latest\Microsoft.Extensions.Caching.Abstractions.dll&apos;" date="2026-01-22T20:15:50.371" /><!-- duration: 0ms -->
            <step title="Copying file: &apos;latest\Microsoft.Extensions.Caching.Memory.dll&apos;" date="2026-01-22T20:15:50.387" /><!-- duration: 0ms -->
            <step title="Copying file: &apos;latest\Microsoft.Extensions.Configuration.Abstractions.dll&apos;" date="2026-01-22T20:15:50.387" /><!-- duration: 0ms -->
            <step title="Copying file: &apos;latest\Microsoft.Extensions.DependencyInjection.Abstractions.dll&apos;" date="2026-01-22T20:15:50.402" /><!-- duration: 0ms -->
            <step title="Copying file: &apos;latest\Microsoft.Extensions.DependencyInjection.dll&apos;" date="2026-01-22T20:15:50.402" /><!-- duration: 0ms -->
            <step title="Copying file: &apos;latest\Microsoft.Extensions.Logging.Abstractions.dll&apos;" date="2026-01-22T20:15:50.402" /><!-- duration: 16ms -->
            <step title="Copying file: &apos;latest\Microsoft.Extensions.Logging.dll&apos;" date="2026-01-22T20:15:50.418" /><!-- duration: 0ms -->
            <step title="Copying file: &apos;latest\Microsoft.Extensions.Options.dll&apos;" date="2026-01-22T20:15:50.418" /><!-- duration: 0ms -->
            <step title="Copying file: &apos;latest\Microsoft.Extensions.Primitives.dll&apos;" date="2026-01-22T20:15:50.433" /><!-- duration: 0ms -->
            <step title="Copying file: &apos;latest\Microsoft.IdentityModel.Abstractions.dll&apos;" date="2026-01-22T20:15:50.433" /><!-- duration: 0ms -->
            <step title="Copying file: &apos;latest\Microsoft.IdentityModel.JsonWebTokens.dll&apos;" date="2026-01-22T20:15:50.433" /><!-- duration: 0ms -->
            <step title="Copying file: &apos;latest\Microsoft.IdentityModel.Logging.dll&apos;" date="2026-01-22T20:15:50.449" /><!-- duration: 0ms -->
            <step title="Copying file: &apos;latest\Microsoft.IdentityModel.Protocols.dll&apos;" date="2026-01-22T20:15:50.449" /><!-- duration: 0ms -->
            <step title="Copying file: &apos;latest\Microsoft.IdentityModel.Protocols.OpenIdConnect.dll&apos;" date="2026-01-22T20:15:50.465" /><!-- duration: 0ms -->
            <step title="Copying file: &apos;latest\Microsoft.IdentityModel.Tokens.dll&apos;" date="2026-01-22T20:15:50.465" /><!-- duration: 0ms -->
            <step title="Copying file: &apos;latest\Microsoft.IO.RecyclableMemoryStream.dll&apos;" date="2026-01-22T20:15:50.465" /><!-- duration: 16ms -->
            <step title="Copying file: &apos;latest\Microsoft.OpenApi.dll&apos;" date="2026-01-22T20:15:50.480" /><!-- duration: 0ms -->
            <step title="Copying file: &apos;latest\MimeMapping.dll&apos;" date="2026-01-22T20:15:50.480" /><!-- duration: 0ms -->
            <step title="Copying file: &apos;latest\Newtonsoft.Json.dll&apos;" date="2026-01-22T20:15:50.480" /><!-- duration: 16ms -->
            <step title="Copying file: &apos;latest\Npgsql.dll&apos;" date="2026-01-22T20:15:50.496" /><!-- duration: 0ms -->
            <step title="Copying file: &apos;latest\Npgsql.EntityFrameworkCore.PostgreSQL.dll&apos;" date="2026-01-22T20:15:50.496" /><!-- duration: 0ms -->
            <step title="Copying file: &apos;latest\PawPal.Api.deps.json&apos;" date="2026-01-22T20:15:50.496" /><!-- duration: 16ms -->
            <step title="Copying file: &apos;latest\PawPal.Api.dll&apos;" date="2026-01-22T20:15:50.512" /><!-- duration: 0ms -->
            <step title="Copying file: &apos;latest\PawPal.Api.exe&apos;" date="2026-01-22T20:15:50.512" /><!-- duration: 0ms -->
            <step title="Copying file: &apos;latest\PawPal.Api.pdb&apos;" date="2026-01-22T20:15:50.512" /><!-- duration: 16ms -->
            <step title="Copying file: &apos;latest\PawPal.Api.runtimeconfig.json&apos;" date="2026-01-22T20:15:50.527" /><!-- duration: 0ms -->
            <step title="Copying file: &apos;latest\PawPal.Api.staticwebassets.endpoints.json&apos;" date="2026-01-22T20:15:50.527" /><!-- duration: 0ms -->
            <step title="Copying file: &apos;latest\Supabase.Core.dll&apos;" date="2026-01-22T20:15:50.527" /><!-- duration: 16ms -->
            <step title="Copying file: &apos;latest\Supabase.dll&apos;" date="2026-01-22T20:15:50.543" /><!-- duration: 0ms -->
            <step title="Copying file: &apos;latest\Supabase.Functions.dll&apos;" date="2026-01-22T20:15:50.543" /><!-- duration: 0ms -->
            <step title="Copying file: &apos;latest\Supabase.Gotrue.dll&apos;" date="2026-01-22T20:15:50.543" /><!-- duration: 16ms -->
            <step title="Omitting next output lines..." date="2026-01-22T20:15:50.558" /><!-- duration: 0ms -->
            <step title="Finished successfully." date="2026-01-22T20:15:53.168" /><!-- duration: 0ms -->
          </step><!-- duration: 3234ms -->
          <step title="Build completed succesfully." date="2026-01-22T20:15:53.183" /><!-- duration: 0ms -->
          <step title="Running post deployment command(s)..." date="2026-01-22T20:15:53.199" /><!-- duration: 0ms -->
          <step title="Requesting site restart" date="2026-01-22T20:15:53.215" /><!-- duration: 0ms -->
          <step title="Requesting site restart" date="2026-01-22T20:15:53.215" /><!-- duration: 0ms -->
          <step title="Requesting site restart. Attempt #1" date="2026-01-22T20:15:53.246" /><!-- duration: 0ms -->
          <step title="Requesting site restart. Attempt #1" date="2026-01-22T20:15:53.246" /><!-- duration: 0ms -->
          <step title="Successfully requested a restart. Attempt #1" date="2026-01-22T20:15:53.543" /><!-- duration: 0ms -->
          <step title="Successfully requested a restart. Attempt #1" date="2026-01-22T20:15:53.543" /><!-- duration: 0ms -->
          <step title="Deployment successful. DEPLOYMENTINFO: deploymentPath = OneDeploy, deployer = OneDeploy, os = windows, sku = Free, siteName = gofetch-api, siteHostName = gofetch-api-adcnhwbqcsdsb0h3.germanywestcentral-01.azurewebsites.net, deploymentStatus = Success" date="2026-01-22T20:15:53.637" /><!-- duration: 0ms -->
          <step title="Purge deployment items" date="2026-01-22T20:15:53.699" >
            <step title="Remove 2fdef48d6, Success, received at 1/18/2026 10:32:24 PM" date="2026-01-22T20:15:53.715" /><!-- duration: 0ms -->
          </step><!-- duration: 31ms -->
        </step><!-- duration: 4125ms -->
      </step><!-- duration: 4219ms -->
      <step title="Cleaning up temp files" date="2026-01-22T20:15:53.730" /><!-- duration: 0ms -->
      <step title="Skip function trigger and logicapp sync because function is not enabled." date="2026-01-22T20:15:53.746" /><!-- duration: 0ms -->
    </step><!-- duration: 4906ms -->
    <step title="LockFile &apos;C:\home\site\locks\deployments.lock&apos; released" date="2026-01-22T20:15:53.762" /><!-- duration: 0ms -->
    <step title="Deleting shutdown sentinel file" date="2026-01-22T20:15:53.762" SemaphoreCount="8" /><!-- duration: 0ms -->
  </step><!-- duration: 5610ms -->
  <step title="Outgoing response" date="2026-01-22T20:15:53.793" type="response" statusCode="200" statusText="OK" Server="Microsoft-IIS/10.0" x-ms-request-id="1fba3323-f7cf-11f0-a5a6-c97850b2a9d9" Cache-Control="private" X-AspNet-Version="4.0.30319" /><!-- duration: 0ms -->
</step><!-- duration: 5891ms -->
