<step title="Incoming Request" date="2026-01-18T18:08:15.043" instance="79e06d" url="/api/zipdeploy?isAsync=true" method="POST" type="request" pid="17000,2,25" Cache-Control="no-cache" Content-Length="16190578" Content-Type="application/octet-stream" Accept="*/*" Accept-Encoding="gzip, deflate" Authorization="Bea..." Host="gofetch-api-adcnhwbqcsdsb0h3.scm.germanywestcentral-01.azurewebsites.net" User-Agent="AZURECLI/2.79.0 (MSI)" x-ms-client-request-id="a6a5d6d1-f498-11f0-8d18-d4a9ab8009b2" X-ARR-LOG-ID="a6a5d6d1-f498-11f0-8d18-d4a9ab8009b2" CLIENT-IP="83.139.66.94:52160" X-SITE-DEPLOYMENT-ID="gofetch-api" WAS-DEFAULT-HOSTNAME="gofetch-api-adcnhwbqcsdsb0h3.scm.germanywestcentral-01.azurewebsites.net" X-Forwarded-Proto="https" X-AppService-Proto="https" X-Forwarded-TlsVersion="1.3" X-WAWS-Unencoded-URL="/api/zipdeploy?isAsync=true" >
  <step title="Cleanup Xml Logs" date="2026-01-18T18:08:15.043" /><!-- duration: 16ms -->
  <step title="ZipPushDeploy" date="2026-01-18T18:08:15.059" >
    <step title="ZipDeploy. Extract zip. " date="2026-01-18T18:08:15.059" /><!-- duration: 0ms -->
    <step title="Starting PushDeployAsync" date="2026-01-18T18:08:15.059" /><!-- duration: 0ms -->
    <step title="Updating shutdown sentinel last write time" date="2026-01-18T18:08:15.075" SemaphoreCount="7" /><!-- duration: 0ms -->
    <step title="LockFile &apos;C:\home\site\locks\deployments.lock&apos; acquired" date="2026-01-18T18:08:15.075" /><!-- duration: 0ms -->
    <step title="Saving request content to C:\local\Temp\zipdeploy\2ifrtmhs.zip" date="2026-01-18T18:08:15.075" >
      <step title="Total 16,190,578 bytes written to C:\local\Temp\zipdeploy\2ifrtmhs.zip" date="2026-01-18T18:08:15.965" /><!-- duration: 0ms -->
    </step><!-- duration: 891ms -->
    <step title="LockFile &apos;C:\home\site\locks\deployments.lock&apos; released" date="2026-01-18T18:08:15.981" /><!-- duration: 0ms -->
    <step title="Deleting shutdown sentinel file" date="2026-01-18T18:08:15.981" SemaphoreCount="8" /><!-- duration: 0ms -->
    <step title="Starting FetchDeploy" date="2026-01-18T18:08:15.981" /><!-- duration: 0ms -->
    <step title="Start deployment in the background" date="2026-01-18T18:08:15.981" /><!-- duration: 31ms -->
  </step><!-- duration: 953ms -->
  <step title="Outgoing response" date="2026-01-18T18:08:16.012" type="response" statusCode="202" statusText="Accepted" Server="Microsoft-IIS/10.0" x-ms-request-id="a6a5d6d1-f498-11f0-8d18-d4a9ab8009b2" Retry-After="30" Cache-Control="private" X-AspNet-Version="4.0.30319" Location="https://gofetch-api-adcnhwbqcsdsb0h3.scm.germanywestcentral-01.azurewebsites.net/api/deployments/latest?deployer=ZipDeploy&amp;time=2026-01-18_18-08-16Z" /><!-- duration: 0ms -->
</step><!-- duration: 969ms -->
