<step title="BackgroundTrace" date="2026-01-18T21:21:52.989" instance="79e06d" url="/api/zipdeploy" method="POST" >
  <step title="Updating shutdown sentinel last write time" date="2026-01-18T21:21:53.005" SemaphoreCount="7" /><!-- duration: 0ms -->
  <step title="LockFile &apos;C:\home\site\locks\deployments.lock&apos; acquired" date="2026-01-18T21:21:53.005" /><!-- duration: 0ms -->
  <step title="Creating temporary deployment" date="2026-01-18T21:21:53.005" /><!-- duration: 16ms -->
  <step title="Performing fetch based deployment" date="2026-01-18T21:21:53.020" >
    <step title="Fetching changes." date="2026-01-18T21:21:53.036" /><!-- duration: 16ms -->
    <step title="Starting LocalZipHandler" date="2026-01-18T21:21:53.051" /><!-- duration: 0ms -->
    <step title="Cleaning up temp folders from previous zip deployments and extracting pushed zip file C:\local\Temp\zipdeploy\xzxwxmwv.zip (15.47 MB) to C:\local\Temp\zipdeploy\extracted" date="2026-01-18T21:21:53.067" /><!-- duration: 0ms -->
    <step title="Cleaning up temp folders from previous zip deployments and extracting pushed zip file C:\local\Temp\zipdeploy\xzxwxmwv.zip (15.47 MB) to C:\local\Temp\zipdeploy\extracted" date="2026-01-18T21:21:53.067" >
      <step title="Renaming extractTargetDirectory(C:\local\Temp\zipdeploy\extracted) to tempDirectory(C:\local\Temp\zipdeploy\fp3bchgz.whf)" date="2026-01-18T21:21:53.067" /><!-- duration: 0ms -->
      <step title="Extracting 231 entries to C:\local\Temp\zipdeploy\extracted directory" date="2026-01-18T21:21:53.067" >
        <step title="Extracting to C:\local\Temp\zipdeploy\extracted\latest\appsettings.Development.json ..." date="2026-01-18T21:21:53.067" /><!-- duration: 0ms -->
        <step title="Extracting to C:\local\Temp\zipdeploy\extracted\latest\appsettings.json ..." date="2026-01-18T21:21:53.083" /><!-- duration: 0ms -->
        <step title="Extracting to C:\local\Temp\zipdeploy\extracted\latest\Azure.Communication.Email.dll ..." date="2026-01-18T21:21:53.083" /><!-- duration: 0ms -->
        <step title="Extracting to C:\local\Temp\zipdeploy\extracted\latest\Azure.Core.dll ..." date="2026-01-18T21:21:53.083" /><!-- duration: 16ms -->
        <step title="Extracting to C:\local\Temp\zipdeploy\extracted\latest\Google.Apis.Auth.dll ..." date="2026-01-18T21:21:53.098" /><!-- duration: 0ms -->
        <step title="Omitting extracting file traces ..." date="2026-01-18T21:21:53.098" /><!-- duration: 0ms -->
      </step><!-- duration: 500ms -->
    </step><!-- duration: 500ms -->
    <step title="Before sending BuildRequestReceived status to /api/updatedeploystatus" date="2026-01-18T21:21:53.567" /><!-- duration: 0ms -->
    <step title="DeploymentManager.Deploy(id:4a02473ea69945ecb51fcb95c15a4b21)" date="2026-01-18T21:21:53.567" >
      <step title="Collecting changeset information" date="2026-01-18T21:21:53.583" /><!-- duration: 0ms -->
      <step title="Updating submodules" date="2026-01-18T21:21:53.598" >
        <step title="Updating submodules." date="2026-01-18T21:21:53.598" /><!-- duration: 0ms -->
      </step><!-- duration: 16ms -->
      <step title="Preparing deployment for commit id &apos;4a02473ea6&apos;." date="2026-01-18T21:21:53.614" /><!-- duration: 0ms -->
      <step title="Determining deployment builder" date="2026-01-18T21:21:53.630" >
        <step title="Builder is BasicBuilder" date="2026-01-18T21:21:53.630" /><!-- duration: 0ms -->
      </step><!-- duration: 0ms -->
      <step title="Copying SSH keys" date="2026-01-18T21:21:53.645" /><!-- duration: 0ms -->
      <step title="Building" date="2026-01-18T21:21:53.645" >
        <step title="Generating deployment script." date="2026-01-18T21:21:53.661" /><!-- duration: 0ms -->
        <step title="Generating deployment script" date="2026-01-18T21:21:53.661" >
          <step title="Using cached version of the deployment script for command: -y --no-dot-deployment -r &quot;C:\local\Temp\zipdeploy\extracted&quot; -o &quot;C:\home\site\deployments\tools&quot; --basic --sitePath &quot;C:\local\Temp\zipdeploy\extracted&quot;" date="2026-01-18T21:21:53.661" /><!-- duration: 0ms -->
          <step title="Using cached version of deployment script (command: &apos;azure -y --no-dot-deployment -r &quot;C:\local\Temp\zipdeploy\extracted&quot; -o &quot;C:\home\site\deployments\tools&quot; --basic --sitePath &quot;C:\local\Temp\zipdeploy\extracted&quot;&apos;)." date="2026-01-18T21:21:53.676" /><!-- duration: 0ms -->
        </step><!-- duration: 16ms -->
        <step title="Running deployment command..." date="2026-01-18T21:21:53.692" /><!-- duration: 0ms -->
        <step title="Command: &quot;C:\home\site\deployments\tools\deploy.cmd&quot;" date="2026-01-18T21:21:53.708" /><!-- duration: 0ms -->
        <step title="Executing external process" date="2026-01-18T21:21:53.708" type="process" path="starter.cmd" arguments="&quot;C:\home\site\deployments\tools\deploy.cmd&quot;" >
          <step title="Handling Basic Web Site deployment." date="2026-01-18T21:21:53.801" /><!-- duration: 0ms -->
          <step title="Creating app_offline.htm" date="2026-01-18T21:21:56.348" /><!-- duration: 0ms -->
          <step title="KuduSync.NET from: &apos;C:\local\Temp\zipdeploy\extracted&apos; to: &apos;C:\home\site\wwwroot&apos;" date="2026-01-18T21:21:56.348" /><!-- duration: 0ms -->
          <step title="Copying file: &apos;PawPal.Api.dll&apos;" date="2026-01-18T21:21:56.364" /><!-- duration: 0ms -->
          <step title="Copying file: &apos;PawPal.Api.exe&apos;" date="2026-01-18T21:21:56.364" /><!-- duration: 0ms -->
          <step title="Copying file: &apos;PawPal.Api.pdb&apos;" date="2026-01-18T21:21:56.364" /><!-- duration: 0ms -->
          <step title="Deleting app_offline.htm" date="2026-01-18T21:21:56.364" /><!-- duration: 0ms -->
          <step title="Finished successfully." date="2026-01-18T21:21:56.380" /><!-- duration: 0ms -->
        </step><!-- duration: 2672ms -->
        <step title="Running post deployment command(s)..." date="2026-01-18T21:21:56.395" /><!-- duration: 0ms -->
        <step title="Triggering recycle (preview mode disabled)." date="2026-01-18T21:21:56.411" /><!-- duration: 0ms -->
        <step title="Ignoring FS watcher based recycle request as this is a classic Windows app." date="2026-01-18T21:21:56.411" /><!-- duration: 0ms -->
        <step title="Deployment successful. DEPLOYMENTINFO: deploymentPath = ZipDeploy. Extract zip. , deployer = ZipDeploy, os = windows, sku = Free, siteName = gofetch-api, siteHostName = gofetch-api-adcnhwbqcsdsb0h3.germanywestcentral-01.azurewebsites.net, deploymentStatus = Success" date="2026-01-18T21:21:56.426" /><!-- duration: 0ms -->
        <step title="Purge deployment items" date="2026-01-18T21:21:56.458" >
          <step title="Remove 6b73a65c0, Success, received at 1/18/2026 4:56:22 PM" date="2026-01-18T21:21:56.473" /><!-- duration: 0ms -->
        </step><!-- duration: 16ms -->
      </step><!-- duration: 2844ms -->
    </step><!-- duration: 2922ms -->
    <step title="Cleaning up temp files" date="2026-01-18T21:21:56.489" /><!-- duration: 0ms -->
    <step title="Skip function trigger and logicapp sync because function is not enabled." date="2026-01-18T21:21:56.489" /><!-- duration: 0ms -->
  </step><!-- duration: 3484ms -->
  <step title="LockFile &apos;C:\home\site\locks\deployments.lock&apos; released" date="2026-01-18T21:21:56.505" /><!-- duration: 0ms -->
  <step title="Deleting shutdown sentinel file" date="2026-01-18T21:21:56.505" SemaphoreCount="8" /><!-- duration: 16ms -->
</step><!-- duration: 3531ms -->
