<step title="Incoming Request" date="2026-01-23T19:08:59.263" instance="79e06d" url="/api/publish?type=zip" method="POST" type="request" pid="1312,2,58" Cache-Control="no-cache" Content-Length="5858417" Content-Type="application/octet-stream" Accept="*/*" Accept-Encoding="gzip, deflate" Authorization="Bea..." Host="gofetch-api-adcnhwbqcsdsb0h3.scm.germanywestcentral-01.azurewebsites.net" User-Agent="AZURECLI/2.79.0 (MSI)" x-ms-client-request-id="f6f4989a-f88e-11f0-a79b-8a09bd1642c0" X-ARR-LOG-ID="f6f4989a-f88e-11f0-a79b-8a09bd1642c0" CLIENT-IP="83.139.66.94:62449" X-SITE-DEPLOYMENT-ID="gofetch-api" WAS-DEFAULT-HOSTNAME="gofetch-api-adcnhwbqcsdsb0h3.scm.germanywestcentral-01.azurewebsites.net" X-Forwarded-Proto="https" X-AppService-Proto="https" X-Forwarded-TlsVersion="1.3" X-WAWS-Unencoded-URL="/api/publish?type=zip" >
  <step title="Cleanup Xml Logs" date="2026-01-23T19:08:59.263" /><!-- duration: 0ms -->
  <step title="OneDeploy" date="2026-01-23T19:08:59.279" >
    <step title="Starting PushDeployAsync" date="2026-01-23T19:08:59.279" /><!-- duration: 0ms -->
    <step title="Updating shutdown sentinel last write time" date="2026-01-23T19:08:59.279" SemaphoreCount="7" /><!-- duration: 0ms -->
    <step title="LockFile &apos;C:\home\site\locks\deployments.lock&apos; acquired" date="2026-01-23T19:08:59.279" /><!-- duration: 16ms -->
    <step title="Saving request content to C:\local\Temp\zipdeploy\5tpoawzf.zip" date="2026-01-23T19:08:59.294" >
      <step title="Total 5,858,417 bytes written to C:\local\Temp\zipdeploy\5tpoawzf.zip" date="2026-01-23T19:08:59.810" /><!-- duration: 0ms -->
    </step><!-- duration: 516ms -->
    <step title="LockFile &apos;C:\home\site\locks\deployments.lock&apos; released" date="2026-01-23T19:08:59.810" /><!-- duration: 0ms -->
    <step title="Deleting shutdown sentinel file" date="2026-01-23T19:08:59.810" SemaphoreCount="8" /><!-- duration: 0ms -->
    <step title="Starting FetchDeploy" date="2026-01-23T19:08:59.810" /><!-- duration: 16ms -->
    <step title="Attempting to fetch target branch HEAD" date="2026-01-23T19:08:59.826" /><!-- duration: 0ms -->
    <step title="Updating shutdown sentinel last write time" date="2026-01-23T19:08:59.826" SemaphoreCount="7" /><!-- duration: 0ms -->
    <step title="LockFile &apos;C:\home\site\locks\deployments.lock&apos; acquired" date="2026-01-23T19:08:59.826" /><!-- duration: 0ms -->
    <step title="Performing fetch based deployment" date="2026-01-23T19:08:59.826" >
      <step title="Creating temporary deployment" date="2026-01-23T19:08:59.841" /><!-- duration: 0ms -->
      <step title="Fetching changes." date="2026-01-23T19:08:59.857" /><!-- duration: 0ms -->
      <step title="Starting LocalZipHandler" date="2026-01-23T19:08:59.857" /><!-- duration: 16ms -->
      <step title="Starting LocalZipFetch" date="2026-01-23T19:08:59.873" /><!-- duration: 0ms -->
      <step title="Cleaning up temp folders from previous zip deployments and extracting pushed zip file C:\local\Temp\zipdeploy\5tpoawzf.zip (5.59 MB) to C:\local\Temp\zipdeploy\extracted" date="2026-01-23T19:08:59.873" /><!-- duration: 0ms -->
      <step title="Cleaning up temp folders from previous zip deployments and extracting pushed zip file C:\local\Temp\zipdeploy\5tpoawzf.zip (5.59 MB) to C:\local\Temp\zipdeploy\extracted" date="2026-01-23T19:08:59.873" >
        <step title="Renaming extractTargetDirectory(C:\local\Temp\zipdeploy\extracted) to tempDirectory(C:\local\Temp\zipdeploy\zs3ssaa1.sfe)" date="2026-01-23T19:08:59.873" /><!-- duration: 0ms -->
        <step title="Extracting 62 entries to C:\local\Temp\zipdeploy\extracted directory" date="2026-01-23T19:08:59.888" >
          <step title="Extracting to C:\local\Temp\zipdeploy\extracted\runtimes\win\lib\net7.0\System.Management.dll ..." date="2026-01-23T19:08:59.888" /><!-- duration: 0ms -->
          <step title="Extracting to C:\local\Temp\zipdeploy\extracted\appsettings.Development.json ..." date="2026-01-23T19:08:59.888" /><!-- duration: 0ms -->
          <step title="Extracting to C:\local\Temp\zipdeploy\extracted\appsettings.json ..." date="2026-01-23T19:08:59.888" /><!-- duration: 16ms -->
          <step title="Extracting to C:\local\Temp\zipdeploy\extracted\Azure.Communication.Email.dll ..." date="2026-01-23T19:08:59.904" /><!-- duration: 0ms -->
          <step title="Extracting to C:\local\Temp\zipdeploy\extracted\Azure.Core.dll ..." date="2026-01-23T19:08:59.904" /><!-- duration: 0ms -->
          <step title="Omitting extracting file traces ..." date="2026-01-23T19:08:59.919" /><!-- duration: 0ms -->
          <step title="Extracting to C:\local\Temp\zipdeploy\extracted\System.Reactive.dll ..." date="2026-01-23T19:09:00.107" /><!-- duration: 16ms -->
          <step title="Extracting to C:\local\Temp\zipdeploy\extracted\web.config ..." date="2026-01-23T19:09:00.123" /><!-- duration: 0ms -->
          <step title="Extracting to C:\local\Temp\zipdeploy\extracted\Websocket.Client.dll ..." date="2026-01-23T19:09:00.123" /><!-- duration: 0ms -->
        </step><!-- duration: 234ms -->
      </step><!-- duration: 250ms -->
      <step title="None repository commit" date="2026-01-23T19:09:00.123" >
        <step title="Commit id: c72ef80de69641858b39129e97ccb45c" date="2026-01-23T19:09:00.123" Message="OneDeploy" AuthorName="N/A" AuthorEmail="N/A" /><!-- duration: 16ms -->
      </step><!-- duration: 16ms -->
      <step title="Before sending BuildRequestReceived status to /api/updatedeploystatus" date="2026-01-23T19:09:00.138" /><!-- duration: 0ms -->
      <step title="DeploymentManager.Deploy(id:c72ef80de69641858b39129e97ccb45c)" date="2026-01-23T19:09:00.138" >
        <step title="Collecting changeset information" date="2026-01-23T19:09:00.138" /><!-- duration: 16ms -->
        <step title="Updating submodules" date="2026-01-23T19:09:00.154" >
          <step title="Updating submodules." date="2026-01-23T19:09:00.169" /><!-- duration: 0ms -->
        </step><!-- duration: 31ms -->
        <step title="Preparing deployment for commit id &apos;c72ef80de6&apos;." date="2026-01-23T19:09:00.201" /><!-- duration: 0ms -->
        <step title="Determining deployment builder" date="2026-01-23T19:09:00.216" >
          <step title="Builder is OneDeployBuilder" date="2026-01-23T19:09:00.216" /><!-- duration: 0ms -->
        </step><!-- duration: 0ms -->
        <step title="Copying SSH keys" date="2026-01-23T19:09:00.216" /><!-- duration: 0ms -->
        <step title="Building" date="2026-01-23T19:09:00.232" >
          <step title="Running build. Project type: OneDeploy" date="2026-01-23T19:09:00.248" /><!-- duration: 0ms -->
          <step title="Copying the manifest" date="2026-01-23T19:09:00.263" /><!-- duration: 0ms -->
          <step title="Clean deploying to C:\home\site\wwwroot" date="2026-01-23T19:09:00.279" /><!-- duration: 0ms -->
          <step title="Generating deployment script." date="2026-01-23T19:09:00.294" /><!-- duration: 16ms -->
          <step title="Generating deployment script" date="2026-01-23T19:09:00.310" >
            <step title="Using cached version of the deployment script for command: -y --no-dot-deployment -r &quot;C:\local\Temp\zipdeploy\extracted&quot; -o &quot;C:\home\site\deployments\tools&quot; --basic --sitePath &quot;C:\local\Temp\zipdeploy\extracted&quot;" date="2026-01-23T19:09:00.310" /><!-- duration: 0ms -->
            <step title="Using cached version of deployment script (command: &apos;azure -y --no-dot-deployment -r &quot;C:\local\Temp\zipdeploy\extracted&quot; -o &quot;C:\home\site\deployments\tools&quot; --basic --sitePath &quot;C:\local\Temp\zipdeploy\extracted&quot;&apos;)." date="2026-01-23T19:09:00.326" /><!-- duration: 0ms -->
          </step><!-- duration: 31ms -->
          <step title="Running deployment command..." date="2026-01-23T19:09:00.357" /><!-- duration: 0ms -->
          <step title="Command: &quot;C:\home\site\deployments\tools\deploy.cmd&quot;" date="2026-01-23T19:09:00.357" /><!-- duration: 0ms -->
          <step title="Executing external process" date="2026-01-23T19:09:00.373" type="process" path="starter.cmd" arguments="&quot;C:\home\site\deployments\tools\deploy.cmd&quot;" >
            <step title="Handling Basic Web Site deployment." date="2026-01-23T19:09:00.466" /><!-- duration: 0ms -->
            <step title="Creating app_offline.htm" date="2026-01-23T19:09:00.560" /><!-- duration: 0ms -->
            <step title="KuduSync.NET from: &apos;C:\local\Temp\zipdeploy\extracted&apos; to: &apos;C:\home\site\wwwroot&apos;" date="2026-01-23T19:09:00.560" /><!-- duration: 16ms -->
            <step title="Deleting file: &apos;publish\appsettings.Development.json&apos;" date="2026-01-23T19:09:00.576" /><!-- duration: 0ms -->
            <step title="Deleting file: &apos;publish\appsettings.json&apos;" date="2026-01-23T19:09:00.576" /><!-- duration: 0ms -->
            <step title="Deleting file: &apos;publish\PawPal.Api.deps.json&apos;" date="2026-01-23T19:09:00.576" /><!-- duration: 16ms -->
            <step title="Deleting file: &apos;publish\PawPal.Api.runtimeconfig.json&apos;" date="2026-01-23T19:09:00.591" /><!-- duration: 0ms -->
            <step title="Deleting file: &apos;publish\PawPal.Api.staticwebassets.endpoints.json&apos;" date="2026-01-23T19:09:00.591" /><!-- duration: 0ms -->
            <step title="Deleting file: &apos;publish\web.config&apos;" date="2026-01-23T19:09:00.607" /><!-- duration: 0ms -->
            <step title="Deleting file: &apos;publish\publish\appsettings.Development.json&apos;" date="2026-01-23T19:09:00.607" /><!-- duration: 0ms -->
            <step title="Deleting file: &apos;publish\publish\appsettings.json&apos;" date="2026-01-23T19:09:00.607" /><!-- duration: 0ms -->
            <step title="Deleting file: &apos;publish\publish\PawPal.Api.deps.json&apos;" date="2026-01-23T19:09:00.623" /><!-- duration: 0ms -->
            <step title="Deleting file: &apos;publish\publish\PawPal.Api.runtimeconfig.json&apos;" date="2026-01-23T19:09:00.623" /><!-- duration: 0ms -->
            <step title="Deleting file: &apos;publish\publish\PawPal.Api.staticwebassets.endpoints.json&apos;" date="2026-01-23T19:09:00.623" /><!-- duration: 0ms -->
            <step title="Deleting file: &apos;publish\publish\web.config&apos;" date="2026-01-23T19:09:00.638" /><!-- duration: 0ms -->
            <step title="Deleting file: &apos;publish\publish\publish\appsettings.Development.json&apos;" date="2026-01-23T19:09:00.638" /><!-- duration: 0ms -->
            <step title="Deleting file: &apos;publish\publish\publish\appsettings.json&apos;" date="2026-01-23T19:09:00.654" /><!-- duration: 0ms -->
            <step title="Deleting file: &apos;publish\publish\publish\PawPal.Api.deps.json&apos;" date="2026-01-23T19:09:00.654" /><!-- duration: 0ms -->
            <step title="Deleting file: &apos;publish\publish\publish\PawPal.Api.runtimeconfig.json&apos;" date="2026-01-23T19:09:00.654" /><!-- duration: 0ms -->
            <step title="Deleting file: &apos;publish\publish\publish\PawPal.Api.staticwebassets.endpoints.json&apos;" date="2026-01-23T19:09:00.669" /><!-- duration: 0ms -->
            <step title="Deleting file: &apos;publish\publish\publish\web.config&apos;" date="2026-01-23T19:09:00.669" /><!-- duration: 0ms -->
            <step title="Deleting file: &apos;publish\publish\publish\publish\appsettings.Development.json&apos;" date="2026-01-23T19:09:00.669" /><!-- duration: 0ms -->
            <step title="Deleting file: &apos;publish\publish\publish\publish\appsettings.json&apos;" date="2026-01-23T19:09:00.685" /><!-- duration: 0ms -->
            <step title="Deleting file: &apos;publish\publish\publish\publish\PawPal.Api.deps.json&apos;" date="2026-01-23T19:09:00.685" /><!-- duration: 0ms -->
            <step title="Deleting file: &apos;publish\publish\publish\publish\PawPal.Api.runtimeconfig.json&apos;" date="2026-01-23T19:09:00.685" /><!-- duration: 0ms -->
            <step title="Deleting file: &apos;publish\publish\publish\publish\PawPal.Api.staticwebassets.endpoints.json&apos;" date="2026-01-23T19:09:00.701" /><!-- duration: 0ms -->
            <step title="Deleting file: &apos;publish\publish\publish\publish\web.config&apos;" date="2026-01-23T19:09:00.716" /><!-- duration: 0ms -->
            <step title="Deleting file: &apos;publish\publish\publish\publish\publish\appsettings.Development.json&apos;" date="2026-01-23T19:09:00.716" /><!-- duration: 0ms -->
            <step title="Deleting file: &apos;publish\publish\publish\publish\publish\appsettings.json&apos;" date="2026-01-23T19:09:00.716" /><!-- duration: 0ms -->
            <step title="Deleting file: &apos;publish\publish\publish\publish\publish\PawPal.Api.deps.json&apos;" date="2026-01-23T19:09:00.732" /><!-- duration: 0ms -->
            <step title="Deleting file: &apos;publish\publish\publish\publish\publish\PawPal.Api.runtimeconfig.json&apos;" date="2026-01-23T19:09:00.732" /><!-- duration: 0ms -->
            <step title="Deleting file: &apos;publish\publish\publish\publish\publish\PawPal.Api.staticwebassets.endpoints.json&apos;" date="2026-01-23T19:09:00.732" /><!-- duration: 16ms -->
            <step title="Deleting file: &apos;publish\publish\publish\publish\publish\web.config&apos;" date="2026-01-23T19:09:00.748" /><!-- duration: 0ms -->
            <step title="Deleting file: &apos;publish\publish\publish\publish\publish\publish\appsettings.Development.json&apos;" date="2026-01-23T19:09:00.748" /><!-- duration: 0ms -->
            <step title="Deleting file: &apos;publish\publish\publish\publish\publish\publish\appsettings.json&apos;" date="2026-01-23T19:09:00.763" /><!-- duration: 0ms -->
            <step title="Deleting file: &apos;publish\publish\publish\publish\publish\publish\PawPal.Api.deps.json&apos;" date="2026-01-23T19:09:00.763" /><!-- duration: 0ms -->
            <step title="Deleting file: &apos;publish\publish\publish\publish\publish\publish\PawPal.Api.runtimeconfig.json&apos;" date="2026-01-23T19:09:00.779" /><!-- duration: 0ms -->
            <step title="Deleting file: &apos;publish\publish\publish\publish\publish\publish\PawPal.Api.staticwebassets.endpoints.json&apos;" date="2026-01-23T19:09:00.779" /><!-- duration: 0ms -->
            <step title="Deleting file: &apos;publish\publish\publish\publish\publish\publish\web.config&apos;" date="2026-01-23T19:09:00.779" /><!-- duration: 0ms -->
            <step title="Deleting file: &apos;publish\publish\publish\publish\publish\publish\publish\appsettings.Development.json&apos;" date="2026-01-23T19:09:00.794" /><!-- duration: 0ms -->
            <step title="Deleting file: &apos;publish\publish\publish\publish\publish\publish\publish\appsettings.json&apos;" date="2026-01-23T19:09:00.794" /><!-- duration: 0ms -->
            <step title="Deleting file: &apos;publish\publish\publish\publish\publish\publish\publish\PawPal.Api.deps.json&apos;" date="2026-01-23T19:09:00.794" /><!-- duration: 0ms -->
            <step title="Deleting file: &apos;publish\publish\publish\publish\publish\publish\publish\PawPal.Api.runtimeconfig.json&apos;" date="2026-01-23T19:09:00.810" /><!-- duration: 0ms -->
            <step title="Deleting file: &apos;publish\publish\publish\publish\publish\publish\publish\PawPal.Api.staticwebassets.endpoints.json&apos;" date="2026-01-23T19:09:00.810" /><!-- duration: 0ms -->
            <step title="Deleting file: &apos;publish\publish\publish\publish\publish\publish\publish\web.config&apos;" date="2026-01-23T19:09:00.826" /><!-- duration: 0ms -->
            <step title="Deleting file: &apos;publish\publish\publish\publish\publish\publish\publish\publish\appsettings.Development.json&apos;" date="2026-01-23T19:09:00.826" /><!-- duration: 0ms -->
            <step title="Deleting file: &apos;publish\publish\publish\publish\publish\publish\publish\publish\appsettings.json&apos;" date="2026-01-23T19:09:00.826" /><!-- duration: 0ms -->
            <step title="Deleting file: &apos;publish\publish\publish\publish\publish\publish\publish\publish\PawPal.Api.deps.json&apos;" date="2026-01-23T19:09:00.841" /><!-- duration: 0ms -->
            <step title="Deleting file: &apos;publish\publish\publish\publish\publish\publish\publish\publish\PawPal.Api.runtimeconfig.json&apos;" date="2026-01-23T19:09:00.841" /><!-- duration: 0ms -->
            <step title="Deleting file: &apos;publish\publish\publish\publish\publish\publish\publish\publish\PawPal.Api.staticwebassets.endpoints.json&apos;" date="2026-01-23T19:09:00.841" /><!-- duration: 0ms -->
            <step title="Deleting file: &apos;publish\publish\publish\publish\publish\publish\publish\publish\web.config&apos;" date="2026-01-23T19:09:00.857" /><!-- duration: 0ms -->
            <step title="Omitting next output lines..." date="2026-01-23T19:09:00.857" /><!-- duration: 0ms -->
            <step title="Finished successfully." date="2026-01-23T19:09:03.294" /><!-- duration: 0ms -->
          </step><!-- duration: 2922ms -->
          <step title="Build completed succesfully." date="2026-01-23T19:09:03.310" /><!-- duration: 0ms -->
          <step title="Running post deployment command(s)..." date="2026-01-23T19:09:03.326" /><!-- duration: 0ms -->
          <step title="Requesting site restart" date="2026-01-23T19:09:03.341" /><!-- duration: 0ms -->
          <step title="Requesting site restart" date="2026-01-23T19:09:03.341" /><!-- duration: 0ms -->
          <step title="Requesting site restart. Attempt #1" date="2026-01-23T19:09:03.357" /><!-- duration: 0ms -->
          <step title="Requesting site restart. Attempt #1" date="2026-01-23T19:09:03.357" /><!-- duration: 0ms -->
          <step title="Successfully requested a restart. Attempt #1" date="2026-01-23T19:09:03.419" /><!-- duration: 16ms -->
          <step title="Successfully requested a restart. Attempt #1" date="2026-01-23T19:09:03.435" /><!-- duration: 0ms -->
          <step title="Deployment successful. DEPLOYMENTINFO: deploymentPath = OneDeploy, deployer = OneDeploy, os = windows, sku = Free, siteName = gofetch-api, siteHostName = gofetch-api-adcnhwbqcsdsb0h3.germanywestcentral-01.azurewebsites.net, deploymentStatus = Success" date="2026-01-23T19:09:03.451" /><!-- duration: 0ms -->
          <step title="Purge deployment items" date="2026-01-23T19:09:03.482" >
            <step title="Remove c464e56b1, Success, received at 1/22/2026 9:38:14 PM" date="2026-01-23T19:09:03.498" /><!-- duration: 0ms -->
          </step><!-- duration: 16ms -->
        </step><!-- duration: 3281ms -->
      </step><!-- duration: 3375ms -->
      <step title="Cleaning up temp files" date="2026-01-23T19:09:03.513" /><!-- duration: 0ms -->
      <step title="Skip function trigger and logicapp sync because function is not enabled." date="2026-01-23T19:09:03.513" /><!-- duration: 0ms -->
    </step><!-- duration: 3703ms -->
    <step title="LockFile &apos;C:\home\site\locks\deployments.lock&apos; released" date="2026-01-23T19:09:03.529" /><!-- duration: 0ms -->
    <step title="Deleting shutdown sentinel file" date="2026-01-23T19:09:03.529" SemaphoreCount="8" /><!-- duration: 16ms -->
  </step><!-- duration: 4266ms -->
  <step title="Outgoing response" date="2026-01-23T19:09:03.544" type="response" statusCode="200" statusText="OK" Server="Microsoft-IIS/10.0" x-ms-request-id="f6f4989a-f88e-11f0-a79b-8a09bd1642c0" Cache-Control="private" X-AspNet-Version="4.0.30319" /><!-- duration: 0ms -->
</step><!-- duration: 4281ms -->
