<step title="Incoming Request" date="2026-01-18T22:33:55.665" instance="79e06d" url="/api/publish?type=zip" method="POST" type="request" pid="17788,2,143" Cache-Control="no-cache" Content-Length="16227682" Content-Type="application/octet-stream" Accept="*/*" Accept-Encoding="gzip, deflate" Authorization="Bea..." Host="gofetch-api-adcnhwbqcsdsb0h3.scm.germanywestcentral-01.azurewebsites.net" User-Agent="AZURECLI/2.79.0 (MSI)" x-ms-client-request-id="c3f5e66f-f4bd-11f0-ae35-d4a9ab8009b2" X-ARR-LOG-ID="c3f5e66f-f4bd-11f0-ae35-d4a9ab8009b2" CLIENT-IP="83.139.66.94:51709" X-SITE-DEPLOYMENT-ID="gofetch-api" WAS-DEFAULT-HOSTNAME="gofetch-api-adcnhwbqcsdsb0h3.scm.germanywestcentral-01.azurewebsites.net" X-Forwarded-Proto="https" X-AppService-Proto="https" X-Forwarded-TlsVersion="1.3" X-WAWS-Unencoded-URL="/api/publish?type=zip" >
  <step title="Cleanup Xml Logs" date="2026-01-18T22:33:55.665" /><!-- duration: 0ms -->
  <step title="OneDeploy" date="2026-01-18T22:33:55.680" >
    <step title="Starting PushDeployAsync" date="2026-01-18T22:33:55.680" /><!-- duration: 0ms -->
    <step title="Updating shutdown sentinel last write time" date="2026-01-18T22:33:55.696" SemaphoreCount="7" /><!-- duration: 0ms -->
    <step title="LockFile &apos;C:\home\site\locks\deployments.lock&apos; acquired" date="2026-01-18T22:33:55.696" /><!-- duration: 0ms -->
    <step title="Saving request content to C:\local\Temp\zipdeploy\n5l14aah.zip" date="2026-01-18T22:33:55.696" >
      <step title="Total 16,227,682 bytes written to C:\local\Temp\zipdeploy\n5l14aah.zip" date="2026-01-18T22:33:57.118" /><!-- duration: 0ms -->
    </step><!-- duration: 1422ms -->
    <step title="LockFile &apos;C:\home\site\locks\deployments.lock&apos; released" date="2026-01-18T22:33:57.118" /><!-- duration: 0ms -->
    <step title="Deleting shutdown sentinel file" date="2026-01-18T22:33:57.118" SemaphoreCount="8" /><!-- duration: 0ms -->
    <step title="Starting FetchDeploy" date="2026-01-18T22:33:57.133" /><!-- duration: 0ms -->
    <step title="Attempting to fetch target branch HEAD" date="2026-01-18T22:33:57.133" /><!-- duration: 0ms -->
    <step title="Updating shutdown sentinel last write time" date="2026-01-18T22:33:57.133" SemaphoreCount="7" /><!-- duration: 0ms -->
    <step title="LockFile &apos;C:\home\site\locks\deployments.lock&apos; acquired" date="2026-01-18T22:33:57.133" /><!-- duration: 0ms -->
    <step title="Performing fetch based deployment" date="2026-01-18T22:33:57.133" >
      <step title="Creating temporary deployment" date="2026-01-18T22:33:57.149" /><!-- duration: 0ms -->
      <step title="Fetching changes." date="2026-01-18T22:33:57.165" /><!-- duration: 0ms -->
      <step title="Starting LocalZipHandler" date="2026-01-18T22:33:57.165" /><!-- duration: 0ms -->
      <step title="Starting LocalZipFetch" date="2026-01-18T22:33:57.180" /><!-- duration: 0ms -->
      <step title="Cleaning up temp folders from previous zip deployments and extracting pushed zip file C:\local\Temp\zipdeploy\n5l14aah.zip (15.48 MB) to C:\local\Temp\zipdeploy\extracted" date="2026-01-18T22:33:57.180" /><!-- duration: 0ms -->
      <step title="Cleaning up temp folders from previous zip deployments and extracting pushed zip file C:\local\Temp\zipdeploy\n5l14aah.zip (15.48 MB) to C:\local\Temp\zipdeploy\extracted" date="2026-01-18T22:33:57.180" >
        <step title="Renaming extractTargetDirectory(C:\local\Temp\zipdeploy\extracted) to tempDirectory(C:\local\Temp\zipdeploy\jxujjhui.ibp)" date="2026-01-18T22:33:57.180" /><!-- duration: 0ms -->
        <step title="Extracting 231 entries to C:\local\Temp\zipdeploy\extracted directory" date="2026-01-18T22:33:57.196" >
          <step title="Extracting to C:\local\Temp\zipdeploy\extracted\latest\appsettings.Development.json ..." date="2026-01-18T22:33:57.196" /><!-- duration: 0ms -->
          <step title="Extracting to C:\local\Temp\zipdeploy\extracted\latest\appsettings.json ..." date="2026-01-18T22:33:57.196" /><!-- duration: 0ms -->
          <step title="Extracting to C:\local\Temp\zipdeploy\extracted\latest\Azure.Communication.Email.dll ..." date="2026-01-18T22:33:57.196" /><!-- duration: 16ms -->
          <step title="Extracting to C:\local\Temp\zipdeploy\extracted\latest\Azure.Core.dll ..." date="2026-01-18T22:33:57.212" /><!-- duration: 0ms -->
          <step title="Extracting to C:\local\Temp\zipdeploy\extracted\latest\Google.Apis.Auth.dll ..." date="2026-01-18T22:33:57.212" /><!-- duration: 16ms -->
          <step title="Omitting extracting file traces ..." date="2026-01-18T22:33:57.227" /><!-- duration: 0ms -->
        </step><!-- duration: 484ms -->
      </step><!-- duration: 500ms -->
      <step title="None repository commit" date="2026-01-18T22:33:57.680" >
        <step title="Commit id: 636ca3ab62e648efa64cb66ec99b84be" date="2026-01-18T22:33:57.696" Message="OneDeploy" AuthorName="N/A" AuthorEmail="N/A" /><!-- duration: 0ms -->
      </step><!-- duration: 16ms -->
      <step title="Before sending BuildRequestReceived status to /api/updatedeploystatus" date="2026-01-18T22:33:57.696" /><!-- duration: 0ms -->
      <step title="DeploymentManager.Deploy(id:636ca3ab62e648efa64cb66ec99b84be)" date="2026-01-18T22:33:57.696" >
        <step title="Collecting changeset information" date="2026-01-18T22:33:57.696" /><!-- duration: 16ms -->
        <step title="Updating submodules" date="2026-01-18T22:33:57.712" >
          <step title="Updating submodules." date="2026-01-18T22:33:57.743" /><!-- duration: 0ms -->
        </step><!-- duration: 31ms -->
        <step title="Preparing deployment for commit id &apos;636ca3ab62&apos;." date="2026-01-18T22:33:57.758" /><!-- duration: 0ms -->
        <step title="Determining deployment builder" date="2026-01-18T22:33:57.774" >
          <step title="Builder is OneDeployBuilder" date="2026-01-18T22:33:57.774" /><!-- duration: 0ms -->
        </step><!-- duration: 0ms -->
        <step title="Copying SSH keys" date="2026-01-18T22:33:57.774" /><!-- duration: 16ms -->
        <step title="Building" date="2026-01-18T22:33:57.790" >
          <step title="Running build. Project type: OneDeploy" date="2026-01-18T22:33:57.790" /><!-- duration: 16ms -->
          <step title="Copying the manifest" date="2026-01-18T22:33:57.805" /><!-- duration: 16ms -->
          <step title="Clean deploying to C:\home\site\wwwroot" date="2026-01-18T22:33:57.837" /><!-- duration: 0ms -->
          <step title="Generating deployment script." date="2026-01-18T22:33:57.852" /><!-- duration: 0ms -->
          <step title="Generating deployment script" date="2026-01-18T22:33:57.852" >
            <step title="Using cached version of the deployment script for command: -y --no-dot-deployment -r &quot;C:\local\Temp\zipdeploy\extracted&quot; -o &quot;C:\home\site\deployments\tools&quot; --basic --sitePath &quot;C:\local\Temp\zipdeploy\extracted&quot;" date="2026-01-18T22:33:57.852" /><!-- duration: 0ms -->
            <step title="Using cached version of deployment script (command: &apos;azure -y --no-dot-deployment -r &quot;C:\local\Temp\zipdeploy\extracted&quot; -o &quot;C:\home\site\deployments\tools&quot; --basic --sitePath &quot;C:\local\Temp\zipdeploy\extracted&quot;&apos;)." date="2026-01-18T22:33:57.883" /><!-- duration: 0ms -->
          </step><!-- duration: 31ms -->
          <step title="Running deployment command..." date="2026-01-18T22:33:57.899" /><!-- duration: 0ms -->
          <step title="Command: &quot;C:\home\site\deployments\tools\deploy.cmd&quot;" date="2026-01-18T22:33:57.915" /><!-- duration: 0ms -->
          <step title="Executing external process" date="2026-01-18T22:33:57.915" type="process" path="starter.cmd" arguments="&quot;C:\home\site\deployments\tools\deploy.cmd&quot;" >
            <step title="Handling Basic Web Site deployment." date="2026-01-18T22:33:58.008" /><!-- duration: 0ms -->
            <step title="Creating app_offline.htm" date="2026-01-18T22:34:00.540" /><!-- duration: 0ms -->
            <step title="KuduSync.NET from: &apos;C:\local\Temp\zipdeploy\extracted&apos; to: &apos;C:\home\site\wwwroot&apos;" date="2026-01-18T22:34:00.540" /><!-- duration: 0ms -->
            <step title="Copying file: &apos;PawPal.Api.dll&apos;" date="2026-01-18T22:34:00.555" /><!-- duration: 0ms -->
            <step title="Copying file: &apos;PawPal.Api.exe&apos;" date="2026-01-18T22:34:00.555" /><!-- duration: 0ms -->
            <step title="Copying file: &apos;PawPal.Api.pdb&apos;" date="2026-01-18T22:34:00.555" /><!-- duration: 16ms -->
            <step title="Deleting app_offline.htm" date="2026-01-18T22:34:00.571" /><!-- duration: 0ms -->
            <step title="Finished successfully." date="2026-01-18T22:34:00.571" /><!-- duration: 0ms -->
          </step><!-- duration: 2656ms -->
          <step title="Build completed succesfully." date="2026-01-18T22:34:00.587" /><!-- duration: 0ms -->
          <step title="Running post deployment command(s)..." date="2026-01-18T22:34:00.602" /><!-- duration: 0ms -->
          <step title="Requesting site restart" date="2026-01-18T22:34:00.618" /><!-- duration: 0ms -->
          <step title="Requesting site restart" date="2026-01-18T22:34:00.618" /><!-- duration: 16ms -->
          <step title="Requesting site restart. Attempt #1" date="2026-01-18T22:34:00.649" /><!-- duration: 0ms -->
          <step title="Requesting site restart. Attempt #1" date="2026-01-18T22:34:00.649" /><!-- duration: 0ms -->
          <step title="Successfully requested a restart. Attempt #1" date="2026-01-18T22:34:00.712" /><!-- duration: 0ms -->
          <step title="Successfully requested a restart. Attempt #1" date="2026-01-18T22:34:00.712" /><!-- duration: 0ms -->
          <step title="Deployment successful. DEPLOYMENTINFO: deploymentPath = OneDeploy, deployer = OneDeploy, os = windows, sku = Free, siteName = gofetch-api, siteHostName = gofetch-api-adcnhwbqcsdsb0h3.germanywestcentral-01.azurewebsites.net, deploymentStatus = Success" date="2026-01-18T22:34:00.727" /><!-- duration: 0ms -->
          <step title="Purge deployment items" date="2026-01-18T22:34:00.758" >
            <step title="Remove 2a4f0477b, Success, received at 1/18/2026 9:17:57 PM" date="2026-01-18T22:34:00.774" /><!-- duration: 0ms -->
          </step><!-- duration: 31ms -->
        </step><!-- duration: 3000ms -->
      </step><!-- duration: 3094ms -->
      <step title="Cleaning up temp files" date="2026-01-18T22:34:00.790" /><!-- duration: 0ms -->
      <step title="Skip function trigger and logicapp sync because function is not enabled." date="2026-01-18T22:34:00.790" /><!-- duration: 0ms -->
    </step><!-- duration: 3672ms -->
    <step title="LockFile &apos;C:\home\site\locks\deployments.lock&apos; released" date="2026-01-18T22:34:00.805" /><!-- duration: 0ms -->
    <step title="Deleting shutdown sentinel file" date="2026-01-18T22:34:00.821" SemaphoreCount="8" /><!-- duration: 0ms -->
  </step><!-- duration: 5141ms -->
  <step title="Outgoing response" date="2026-01-18T22:34:00.821" type="response" statusCode="200" statusText="OK" Server="Microsoft-IIS/10.0" x-ms-request-id="c3f5e66f-f4bd-11f0-ae35-d4a9ab8009b2" Cache-Control="private" X-AspNet-Version="4.0.30319" /><!-- duration: 0ms -->
</step><!-- duration: 5156ms -->
