<step title="Incoming Request" date="2026-01-23T18:00:15.085" instance="79e06d" url="/api/publish?type=zip" method="POST" type="request" pid="25284,2,73" Cache-Control="no-cache" Content-Length="6173631" Content-Type="application/octet-stream" Accept="*/*" Accept-Encoding="gzip, deflate" Authorization="Bea..." Host="gofetch-api-adcnhwbqcsdsb0h3.scm.germanywestcentral-01.azurewebsites.net" User-Agent="AZURECLI/2.79.0 (MSI)" x-ms-client-request-id="57fa678d-f885-11f0-96b1-8a09bd1642c0" X-ARR-LOG-ID="57fa678d-f885-11f0-96b1-8a09bd1642c0" CLIENT-IP="83.139.66.94:50890" X-SITE-DEPLOYMENT-ID="gofetch-api" WAS-DEFAULT-HOSTNAME="gofetch-api-adcnhwbqcsdsb0h3.scm.germanywestcentral-01.azurewebsites.net" X-Forwarded-Proto="https" X-AppService-Proto="https" X-Forwarded-TlsVersion="1.3" X-WAWS-Unencoded-URL="/api/publish?type=zip" >
  <step title="Cleanup Xml Logs" date="2026-01-23T18:00:15.085" /><!-- duration: 0ms -->
  <step title="OneDeploy" date="2026-01-23T18:00:15.085" >
    <step title="Starting PushDeployAsync" date="2026-01-23T18:00:15.085" /><!-- duration: 0ms -->
    <step title="Updating shutdown sentinel last write time" date="2026-01-23T18:00:15.101" SemaphoreCount="7" /><!-- duration: 0ms -->
    <step title="LockFile &apos;C:\home\site\locks\deployments.lock&apos; acquired" date="2026-01-23T18:00:15.101" /><!-- duration: 0ms -->
    <step title="Saving request content to C:\local\Temp\zipdeploy\4jtz4wsh.zip" date="2026-01-23T18:00:15.116" >
      <step title="Total 6,173,631 bytes written to C:\local\Temp\zipdeploy\4jtz4wsh.zip" date="2026-01-23T18:00:15.585" /><!-- duration: 0ms -->
    </step><!-- duration: 469ms -->
    <step title="LockFile &apos;C:\home\site\locks\deployments.lock&apos; released" date="2026-01-23T18:00:15.585" /><!-- duration: 0ms -->
    <step title="Deleting shutdown sentinel file" date="2026-01-23T18:00:15.585" SemaphoreCount="8" /><!-- duration: 0ms -->
    <step title="Starting FetchDeploy" date="2026-01-23T18:00:15.601" /><!-- duration: 0ms -->
    <step title="Attempting to fetch target branch HEAD" date="2026-01-23T18:00:15.601" /><!-- duration: 0ms -->
    <step title="Updating shutdown sentinel last write time" date="2026-01-23T18:00:15.601" SemaphoreCount="7" /><!-- duration: 0ms -->
    <step title="LockFile &apos;C:\home\site\locks\deployments.lock&apos; acquired" date="2026-01-23T18:00:15.601" /><!-- duration: 0ms -->
    <step title="Performing fetch based deployment" date="2026-01-23T18:00:15.616" >
      <step title="Creating temporary deployment" date="2026-01-23T18:00:15.616" /><!-- duration: 0ms -->
      <step title="Fetching changes." date="2026-01-23T18:00:15.632" /><!-- duration: 0ms -->
      <step title="Starting LocalZipHandler" date="2026-01-23T18:00:15.647" /><!-- duration: 0ms -->
      <step title="Starting LocalZipFetch" date="2026-01-23T18:00:15.647" /><!-- duration: 0ms -->
      <step title="Cleaning up temp folders from previous zip deployments and extracting pushed zip file C:\local\Temp\zipdeploy\4jtz4wsh.zip (5.89 MB) to C:\local\Temp\zipdeploy\extracted" date="2026-01-23T18:00:15.647" /><!-- duration: 0ms -->
      <step title="Cleaning up temp folders from previous zip deployments and extracting pushed zip file C:\local\Temp\zipdeploy\4jtz4wsh.zip (5.89 MB) to C:\local\Temp\zipdeploy\extracted" date="2026-01-23T18:00:15.647" >
        <step title="Renaming extractTargetDirectory(C:\local\Temp\zipdeploy\extracted) to tempDirectory(C:\local\Temp\zipdeploy\lsttcmnd.uvt)" date="2026-01-23T18:00:15.647" /><!-- duration: 0ms -->
        <step title="Extracting 176 entries to C:\local\Temp\zipdeploy\extracted directory" date="2026-01-23T18:00:15.663" >
          <step title="Extracting to C:\local\Temp\zipdeploy\extracted\publish\appsettings.Development.json ..." date="2026-01-23T18:00:15.663" /><!-- duration: 0ms -->
          <step title="Extracting to C:\local\Temp\zipdeploy\extracted\publish\appsettings.json ..." date="2026-01-23T18:00:15.663" /><!-- duration: 0ms -->
          <step title="Extracting to C:\local\Temp\zipdeploy\extracted\publish\PawPal.Api.deps.json ..." date="2026-01-23T18:00:15.663" /><!-- duration: 0ms -->
          <step title="Extracting to C:\local\Temp\zipdeploy\extracted\publish\PawPal.Api.runtimeconfig.json ..." date="2026-01-23T18:00:15.663" /><!-- duration: 16ms -->
          <step title="Extracting to C:\local\Temp\zipdeploy\extracted\publish\PawPal.Api.staticwebassets.endpoints.json ..." date="2026-01-23T18:00:15.679" /><!-- duration: 0ms -->
          <step title="Omitting extracting file traces ..." date="2026-01-23T18:00:15.679" /><!-- duration: 0ms -->
          <step title="Extracting to C:\local\Temp\zipdeploy\extracted\System.Reactive.dll ..." date="2026-01-23T18:00:15.944" /><!-- duration: 16ms -->
          <step title="Extracting to C:\local\Temp\zipdeploy\extracted\web.config ..." date="2026-01-23T18:00:15.960" /><!-- duration: 0ms -->
          <step title="Extracting to C:\local\Temp\zipdeploy\extracted\Websocket.Client.dll ..." date="2026-01-23T18:00:15.960" /><!-- duration: 16ms -->
        </step><!-- duration: 313ms -->
      </step><!-- duration: 328ms -->
      <step title="None repository commit" date="2026-01-23T18:00:15.976" >
        <step title="Commit id: f82c06e236b54787925beed0cf21af12" date="2026-01-23T18:00:15.976" Message="OneDeploy" AuthorName="N/A" AuthorEmail="N/A" /><!-- duration: 0ms -->
      </step><!-- duration: 0ms -->
      <step title="Before sending BuildRequestReceived status to /api/updatedeploystatus" date="2026-01-23T18:00:15.976" /><!-- duration: 0ms -->
      <step title="DeploymentManager.Deploy(id:f82c06e236b54787925beed0cf21af12)" date="2026-01-23T18:00:15.976" >
        <step title="Collecting changeset information" date="2026-01-23T18:00:15.991" /><!-- duration: 0ms -->
        <step title="Updating submodules" date="2026-01-23T18:00:16.007" >
          <step title="Updating submodules." date="2026-01-23T18:00:16.007" /><!-- duration: 0ms -->
        </step><!-- duration: 16ms -->
        <step title="Preparing deployment for commit id &apos;f82c06e236&apos;." date="2026-01-23T18:00:16.038" /><!-- duration: 0ms -->
        <step title="Determining deployment builder" date="2026-01-23T18:00:16.054" >
          <step title="Builder is OneDeployBuilder" date="2026-01-23T18:00:16.054" /><!-- duration: 0ms -->
        </step><!-- duration: 0ms -->
        <step title="Copying SSH keys" date="2026-01-23T18:00:16.054" /><!-- duration: 16ms -->
        <step title="Building" date="2026-01-23T18:00:16.069" >
          <step title="Running build. Project type: OneDeploy" date="2026-01-23T18:00:16.069" /><!-- duration: 16ms -->
          <step title="Copying the manifest" date="2026-01-23T18:00:16.085" /><!-- duration: 0ms -->
          <step title="Clean deploying to C:\home\site\wwwroot" date="2026-01-23T18:00:16.132" /><!-- duration: 0ms -->
          <step title="Generating deployment script." date="2026-01-23T18:00:16.147" /><!-- duration: 0ms -->
          <step title="Generating deployment script" date="2026-01-23T18:00:16.147" >
            <step title="Using cached version of the deployment script for command: -y --no-dot-deployment -r &quot;C:\local\Temp\zipdeploy\extracted&quot; -o &quot;C:\home\site\deployments\tools&quot; --basic --sitePath &quot;C:\local\Temp\zipdeploy\extracted&quot;" date="2026-01-23T18:00:16.163" /><!-- duration: 0ms -->
            <step title="Using cached version of deployment script (command: &apos;azure -y --no-dot-deployment -r &quot;C:\local\Temp\zipdeploy\extracted&quot; -o &quot;C:\home\site\deployments\tools&quot; --basic --sitePath &quot;C:\local\Temp\zipdeploy\extracted&quot;&apos;)." date="2026-01-23T18:00:16.194" /><!-- duration: 0ms -->
          </step><!-- duration: 63ms -->
          <step title="Running deployment command..." date="2026-01-23T18:00:16.226" /><!-- duration: 0ms -->
          <step title="Command: &quot;C:\home\site\deployments\tools\deploy.cmd&quot;" date="2026-01-23T18:00:16.226" /><!-- duration: 0ms -->
          <step title="Executing external process" date="2026-01-23T18:00:16.241" type="process" path="starter.cmd" arguments="&quot;C:\home\site\deployments\tools\deploy.cmd&quot;" >
            <step title="Handling Basic Web Site deployment." date="2026-01-23T18:00:16.335" /><!-- duration: 0ms -->
            <step title="Creating app_offline.htm" date="2026-01-23T18:00:16.491" /><!-- duration: 0ms -->
            <step title="KuduSync.NET from: &apos;C:\local\Temp\zipdeploy\extracted&apos; to: &apos;C:\home\site\wwwroot&apos;" date="2026-01-23T18:00:16.491" /><!-- duration: 0ms -->
            <step title="Copying file: &apos;PawPal.Api.dll&apos;" date="2026-01-23T18:00:16.491" /><!-- duration: 0ms -->
            <step title="Copying file: &apos;PawPal.Api.exe&apos;" date="2026-01-23T18:00:16.507" /><!-- duration: 0ms -->
            <step title="Copying file: &apos;PawPal.Api.pdb&apos;" date="2026-01-23T18:00:16.507" /><!-- duration: 0ms -->
            <step title="Copying file: &apos;publish\publish\publish\publish\publish\appsettings.Development.json&apos;" date="2026-01-23T18:00:16.507" /><!-- duration: 16ms -->
            <step title="Copying file: &apos;publish\publish\publish\publish\publish\publish\appsettings.json&apos;" date="2026-01-23T18:00:16.522" /><!-- duration: 0ms -->
            <step title="Copying file: &apos;publish\publish\publish\publish\publish\publish\publish\publish\appsettings.Development.json&apos;" date="2026-01-23T18:00:16.522" /><!-- duration: 0ms -->
            <step title="Copying file: &apos;publish\publish\publish\publish\publish\publish\publish\publish\appsettings.json&apos;" date="2026-01-23T18:00:16.538" /><!-- duration: 0ms -->
            <step title="Copying file: &apos;publish\publish\publish\publish\publish\publish\publish\publish\PawPal.Api.deps.json&apos;" date="2026-01-23T18:00:16.538" /><!-- duration: 0ms -->
            <step title="Copying file: &apos;publish\publish\publish\publish\publish\publish\publish\publish\PawPal.Api.runtimeconfig.json&apos;" date="2026-01-23T18:00:16.538" /><!-- duration: 0ms -->
            <step title="Copying file: &apos;publish\publish\publish\publish\publish\publish\publish\publish\publish\publish\publish\appsettings.json&apos;" date="2026-01-23T18:00:16.554" /><!-- duration: 0ms -->
            <step title="Copying file: &apos;publish\publish\publish\publish\publish\publish\publish\publish\publish\publish\publish\PawPal.Api.deps.json&apos;" date="2026-01-23T18:00:16.554" /><!-- duration: 0ms -->
            <step title="Copying file: &apos;publish\publish\publish\publish\publish\publish\publish\publish\publish\publish\publish\PawPal.Api.runtimeconfig.json&apos;" date="2026-01-23T18:00:16.554" /><!-- duration: 16ms -->
            <step title="Copying file: &apos;publish\publish\publish\publish\publish\publish\publish\publish\publish\publish\publish\publish\publish\appsettings.Development.json&apos;" date="2026-01-23T18:00:16.569" /><!-- duration: 0ms -->
            <step title="Copying file: &apos;publish\publish\publish\publish\publish\publish\publish\publish\publish\publish\publish\publish\publish\appsettings.json&apos;" date="2026-01-23T18:00:16.569" /><!-- duration: 0ms -->
            <step title="Copying file: &apos;publish\publish\publish\publish\publish\publish\publish\publish\publish\publish\publish\publish\publish\PawPal.Api.deps.json&apos;" date="2026-01-23T18:00:16.569" /><!-- duration: 16ms -->
            <step title="Copying file: &apos;publish\publish\publish\publish\publish\publish\publish\publish\publish\publish\publish\publish\publish\PawPal.Api.runtimeconfig.json&apos;" date="2026-01-23T18:00:16.585" /><!-- duration: 0ms -->
            <step title="Copying file: &apos;publish\publish\publish\publish\publish\publish\publish\publish\publish\publish\publish\publish\publish\PawPal.Api.staticwebassets.endpoints.json&apos;" date="2026-01-23T18:00:16.585" /><!-- duration: 0ms -->
            <step title="Copying file: &apos;publish\publish\publish\publish\publish\publish\publish\publish\publish\publish\publish\publish\publish\publish\publish\publish\publish\appsettings.json&apos;" date="2026-01-23T18:00:16.601" /><!-- duration: 0ms -->
            <step title="Copying file: &apos;publish\publish\publish\publish\publish\publish\publish\publish\publish\publish\publish\publish\publish\publish\publish\publish\publish\PawPal.Api.deps.json&apos;" date="2026-01-23T18:00:16.601" /><!-- duration: 0ms -->
            <step title="Copying file: &apos;publish\publish\publish\publish\publish\publish\publish\publish\publish\publish\publish\publish\publish\publish\publish\publish\publish\publish\publish\appsettings.Development.json&apos;" date="2026-01-23T18:00:16.601" /><!-- duration: 0ms -->
            <step title="Copying file: &apos;publish\publish\publish\publish\publish\publish\publish\publish\publish\publish\publish\publish\publish\publish\publish\publish\publish\publish\publish\appsettings.json&apos;" date="2026-01-23T18:00:16.616" /><!-- duration: 0ms -->
            <step title="Copying file: &apos;publish\publish\publish\publish\publish\publish\publish\publish\publish\publish\publish\publish\publish\publish\publish\publish\publish\publish\publish\PawPal.Api.deps.json&apos;" date="2026-01-23T18:00:16.616" /><!-- duration: 0ms -->
            <step title="Copying file: &apos;publish\publish\publish\publish\publish\publish\publish\publish\publish\publish\publish\publish\publish\publish\publish\publish\publish\publish\publish\PawPal.Api.runtimeconfig.json&apos;" date="2026-01-23T18:00:16.632" /><!-- duration: 0ms -->
            <step title="Copying file: &apos;publish\publish\publish\publish\publish\publish\publish\publish\publish\publish\publish\publish\publish\publish\publish\publish\publish\publish\publish\PawPal.Api.staticwebassets.endpoints.json&apos;" date="2026-01-23T18:00:18.682" /><!-- duration: 0ms -->
            <step title="Copying file: &apos;publish\publish\publish\publish\publish\publish\publish\publish\publish\publish\publish\publish\publish\publish\publish\publish\publish\publish\publish\web.config&apos;" date="2026-01-23T18:00:18.698" /><!-- duration: 0ms -->
            <step title="Deleting app_offline.htm" date="2026-01-23T18:00:18.698" /><!-- duration: 0ms -->
            <step title="Finished successfully." date="2026-01-23T18:00:18.698" /><!-- duration: 0ms -->
          </step><!-- duration: 2472ms -->
          <step title="Build completed succesfully." date="2026-01-23T18:00:18.713" /><!-- duration: 16ms -->
          <step title="Running post deployment command(s)..." date="2026-01-23T18:00:18.729" /><!-- duration: 0ms -->
          <step title="Requesting site restart" date="2026-01-23T18:00:18.761" /><!-- duration: 0ms -->
          <step title="Requesting site restart" date="2026-01-23T18:00:18.761" /><!-- duration: 0ms -->
          <step title="Requesting site restart. Attempt #1" date="2026-01-23T18:00:18.776" /><!-- duration: 0ms -->
          <step title="Requesting site restart. Attempt #1" date="2026-01-23T18:00:18.776" /><!-- duration: 0ms -->
          <step title="Successfully requested a restart. Attempt #1" date="2026-01-23T18:00:18.854" /><!-- duration: 0ms -->
          <step title="Successfully requested a restart. Attempt #1" date="2026-01-23T18:00:18.854" /><!-- duration: 0ms -->
          <step title="Deployment successful. DEPLOYMENTINFO: deploymentPath = OneDeploy, deployer = OneDeploy, os = windows, sku = Free, siteName = gofetch-api, siteHostName = gofetch-api-adcnhwbqcsdsb0h3.germanywestcentral-01.azurewebsites.net, deploymentStatus = Success" date="2026-01-23T18:00:18.870" /><!-- duration: 0ms -->
          <step title="Purge deployment items" date="2026-01-23T18:00:18.917" >
            <step title="Remove 3d4a407cf, Success, received at 1/22/2026 8:15:49 PM" date="2026-01-23T18:00:18.933" /><!-- duration: 0ms -->
          </step><!-- duration: 16ms -->
        </step><!-- duration: 2863ms -->
      </step><!-- duration: 2957ms -->
      <step title="Cleaning up temp files" date="2026-01-23T18:00:18.933" /><!-- duration: 16ms -->
      <step title="Skip function trigger and logicapp sync because function is not enabled." date="2026-01-23T18:00:18.948" /><!-- duration: 0ms -->
    </step><!-- duration: 3348ms -->
    <step title="LockFile &apos;C:\home\site\locks\deployments.lock&apos; released" date="2026-01-23T18:00:18.964" /><!-- duration: 0ms -->
    <step title="Deleting shutdown sentinel file" date="2026-01-23T18:00:18.964" SemaphoreCount="8" /><!-- duration: 0ms -->
  </step><!-- duration: 3879ms -->
  <step title="Outgoing response" date="2026-01-23T18:00:18.964" type="response" statusCode="200" statusText="OK" Server="Microsoft-IIS/10.0" x-ms-request-id="57fa678d-f885-11f0-96b1-8a09bd1642c0" Cache-Control="private" X-AspNet-Version="4.0.30319" /><!-- duration: 16ms -->
</step><!-- duration: 3895ms -->
