<step title="Incoming Request" date="2026-01-22T21:38:12.866" instance="79e06d" url="/api/publish?type=zip" method="POST" type="request" pid="23932,2,52" Cache-Control="no-cache" Content-Length="16438281" Content-Type="application/octet-stream" Accept="*/*" Accept-Encoding="gzip, deflate" Authorization="Bea..." Host="gofetch-api-adcnhwbqcsdsb0h3.scm.germanywestcentral-01.azurewebsites.net" User-Agent="AZURECLI/2.79.0 (MSI)" x-ms-client-request-id="a41f38e5-f7da-11f0-a970-c97850b2a9d9" X-ARR-LOG-ID="a41f38e5-f7da-11f0-a970-c97850b2a9d9" CLIENT-IP="83.139.66.94:51508" X-SITE-DEPLOYMENT-ID="gofetch-api" WAS-DEFAULT-HOSTNAME="gofetch-api-adcnhwbqcsdsb0h3.scm.germanywestcentral-01.azurewebsites.net" X-Forwarded-Proto="https" X-AppService-Proto="https" X-Forwarded-TlsVersion="1.3" X-WAWS-Unencoded-URL="/api/publish?type=zip" >
  <step title="Cleanup Xml Logs" date="2026-01-22T21:38:12.866" /><!-- duration: 0ms -->
  <step title="OneDeploy" date="2026-01-22T21:38:12.881" >
    <step title="Starting PushDeployAsync" date="2026-01-22T21:38:12.881" /><!-- duration: 0ms -->
    <step title="Updating shutdown sentinel last write time" date="2026-01-22T21:38:12.881" SemaphoreCount="7" /><!-- duration: 0ms -->
    <step title="LockFile &apos;C:\home\site\locks\deployments.lock&apos; acquired" date="2026-01-22T21:38:12.897" /><!-- duration: 0ms -->
    <step title="Saving request content to C:\local\Temp\zipdeploy\neh5wm5e.zip" date="2026-01-22T21:38:12.897" >
      <step title="Total 16,438,281 bytes written to C:\local\Temp\zipdeploy\neh5wm5e.zip" date="2026-01-22T21:38:13.803" /><!-- duration: 0ms -->
    </step><!-- duration: 922ms -->
    <step title="LockFile &apos;C:\home\site\locks\deployments.lock&apos; released" date="2026-01-22T21:38:13.819" /><!-- duration: 0ms -->
    <step title="Deleting shutdown sentinel file" date="2026-01-22T21:38:13.819" SemaphoreCount="8" /><!-- duration: 0ms -->
    <step title="Starting FetchDeploy" date="2026-01-22T21:38:13.819" /><!-- duration: 0ms -->
    <step title="Attempting to fetch target branch HEAD" date="2026-01-22T21:38:13.819" /><!-- duration: 0ms -->
    <step title="Updating shutdown sentinel last write time" date="2026-01-22T21:38:13.835" SemaphoreCount="7" /><!-- duration: 0ms -->
    <step title="LockFile &apos;C:\home\site\locks\deployments.lock&apos; acquired" date="2026-01-22T21:38:13.835" /><!-- duration: 0ms -->
    <step title="Performing fetch based deployment" date="2026-01-22T21:38:13.835" >
      <step title="Creating temporary deployment" date="2026-01-22T21:38:13.835" /><!-- duration: 16ms -->
      <step title="Fetching changes." date="2026-01-22T21:38:13.866" /><!-- duration: 0ms -->
      <step title="Starting LocalZipHandler" date="2026-01-22T21:38:13.866" /><!-- duration: 0ms -->
      <step title="Starting LocalZipFetch" date="2026-01-22T21:38:13.866" /><!-- duration: 16ms -->
      <step title="Cleaning up temp folders from previous zip deployments and extracting pushed zip file C:\local\Temp\zipdeploy\neh5wm5e.zip (15.68 MB) to C:\local\Temp\zipdeploy\extracted" date="2026-01-22T21:38:13.881" /><!-- duration: 0ms -->
      <step title="Cleaning up temp folders from previous zip deployments and extracting pushed zip file C:\local\Temp\zipdeploy\neh5wm5e.zip (15.68 MB) to C:\local\Temp\zipdeploy\extracted" date="2026-01-22T21:38:13.881" >
        <step title="Renaming extractTargetDirectory(C:\local\Temp\zipdeploy\extracted) to tempDirectory(C:\local\Temp\zipdeploy\j1dawci4.t0h)" date="2026-01-22T21:38:13.881" /><!-- duration: 0ms -->
        <step title="Extracting 256 entries to C:\local\Temp\zipdeploy\extracted directory" date="2026-01-22T21:38:13.897" >
          <step title="Extracting to C:\local\Temp\zipdeploy\extracted\latest\appsettings.Development.json ..." date="2026-01-22T21:38:13.897" /><!-- duration: 0ms -->
          <step title="Extracting to C:\local\Temp\zipdeploy\extracted\latest\appsettings.json ..." date="2026-01-22T21:38:13.897" /><!-- duration: 0ms -->
          <step title="Extracting to C:\local\Temp\zipdeploy\extracted\latest\Azure.Communication.Email.dll ..." date="2026-01-22T21:38:13.897" /><!-- duration: 0ms -->
          <step title="Extracting to C:\local\Temp\zipdeploy\extracted\latest\Azure.Core.dll ..." date="2026-01-22T21:38:13.897" /><!-- duration: 16ms -->
          <step title="Extracting to C:\local\Temp\zipdeploy\extracted\latest\Google.Apis.Auth.dll ..." date="2026-01-22T21:38:13.913" /><!-- duration: 0ms -->
          <step title="Omitting extracting file traces ..." date="2026-01-22T21:38:13.913" /><!-- duration: 16ms -->
        </step><!-- duration: 516ms -->
      </step><!-- duration: 531ms -->
      <step title="None repository commit" date="2026-01-22T21:38:14.413" >
        <step title="Commit id: c464e56b114e43a487ece6d4088036e9" date="2026-01-22T21:38:14.413" Message="OneDeploy" AuthorName="N/A" AuthorEmail="N/A" /><!-- duration: 0ms -->
      </step><!-- duration: 0ms -->
      <step title="Before sending BuildRequestReceived status to /api/updatedeploystatus" date="2026-01-22T21:38:14.413" /><!-- duration: 0ms -->
      <step title="DeploymentManager.Deploy(id:c464e56b114e43a487ece6d4088036e9)" date="2026-01-22T21:38:14.413" >
        <step title="Collecting changeset information" date="2026-01-22T21:38:14.413" /><!-- duration: 16ms -->
        <step title="Updating submodules" date="2026-01-22T21:38:14.444" >
          <step title="Updating submodules." date="2026-01-22T21:38:14.444" /><!-- duration: 0ms -->
        </step><!-- duration: 16ms -->
        <step title="Preparing deployment for commit id &apos;c464e56b11&apos;." date="2026-01-22T21:38:14.460" /><!-- duration: 0ms -->
        <step title="Determining deployment builder" date="2026-01-22T21:38:14.475" >
          <step title="Builder is OneDeployBuilder" date="2026-01-22T21:38:14.475" /><!-- duration: 0ms -->
        </step><!-- duration: 0ms -->
        <step title="Copying SSH keys" date="2026-01-22T21:38:14.491" /><!-- duration: 0ms -->
        <step title="Building" date="2026-01-22T21:38:14.491" >
          <step title="Running build. Project type: OneDeploy" date="2026-01-22T21:38:14.506" /><!-- duration: 0ms -->
          <step title="Copying the manifest" date="2026-01-22T21:38:14.522" /><!-- duration: 0ms -->
          <step title="Clean deploying to C:\home\site\wwwroot" date="2026-01-22T21:38:14.600" /><!-- duration: 0ms -->
          <step title="Generating deployment script." date="2026-01-22T21:38:14.616" /><!-- duration: 0ms -->
          <step title="Generating deployment script" date="2026-01-22T21:38:14.631" >
            <step title="Using cached version of the deployment script for command: -y --no-dot-deployment -r &quot;C:\local\Temp\zipdeploy\extracted&quot; -o &quot;C:\home\site\deployments\tools&quot; --basic --sitePath &quot;C:\local\Temp\zipdeploy\extracted&quot;" date="2026-01-22T21:38:14.631" /><!-- duration: 0ms -->
            <step title="Using cached version of deployment script (command: &apos;azure -y --no-dot-deployment -r &quot;C:\local\Temp\zipdeploy\extracted&quot; -o &quot;C:\home\site\deployments\tools&quot; --basic --sitePath &quot;C:\local\Temp\zipdeploy\extracted&quot;&apos;)." date="2026-01-22T21:38:14.647" /><!-- duration: 0ms -->
          </step><!-- duration: 31ms -->
          <step title="Running deployment command..." date="2026-01-22T21:38:14.678" /><!-- duration: 0ms -->
          <step title="Command: &quot;C:\home\site\deployments\tools\deploy.cmd&quot;" date="2026-01-22T21:38:14.678" /><!-- duration: 0ms -->
          <step title="Executing external process" date="2026-01-22T21:38:14.694" type="process" path="starter.cmd" arguments="&quot;C:\home\site\deployments\tools\deploy.cmd&quot;" >
            <step title="Handling Basic Web Site deployment." date="2026-01-22T21:38:14.788" /><!-- duration: 0ms -->
            <step title="Creating app_offline.htm" date="2026-01-22T21:38:17.335" /><!-- duration: 0ms -->
            <step title="KuduSync.NET from: &apos;C:\local\Temp\zipdeploy\extracted&apos; to: &apos;C:\home\site\wwwroot&apos;" date="2026-01-22T21:38:17.335" /><!-- duration: 16ms -->
            <step title="Copying file: &apos;PawPal.Api.dll&apos;" date="2026-01-22T21:38:17.350" /><!-- duration: 0ms -->
            <step title="Copying file: &apos;PawPal.Api.exe&apos;" date="2026-01-22T21:38:17.350" /><!-- duration: 0ms -->
            <step title="Copying file: &apos;PawPal.Api.pdb&apos;" date="2026-01-22T21:38:17.366" /><!-- duration: 0ms -->
            <step title="Deleting app_offline.htm" date="2026-01-22T21:38:17.366" /><!-- duration: 0ms -->
            <step title="Finished successfully." date="2026-01-22T21:38:17.381" /><!-- duration: 0ms -->
          </step><!-- duration: 2688ms -->
          <step title="Build completed succesfully." date="2026-01-22T21:38:17.397" /><!-- duration: 0ms -->
          <step title="Running post deployment command(s)..." date="2026-01-22T21:38:17.428" /><!-- duration: 0ms -->
          <step title="Requesting site restart" date="2026-01-22T21:38:17.444" /><!-- duration: 0ms -->
          <step title="Requesting site restart" date="2026-01-22T21:38:17.444" /><!-- duration: 0ms -->
          <step title="Requesting site restart. Attempt #1" date="2026-01-22T21:38:17.460" /><!-- duration: 0ms -->
          <step title="Requesting site restart. Attempt #1" date="2026-01-22T21:38:17.460" /><!-- duration: 0ms -->
          <step title="Successfully requested a restart. Attempt #1" date="2026-01-22T21:38:17.522" /><!-- duration: 0ms -->
          <step title="Successfully requested a restart. Attempt #1" date="2026-01-22T21:38:17.522" /><!-- duration: 0ms -->
          <step title="Deployment successful. DEPLOYMENTINFO: deploymentPath = OneDeploy, deployer = OneDeploy, os = windows, sku = Free, siteName = gofetch-api, siteHostName = gofetch-api-adcnhwbqcsdsb0h3.germanywestcentral-01.azurewebsites.net, deploymentStatus = Success" date="2026-01-22T21:38:17.553" /><!-- duration: 0ms -->
          <step title="Purge deployment items" date="2026-01-22T21:38:17.585" >
            <step title="Remove 3fbdfe66e, Success, received at 1/18/2026 11:03:34 PM" date="2026-01-22T21:38:17.600" /><!-- duration: 0ms -->
          </step><!-- duration: 16ms -->
        </step><!-- duration: 3109ms -->
      </step><!-- duration: 3203ms -->
      <step title="Cleaning up temp files" date="2026-01-22T21:38:17.616" /><!-- duration: 0ms -->
      <step title="Skip function trigger and logicapp sync because function is not enabled." date="2026-01-22T21:38:17.616" /><!-- duration: 0ms -->
    </step><!-- duration: 3797ms -->
    <step title="LockFile &apos;C:\home\site\locks\deployments.lock&apos; released" date="2026-01-22T21:38:17.631" /><!-- duration: 0ms -->
    <step title="Deleting shutdown sentinel file" date="2026-01-22T21:38:17.631" SemaphoreCount="8" /><!-- duration: 0ms -->
  </step><!-- duration: 4766ms -->
  <step title="Outgoing response" date="2026-01-22T21:38:17.647" type="response" statusCode="200" statusText="OK" Server="Microsoft-IIS/10.0" x-ms-request-id="a41f38e5-f7da-11f0-a970-c97850b2a9d9" Cache-Control="private" X-AspNet-Version="4.0.30319" /><!-- duration: 0ms -->
</step><!-- duration: 4781ms -->
