<step title="BackgroundTrace" date="2026-01-18T18:43:28.549" instance="79e06d" url="/api/zipdeploy" method="POST" >
  <step title="Updating shutdown sentinel last write time" date="2026-01-18T18:43:28.564" SemaphoreCount="7" /><!-- duration: 0ms -->
  <step title="LockFile &apos;C:\home\site\locks\deployments.lock&apos; acquired" date="2026-01-18T18:43:28.564" /><!-- duration: 0ms -->
  <step title="Creating temporary deployment" date="2026-01-18T18:43:28.564" /><!-- duration: 16ms -->
  <step title="Performing fetch based deployment" date="2026-01-18T18:43:28.580" >
    <step title="Fetching changes." date="2026-01-18T18:43:28.580" /><!-- duration: 16ms -->
    <step title="Starting LocalZipHandler" date="2026-01-18T18:43:28.596" /><!-- duration: 0ms -->
    <step title="Cleaning up temp folders from previous zip deployments and extracting pushed zip file C:\local\Temp\zipdeploy\3pdwcswi.zip (15.44 MB) to C:\local\Temp\zipdeploy\extracted" date="2026-01-18T18:43:28.611" /><!-- duration: 0ms -->
    <step title="Cleaning up temp folders from previous zip deployments and extracting pushed zip file C:\local\Temp\zipdeploy\3pdwcswi.zip (15.44 MB) to C:\local\Temp\zipdeploy\extracted" date="2026-01-18T18:43:28.611" >
      <step title="Renaming extractTargetDirectory(C:\local\Temp\zipdeploy\extracted) to tempDirectory(C:\local\Temp\zipdeploy\5stpmgey.i1r)" date="2026-01-18T18:43:28.611" /><!-- duration: 0ms -->
      <step title="Extracting 219 entries to C:\local\Temp\zipdeploy\extracted directory" date="2026-01-18T18:43:28.627" >
        <step title="Extracting to C:\local\Temp\zipdeploy\extracted\latest\appsettings.Development.json ..." date="2026-01-18T18:43:28.627" /><!-- duration: 0ms -->
        <step title="Extracting to C:\local\Temp\zipdeploy\extracted\latest\appsettings.json ..." date="2026-01-18T18:43:28.627" /><!-- duration: 0ms -->
        <step title="Extracting to C:\local\Temp\zipdeploy\extracted\latest\Azure.Communication.Email.dll ..." date="2026-01-18T18:43:28.627" /><!-- duration: 16ms -->
        <step title="Extracting to C:\local\Temp\zipdeploy\extracted\latest\Azure.Core.dll ..." date="2026-01-18T18:43:28.643" /><!-- duration: 0ms -->
        <step title="Extracting to C:\local\Temp\zipdeploy\extracted\latest\Google.Apis.Auth.dll ..." date="2026-01-18T18:43:28.643" /><!-- duration: 16ms -->
        <step title="Omitting extracting file traces ..." date="2026-01-18T18:43:28.658" /><!-- duration: 0ms -->
      </step><!-- duration: 484ms -->
    </step><!-- duration: 516ms -->
    <step title="Before sending BuildRequestReceived status to /api/updatedeploystatus" date="2026-01-18T18:43:29.127" /><!-- duration: 0ms -->
    <step title="DeploymentManager.Deploy(id:a69e3d6d5ca34dd4b52c4b50784169cb)" date="2026-01-18T18:43:29.127" >
      <step title="Collecting changeset information" date="2026-01-18T18:43:29.127" /><!-- duration: 16ms -->
      <step title="Updating submodules" date="2026-01-18T18:43:29.143" >
        <step title="Updating submodules." date="2026-01-18T18:43:29.158" /><!-- duration: 0ms -->
      </step><!-- duration: 16ms -->
      <step title="Preparing deployment for commit id &apos;a69e3d6d5c&apos;." date="2026-01-18T18:43:29.174" /><!-- duration: 0ms -->
      <step title="Determining deployment builder" date="2026-01-18T18:43:29.174" >
        <step title="Builder is BasicBuilder" date="2026-01-18T18:43:29.189" /><!-- duration: 0ms -->
      </step><!-- duration: 16ms -->
      <step title="Copying SSH keys" date="2026-01-18T18:43:29.189" /><!-- duration: 0ms -->
      <step title="Building" date="2026-01-18T18:43:29.205" >
        <step title="Generating deployment script." date="2026-01-18T18:43:29.221" /><!-- duration: 0ms -->
        <step title="Generating deployment script" date="2026-01-18T18:43:29.221" >
          <step title="Using cached version of the deployment script for command: -y --no-dot-deployment -r &quot;C:\local\Temp\zipdeploy\extracted&quot; -o &quot;C:\home\site\deployments\tools&quot; --basic --sitePath &quot;C:\local\Temp\zipdeploy\extracted&quot;" date="2026-01-18T18:43:29.236" /><!-- duration: 0ms -->
          <step title="Using cached version of deployment script (command: &apos;azure -y --no-dot-deployment -r &quot;C:\local\Temp\zipdeploy\extracted&quot; -o &quot;C:\home\site\deployments\tools&quot; --basic --sitePath &quot;C:\local\Temp\zipdeploy\extracted&quot;&apos;)." date="2026-01-18T18:43:29.236" /><!-- duration: 0ms -->
        </step><!-- duration: 16ms -->
        <step title="Running deployment command..." date="2026-01-18T18:43:29.252" /><!-- duration: 0ms -->
        <step title="Command: &quot;C:\home\site\deployments\tools\deploy.cmd&quot;" date="2026-01-18T18:43:29.268" /><!-- duration: 0ms -->
        <step title="Executing external process" date="2026-01-18T18:43:29.283" type="process" path="starter.cmd" arguments="&quot;C:\home\site\deployments\tools\deploy.cmd&quot;" >
          <step title="Handling Basic Web Site deployment." date="2026-01-18T18:43:29.377" /><!-- duration: 0ms -->
          <step title="Creating app_offline.htm" date="2026-01-18T18:43:31.924" /><!-- duration: 0ms -->
          <step title="KuduSync.NET from: &apos;C:\local\Temp\zipdeploy\extracted&apos; to: &apos;C:\home\site\wwwroot&apos;" date="2026-01-18T18:43:31.939" /><!-- duration: 0ms -->
          <step title="Copying file: &apos;PawPal.Api.dll&apos;" date="2026-01-18T18:43:31.939" /><!-- duration: 0ms -->
          <step title="Copying file: &apos;PawPal.Api.exe&apos;" date="2026-01-18T18:43:31.939" /><!-- duration: 0ms -->
          <step title="Copying file: &apos;PawPal.Api.pdb&apos;" date="2026-01-18T18:43:31.939" /><!-- duration: 0ms -->
          <step title="Deleting app_offline.htm" date="2026-01-18T18:43:31.955" /><!-- duration: 0ms -->
          <step title="Finished successfully." date="2026-01-18T18:43:31.955" /><!-- duration: 0ms -->
        </step><!-- duration: 2672ms -->
        <step title="Running post deployment command(s)..." date="2026-01-18T18:43:31.971" /><!-- duration: 0ms -->
        <step title="Triggering recycle (preview mode disabled)." date="2026-01-18T18:43:31.986" /><!-- duration: 0ms -->
        <step title="Ignoring FS watcher based recycle request as this is a classic Windows app." date="2026-01-18T18:43:31.986" /><!-- duration: 16ms -->
        <step title="Deployment successful. DEPLOYMENTINFO: deploymentPath = ZipDeploy. Extract zip. , deployer = ZipDeploy, os = windows, sku = Free, siteName = gofetch-api, siteHostName = gofetch-api-adcnhwbqcsdsb0h3.germanywestcentral-01.azurewebsites.net, deploymentStatus = Success" date="2026-01-18T18:43:32.018" /><!-- duration: 0ms -->
        <step title="Purge deployment items" date="2026-01-18T18:43:32.049" >
          <step title="Remove 7e40834ce, Success, received at 1/15/2026 8:13:18 PM" date="2026-01-18T18:43:32.064" /><!-- duration: 0ms -->
        </step><!-- duration: 16ms -->
      </step><!-- duration: 2875ms -->
    </step><!-- duration: 2953ms -->
    <step title="Cleaning up temp files" date="2026-01-18T18:43:32.080" /><!-- duration: 0ms -->
    <step title="Skip function trigger and logicapp sync because function is not enabled." date="2026-01-18T18:43:32.080" /><!-- duration: 0ms -->
  </step><!-- duration: 3516ms -->
  <step title="LockFile &apos;C:\home\site\locks\deployments.lock&apos; released" date="2026-01-18T18:43:32.096" /><!-- duration: 0ms -->
  <step title="Deleting shutdown sentinel file" date="2026-01-18T18:43:32.127" SemaphoreCount="8" /><!-- duration: 0ms -->
</step><!-- duration: 3594ms -->
