<step title="BackgroundTrace" date="2026-01-18T21:30:38.687" instance="79e06d" url="/api/zipdeploy" method="POST" >
  <step title="Updating shutdown sentinel last write time" date="2026-01-18T21:30:38.687" SemaphoreCount="7" /><!-- duration: 0ms -->
  <step title="LockFile &apos;C:\home\site\locks\deployments.lock&apos; acquired" date="2026-01-18T21:30:38.687" /><!-- duration: 0ms -->
  <step title="Creating temporary deployment" date="2026-01-18T21:30:38.687" /><!-- duration: 16ms -->
  <step title="Performing fetch based deployment" date="2026-01-18T21:30:38.702" >
    <step title="Fetching changes." date="2026-01-18T21:30:38.718" /><!-- duration: 16ms -->
    <step title="Starting LocalZipHandler" date="2026-01-18T21:30:38.733" /><!-- duration: 0ms -->
    <step title="Cleaning up temp folders from previous zip deployments and extracting pushed zip file C:\local\Temp\zipdeploy\xg2l1tov.zip (15.47 MB) to C:\local\Temp\zipdeploy\extracted" date="2026-01-18T21:30:38.749" /><!-- duration: 0ms -->
    <step title="Cleaning up temp folders from previous zip deployments and extracting pushed zip file C:\local\Temp\zipdeploy\xg2l1tov.zip (15.47 MB) to C:\local\Temp\zipdeploy\extracted" date="2026-01-18T21:30:38.749" >
      <step title="Renaming extractTargetDirectory(C:\local\Temp\zipdeploy\extracted) to tempDirectory(C:\local\Temp\zipdeploy\p20o0slb.xvr)" date="2026-01-18T21:30:38.749" /><!-- duration: 0ms -->
      <step title="Extracting 231 entries to C:\local\Temp\zipdeploy\extracted directory" date="2026-01-18T21:30:38.749" >
        <step title="Extracting to C:\local\Temp\zipdeploy\extracted\latest\appsettings.Development.json ..." date="2026-01-18T21:30:38.765" /><!-- duration: 0ms -->
        <step title="Extracting to C:\local\Temp\zipdeploy\extracted\latest\appsettings.json ..." date="2026-01-18T21:30:38.765" /><!-- duration: 0ms -->
        <step title="Extracting to C:\local\Temp\zipdeploy\extracted\latest\Azure.Communication.Email.dll ..." date="2026-01-18T21:30:38.765" /><!-- duration: 0ms -->
        <step title="Extracting to C:\local\Temp\zipdeploy\extracted\latest\Azure.Core.dll ..." date="2026-01-18T21:30:38.765" /><!-- duration: 16ms -->
        <step title="Extracting to C:\local\Temp\zipdeploy\extracted\latest\Google.Apis.Auth.dll ..." date="2026-01-18T21:30:38.780" /><!-- duration: 0ms -->
        <step title="Omitting extracting file traces ..." date="2026-01-18T21:30:38.780" /><!-- duration: 0ms -->
      </step><!-- duration: 500ms -->
    </step><!-- duration: 500ms -->
    <step title="Before sending BuildRequestReceived status to /api/updatedeploystatus" date="2026-01-18T21:30:39.249" /><!-- duration: 0ms -->
    <step title="DeploymentManager.Deploy(id:dc9167892972496b9cf66451964ba93e)" date="2026-01-18T21:30:39.249" >
      <step title="Collecting changeset information" date="2026-01-18T21:30:39.265" /><!-- duration: 0ms -->
      <step title="Updating submodules" date="2026-01-18T21:30:39.280" >
        <step title="Updating submodules." date="2026-01-18T21:30:39.296" /><!-- duration: 0ms -->
      </step><!-- duration: 16ms -->
      <step title="Preparing deployment for commit id &apos;dc91678929&apos;." date="2026-01-18T21:30:39.312" /><!-- duration: 0ms -->
      <step title="Determining deployment builder" date="2026-01-18T21:30:39.312" >
        <step title="Builder is BasicBuilder" date="2026-01-18T21:30:39.327" /><!-- duration: 0ms -->
      </step><!-- duration: 16ms -->
      <step title="Copying SSH keys" date="2026-01-18T21:30:39.327" /><!-- duration: 0ms -->
      <step title="Building" date="2026-01-18T21:30:39.327" >
        <step title="Generating deployment script." date="2026-01-18T21:30:39.343" /><!-- duration: 0ms -->
        <step title="Generating deployment script" date="2026-01-18T21:30:39.343" >
          <step title="Using cached version of the deployment script for command: -y --no-dot-deployment -r &quot;C:\local\Temp\zipdeploy\extracted&quot; -o &quot;C:\home\site\deployments\tools&quot; --basic --sitePath &quot;C:\local\Temp\zipdeploy\extracted&quot;" date="2026-01-18T21:30:39.358" /><!-- duration: 0ms -->
          <step title="Using cached version of deployment script (command: &apos;azure -y --no-dot-deployment -r &quot;C:\local\Temp\zipdeploy\extracted&quot; -o &quot;C:\home\site\deployments\tools&quot; --basic --sitePath &quot;C:\local\Temp\zipdeploy\extracted&quot;&apos;)." date="2026-01-18T21:30:39.358" /><!-- duration: 0ms -->
        </step><!-- duration: 16ms -->
        <step title="Running deployment command..." date="2026-01-18T21:30:39.374" /><!-- duration: 0ms -->
        <step title="Command: &quot;C:\home\site\deployments\tools\deploy.cmd&quot;" date="2026-01-18T21:30:39.407" /><!-- duration: 0ms -->
        <step title="Executing external process" date="2026-01-18T21:30:39.407" type="process" path="starter.cmd" arguments="&quot;C:\home\site\deployments\tools\deploy.cmd&quot;" >
          <step title="Handling Basic Web Site deployment." date="2026-01-18T21:30:39.501" /><!-- duration: 0ms -->
          <step title="Creating app_offline.htm" date="2026-01-18T21:30:41.782" /><!-- duration: 0ms -->
          <step title="KuduSync.NET from: &apos;C:\local\Temp\zipdeploy\extracted&apos; to: &apos;C:\home\site\wwwroot&apos;" date="2026-01-18T21:30:41.782" /><!-- duration: 16ms -->
          <step title="Copying file: &apos;PawPal.Api.dll&apos;" date="2026-01-18T21:30:41.798" /><!-- duration: 0ms -->
          <step title="Copying file: &apos;PawPal.Api.exe&apos;" date="2026-01-18T21:30:41.798" /><!-- duration: 0ms -->
          <step title="Copying file: &apos;PawPal.Api.pdb&apos;" date="2026-01-18T21:30:41.798" /><!-- duration: 0ms -->
          <step title="Deleting app_offline.htm" date="2026-01-18T21:30:41.798" /><!-- duration: 16ms -->
          <step title="Finished successfully." date="2026-01-18T21:30:41.813" /><!-- duration: 0ms -->
        </step><!-- duration: 2406ms -->
        <step title="Running post deployment command(s)..." date="2026-01-18T21:30:41.829" /><!-- duration: 0ms -->
        <step title="Triggering recycle (preview mode disabled)." date="2026-01-18T21:30:41.844" /><!-- duration: 0ms -->
        <step title="Ignoring FS watcher based recycle request as this is a classic Windows app." date="2026-01-18T21:30:41.844" /><!-- duration: 0ms -->
        <step title="Deployment successful. DEPLOYMENTINFO: deploymentPath = ZipDeploy. Extract zip. , deployer = ZipDeploy, os = windows, sku = Free, siteName = gofetch-api, siteHostName = gofetch-api-adcnhwbqcsdsb0h3.germanywestcentral-01.azurewebsites.net, deploymentStatus = Success" date="2026-01-18T21:30:41.860" /><!-- duration: 0ms -->
        <step title="Purge deployment items" date="2026-01-18T21:30:41.891" >
          <step title="Remove 0232c0015, Success, received at 1/18/2026 6:01:19 PM" date="2026-01-18T21:30:41.923" /><!-- duration: 0ms -->
        </step><!-- duration: 31ms -->
      </step><!-- duration: 2595ms -->
    </step><!-- duration: 2689ms -->
    <step title="Cleaning up temp files" date="2026-01-18T21:30:41.938" /><!-- duration: 0ms -->
    <step title="Skip function trigger and logicapp sync because function is not enabled." date="2026-01-18T21:30:41.938" /><!-- duration: 0ms -->
  </step><!-- duration: 3252ms -->
  <step title="LockFile &apos;C:\home\site\locks\deployments.lock&apos; released" date="2026-01-18T21:30:41.954" /><!-- duration: 0ms -->
  <step title="Deleting shutdown sentinel file" date="2026-01-18T21:30:41.969" SemaphoreCount="8" /><!-- duration: 0ms -->
</step><!-- duration: 3283ms -->
