<step title="Incoming Request" date="2026-01-18T23:03:33.002" instance="79e06d" url="/api/publish?type=zip" method="POST" type="request" pid="17788,2,47" Cache-Control="no-cache" Content-Length="16227904" Content-Type="application/octet-stream" Accept="*/*" Accept-Encoding="gzip, deflate" Authorization="Bea..." Host="gofetch-api-adcnhwbqcsdsb0h3.scm.germanywestcentral-01.azurewebsites.net" User-Agent="AZURECLI/2.79.0 (MSI)" x-ms-client-request-id="e75feeb4-f4c1-11f0-af22-d4a9ab8009b2" X-ARR-LOG-ID="e75feeb4-f4c1-11f0-af22-d4a9ab8009b2" CLIENT-IP="83.139.66.94:52481" X-SITE-DEPLOYMENT-ID="gofetch-api" WAS-DEFAULT-HOSTNAME="gofetch-api-adcnhwbqcsdsb0h3.scm.germanywestcentral-01.azurewebsites.net" X-Forwarded-Proto="https" X-AppService-Proto="https" X-Forwarded-TlsVersion="1.3" X-WAWS-Unencoded-URL="/api/publish?type=zip" >
  <step title="Cleanup Xml Logs" date="2026-01-18T23:03:33.002" /><!-- duration: 16ms -->
  <step title="OneDeploy" date="2026-01-18T23:03:33.018" >
    <step title="Starting PushDeployAsync" date="2026-01-18T23:03:33.018" /><!-- duration: 0ms -->
    <step title="Updating shutdown sentinel last write time" date="2026-01-18T23:03:33.018" SemaphoreCount="7" /><!-- duration: 0ms -->
    <step title="LockFile &apos;C:\home\site\locks\deployments.lock&apos; acquired" date="2026-01-18T23:03:33.033" /><!-- duration: 0ms -->
    <step title="Saving request content to C:\local\Temp\zipdeploy\u52gsj21.zip" date="2026-01-18T23:03:33.033" >
      <step title="Total 16,227,904 bytes written to C:\local\Temp\zipdeploy\u52gsj21.zip" date="2026-01-18T23:03:34.190" /><!-- duration: 0ms -->
    </step><!-- duration: 1156ms -->
    <step title="LockFile &apos;C:\home\site\locks\deployments.lock&apos; released" date="2026-01-18T23:03:34.205" /><!-- duration: 0ms -->
    <step title="Deleting shutdown sentinel file" date="2026-01-18T23:03:34.205" SemaphoreCount="8" /><!-- duration: 0ms -->
    <step title="Starting FetchDeploy" date="2026-01-18T23:03:34.205" /><!-- duration: 0ms -->
    <step title="Attempting to fetch target branch HEAD" date="2026-01-18T23:03:34.205" /><!-- duration: 0ms -->
    <step title="Updating shutdown sentinel last write time" date="2026-01-18T23:03:34.205" SemaphoreCount="7" /><!-- duration: 0ms -->
    <step title="LockFile &apos;C:\home\site\locks\deployments.lock&apos; acquired" date="2026-01-18T23:03:34.221" /><!-- duration: 0ms -->
    <step title="Performing fetch based deployment" date="2026-01-18T23:03:34.221" >
      <step title="Creating temporary deployment" date="2026-01-18T23:03:34.221" /><!-- duration: 0ms -->
      <step title="Fetching changes." date="2026-01-18T23:03:34.236" /><!-- duration: 0ms -->
      <step title="Starting LocalZipHandler" date="2026-01-18T23:03:34.252" /><!-- duration: 0ms -->
      <step title="Starting LocalZipFetch" date="2026-01-18T23:03:34.252" /><!-- duration: 0ms -->
      <step title="Cleaning up temp folders from previous zip deployments and extracting pushed zip file C:\local\Temp\zipdeploy\u52gsj21.zip (15.48 MB) to C:\local\Temp\zipdeploy\extracted" date="2026-01-18T23:03:34.252" /><!-- duration: 0ms -->
      <step title="Cleaning up temp folders from previous zip deployments and extracting pushed zip file C:\local\Temp\zipdeploy\u52gsj21.zip (15.48 MB) to C:\local\Temp\zipdeploy\extracted" date="2026-01-18T23:03:34.252" >
        <step title="Renaming extractTargetDirectory(C:\local\Temp\zipdeploy\extracted) to tempDirectory(C:\local\Temp\zipdeploy\xjzua0fa.idv)" date="2026-01-18T23:03:34.252" /><!-- duration: 0ms -->
        <step title="Extracting 231 entries to C:\local\Temp\zipdeploy\extracted directory" date="2026-01-18T23:03:34.268" >
          <step title="Extracting to C:\local\Temp\zipdeploy\extracted\latest\appsettings.Development.json ..." date="2026-01-18T23:03:34.268" /><!-- duration: 0ms -->
          <step title="Extracting to C:\local\Temp\zipdeploy\extracted\latest\appsettings.json ..." date="2026-01-18T23:03:34.268" /><!-- duration: 0ms -->
          <step title="Extracting to C:\local\Temp\zipdeploy\extracted\latest\Azure.Communication.Email.dll ..." date="2026-01-18T23:03:34.268" /><!-- duration: 16ms -->
          <step title="Extracting to C:\local\Temp\zipdeploy\extracted\latest\Azure.Core.dll ..." date="2026-01-18T23:03:34.283" /><!-- duration: 0ms -->
          <step title="Extracting to C:\local\Temp\zipdeploy\extracted\latest\Google.Apis.Auth.dll ..." date="2026-01-18T23:03:34.283" /><!-- duration: 0ms -->
          <step title="Omitting extracting file traces ..." date="2026-01-18T23:03:34.299" /><!-- duration: 0ms -->
        </step><!-- duration: 484ms -->
      </step><!-- duration: 500ms -->
      <step title="None repository commit" date="2026-01-18T23:03:34.752" >
        <step title="Commit id: 3fbdfe66eb3e4acbb840b985c3c11514" date="2026-01-18T23:03:34.752" Message="OneDeploy" AuthorName="N/A" AuthorEmail="N/A" /><!-- duration: 0ms -->
      </step><!-- duration: 0ms -->
      <step title="Before sending BuildRequestReceived status to /api/updatedeploystatus" date="2026-01-18T23:03:34.768" /><!-- duration: 0ms -->
      <step title="DeploymentManager.Deploy(id:3fbdfe66eb3e4acbb840b985c3c11514)" date="2026-01-18T23:03:34.768" >
        <step title="Collecting changeset information" date="2026-01-18T23:03:34.768" /><!-- duration: 16ms -->
        <step title="Updating submodules" date="2026-01-18T23:03:34.783" >
          <step title="Updating submodules." date="2026-01-18T23:03:34.799" /><!-- duration: 0ms -->
        </step><!-- duration: 16ms -->
        <step title="Preparing deployment for commit id &apos;3fbdfe66eb&apos;." date="2026-01-18T23:03:34.815" /><!-- duration: 0ms -->
        <step title="Determining deployment builder" date="2026-01-18T23:03:34.830" >
          <step title="Builder is OneDeployBuilder" date="2026-01-18T23:03:34.830" /><!-- duration: 0ms -->
        </step><!-- duration: 0ms -->
        <step title="Copying SSH keys" date="2026-01-18T23:03:34.830" /><!-- duration: 16ms -->
        <step title="Building" date="2026-01-18T23:03:34.846" >
          <step title="Running build. Project type: OneDeploy" date="2026-01-18T23:03:34.846" /><!-- duration: 0ms -->
          <step title="Copying the manifest" date="2026-01-18T23:03:34.877" /><!-- duration: 0ms -->
          <step title="Clean deploying to C:\home\site\wwwroot" date="2026-01-18T23:03:34.893" /><!-- duration: 0ms -->
          <step title="Generating deployment script." date="2026-01-18T23:03:34.908" /><!-- duration: 0ms -->
          <step title="Generating deployment script" date="2026-01-18T23:03:34.908" >
            <step title="Using cached version of the deployment script for command: -y --no-dot-deployment -r &quot;C:\local\Temp\zipdeploy\extracted&quot; -o &quot;C:\home\site\deployments\tools&quot; --basic --sitePath &quot;C:\local\Temp\zipdeploy\extracted&quot;" date="2026-01-18T23:03:34.908" /><!-- duration: 0ms -->
            <step title="Using cached version of deployment script (command: &apos;azure -y --no-dot-deployment -r &quot;C:\local\Temp\zipdeploy\extracted&quot; -o &quot;C:\home\site\deployments\tools&quot; --basic --sitePath &quot;C:\local\Temp\zipdeploy\extracted&quot;&apos;)." date="2026-01-18T23:03:34.924" /><!-- duration: 0ms -->
          </step><!-- duration: 31ms -->
          <step title="Running deployment command..." date="2026-01-18T23:03:34.955" /><!-- duration: 0ms -->
          <step title="Command: &quot;C:\home\site\deployments\tools\deploy.cmd&quot;" date="2026-01-18T23:03:34.955" /><!-- duration: 0ms -->
          <step title="Executing external process" date="2026-01-18T23:03:34.971" type="process" path="starter.cmd" arguments="&quot;C:\home\site\deployments\tools\deploy.cmd&quot;" >
            <step title="Handling Basic Web Site deployment." date="2026-01-18T23:03:35.065" /><!-- duration: 0ms -->
            <step title="Creating app_offline.htm" date="2026-01-18T23:03:37.596" /><!-- duration: 0ms -->
            <step title="KuduSync.NET from: &apos;C:\local\Temp\zipdeploy\extracted&apos; to: &apos;C:\home\site\wwwroot&apos;" date="2026-01-18T23:03:37.596" /><!-- duration: 0ms -->
            <step title="Copying file: &apos;PawPal.Api.dll&apos;" date="2026-01-18T23:03:37.611" /><!-- duration: 0ms -->
            <step title="Copying file: &apos;PawPal.Api.exe&apos;" date="2026-01-18T23:03:37.611" /><!-- duration: 0ms -->
            <step title="Copying file: &apos;PawPal.Api.pdb&apos;" date="2026-01-18T23:03:37.611" /><!-- duration: 0ms -->
            <step title="Deleting app_offline.htm" date="2026-01-18T23:03:37.627" /><!-- duration: 0ms -->
            <step title="Finished successfully." date="2026-01-18T23:03:37.627" /><!-- duration: 0ms -->
          </step><!-- duration: 2656ms -->
          <step title="Build completed succesfully." date="2026-01-18T23:03:37.643" /><!-- duration: 0ms -->
          <step title="Running post deployment command(s)..." date="2026-01-18T23:03:37.658" /><!-- duration: 0ms -->
          <step title="Requesting site restart" date="2026-01-18T23:03:37.674" /><!-- duration: 0ms -->
          <step title="Requesting site restart" date="2026-01-18T23:03:37.674" /><!-- duration: 0ms -->
          <step title="Requesting site restart. Attempt #1" date="2026-01-18T23:03:37.690" /><!-- duration: 16ms -->
          <step title="Requesting site restart. Attempt #1" date="2026-01-18T23:03:37.705" /><!-- duration: 0ms -->
          <step title="Successfully requested a restart. Attempt #1" date="2026-01-18T23:03:37.768" /><!-- duration: 0ms -->
          <step title="Successfully requested a restart. Attempt #1" date="2026-01-18T23:03:37.768" /><!-- duration: 0ms -->
          <step title="Deployment successful. DEPLOYMENTINFO: deploymentPath = OneDeploy, deployer = OneDeploy, os = windows, sku = Free, siteName = gofetch-api, siteHostName = gofetch-api-adcnhwbqcsdsb0h3.germanywestcentral-01.azurewebsites.net, deploymentStatus = Success" date="2026-01-18T23:03:37.783" /><!-- duration: 0ms -->
          <step title="Purge deployment items" date="2026-01-18T23:03:37.815" >
            <step title="Remove c7a333d50, Success, received at 1/18/2026 9:24:11 PM" date="2026-01-18T23:03:37.830" /><!-- duration: 0ms -->
          </step><!-- duration: 16ms -->
        </step><!-- duration: 3000ms -->
      </step><!-- duration: 3078ms -->
      <step title="Cleaning up temp files" date="2026-01-18T23:03:37.846" /><!-- duration: 0ms -->
      <step title="Skip function trigger and logicapp sync because function is not enabled." date="2026-01-18T23:03:37.846" /><!-- duration: 0ms -->
    </step><!-- duration: 3641ms -->
    <step title="LockFile &apos;C:\home\site\locks\deployments.lock&apos; released" date="2026-01-18T23:03:37.861" /><!-- duration: 0ms -->
    <step title="Deleting shutdown sentinel file" date="2026-01-18T23:03:37.877" SemaphoreCount="8" /><!-- duration: 0ms -->
  </step><!-- duration: 4859ms -->
  <step title="Outgoing response" date="2026-01-18T23:03:37.877" type="response" statusCode="200" statusText="OK" Server="Microsoft-IIS/10.0" x-ms-request-id="e75feeb4-f4c1-11f0-af22-d4a9ab8009b2" Cache-Control="private" X-AspNet-Version="4.0.30319" /><!-- duration: 0ms -->
</step><!-- duration: 4875ms -->
