<step title="Incoming Request" date="2026-01-18T23:01:04.308" instance="79e06d" url="/api/publish?type=zip" method="POST" type="request" pid="17788,2,52" Cache-Control="no-cache" Content-Length="16227838" Content-Type="application/octet-stream" Accept="*/*" Accept-Encoding="gzip, deflate" Authorization="Bea..." Host="gofetch-api-adcnhwbqcsdsb0h3.scm.germanywestcentral-01.azurewebsites.net" User-Agent="AZURECLI/2.79.0 (MSI)" x-ms-client-request-id="8eab2bbe-f4c1-11f0-bab0-d4a9ab8009b2" X-ARR-LOG-ID="8eab2bbe-f4c1-11f0-bab0-d4a9ab8009b2" CLIENT-IP="83.139.66.94:61062" X-SITE-DEPLOYMENT-ID="gofetch-api" WAS-DEFAULT-HOSTNAME="gofetch-api-adcnhwbqcsdsb0h3.scm.germanywestcentral-01.azurewebsites.net" X-Forwarded-Proto="https" X-AppService-Proto="https" X-Forwarded-TlsVersion="1.3" X-WAWS-Unencoded-URL="/api/publish?type=zip" >
  <step title="Cleanup Xml Logs" date="2026-01-18T23:01:04.308" /><!-- duration: 0ms -->
  <step title="OneDeploy" date="2026-01-18T23:01:04.308" >
    <step title="Starting PushDeployAsync" date="2026-01-18T23:01:04.308" /><!-- duration: 0ms -->
    <step title="Updating shutdown sentinel last write time" date="2026-01-18T23:01:04.324" SemaphoreCount="7" /><!-- duration: 0ms -->
    <step title="LockFile &apos;C:\home\site\locks\deployments.lock&apos; acquired" date="2026-01-18T23:01:04.324" /><!-- duration: 0ms -->
    <step title="Saving request content to C:\local\Temp\zipdeploy\xkkddavt.zip" date="2026-01-18T23:01:04.324" >
      <step title="Total 16,227,838 bytes written to C:\local\Temp\zipdeploy\xkkddavt.zip" date="2026-01-18T23:01:05.574" /><!-- duration: 0ms -->
    </step><!-- duration: 1250ms -->
    <step title="LockFile &apos;C:\home\site\locks\deployments.lock&apos; released" date="2026-01-18T23:01:05.574" /><!-- duration: 0ms -->
    <step title="Deleting shutdown sentinel file" date="2026-01-18T23:01:05.574" SemaphoreCount="8" /><!-- duration: 16ms -->
    <step title="Starting FetchDeploy" date="2026-01-18T23:01:05.589" /><!-- duration: 0ms -->
    <step title="Attempting to fetch target branch HEAD" date="2026-01-18T23:01:05.589" /><!-- duration: 0ms -->
    <step title="Updating shutdown sentinel last write time" date="2026-01-18T23:01:05.589" SemaphoreCount="7" /><!-- duration: 0ms -->
    <step title="LockFile &apos;C:\home\site\locks\deployments.lock&apos; acquired" date="2026-01-18T23:01:05.589" /><!-- duration: 0ms -->
    <step title="Performing fetch based deployment" date="2026-01-18T23:01:05.605" >
      <step title="Creating temporary deployment" date="2026-01-18T23:01:05.605" /><!-- duration: 0ms -->
      <step title="Fetching changes." date="2026-01-18T23:01:05.621" /><!-- duration: 0ms -->
      <step title="Starting LocalZipHandler" date="2026-01-18T23:01:05.636" /><!-- duration: 0ms -->
      <step title="Starting LocalZipFetch" date="2026-01-18T23:01:05.636" /><!-- duration: 0ms -->
      <step title="Cleaning up temp folders from previous zip deployments and extracting pushed zip file C:\local\Temp\zipdeploy\xkkddavt.zip (15.48 MB) to C:\local\Temp\zipdeploy\extracted" date="2026-01-18T23:01:05.636" /><!-- duration: 0ms -->
      <step title="Cleaning up temp folders from previous zip deployments and extracting pushed zip file C:\local\Temp\zipdeploy\xkkddavt.zip (15.48 MB) to C:\local\Temp\zipdeploy\extracted" date="2026-01-18T23:01:05.636" >
        <step title="Renaming extractTargetDirectory(C:\local\Temp\zipdeploy\extracted) to tempDirectory(C:\local\Temp\zipdeploy\yoqfr4av.pxh)" date="2026-01-18T23:01:05.636" /><!-- duration: 0ms -->
        <step title="Extracting 231 entries to C:\local\Temp\zipdeploy\extracted directory" date="2026-01-18T23:01:05.652" >
          <step title="Extracting to C:\local\Temp\zipdeploy\extracted\latest\appsettings.Development.json ..." date="2026-01-18T23:01:05.652" /><!-- duration: 0ms -->
          <step title="Extracting to C:\local\Temp\zipdeploy\extracted\latest\appsettings.json ..." date="2026-01-18T23:01:05.652" /><!-- duration: 0ms -->
          <step title="Extracting to C:\local\Temp\zipdeploy\extracted\latest\Azure.Communication.Email.dll ..." date="2026-01-18T23:01:05.652" /><!-- duration: 0ms -->
          <step title="Extracting to C:\local\Temp\zipdeploy\extracted\latest\Azure.Core.dll ..." date="2026-01-18T23:01:05.652" /><!-- duration: 16ms -->
          <step title="Extracting to C:\local\Temp\zipdeploy\extracted\latest\Google.Apis.Auth.dll ..." date="2026-01-18T23:01:05.668" /><!-- duration: 0ms -->
          <step title="Omitting extracting file traces ..." date="2026-01-18T23:01:05.668" /><!-- duration: 16ms -->
        </step><!-- duration: 484ms -->
      </step><!-- duration: 500ms -->
      <step title="None repository commit" date="2026-01-18T23:01:06.136" >
        <step title="Commit id: 8d030d4905ce4cc78a6097b213e893d7" date="2026-01-18T23:01:06.136" Message="OneDeploy" AuthorName="N/A" AuthorEmail="N/A" /><!-- duration: 0ms -->
      </step><!-- duration: 0ms -->
      <step title="Before sending BuildRequestReceived status to /api/updatedeploystatus" date="2026-01-18T23:01:06.152" /><!-- duration: 0ms -->
      <step title="DeploymentManager.Deploy(id:8d030d4905ce4cc78a6097b213e893d7)" date="2026-01-18T23:01:06.152" >
        <step title="Collecting changeset information" date="2026-01-18T23:01:06.152" /><!-- duration: 16ms -->
        <step title="Updating submodules" date="2026-01-18T23:01:06.168" >
          <step title="Updating submodules." date="2026-01-18T23:01:06.183" /><!-- duration: 0ms -->
        </step><!-- duration: 31ms -->
        <step title="Preparing deployment for commit id &apos;8d030d4905&apos;." date="2026-01-18T23:01:06.214" /><!-- duration: 0ms -->
        <step title="Determining deployment builder" date="2026-01-18T23:01:06.230" >
          <step title="Builder is OneDeployBuilder" date="2026-01-18T23:01:06.230" /><!-- duration: 0ms -->
        </step><!-- duration: 0ms -->
        <step title="Copying SSH keys" date="2026-01-18T23:01:06.230" /><!-- duration: 0ms -->
        <step title="Building" date="2026-01-18T23:01:06.230" >
          <step title="Running build. Project type: OneDeploy" date="2026-01-18T23:01:06.246" /><!-- duration: 0ms -->
          <step title="Copying the manifest" date="2026-01-18T23:01:06.261" /><!-- duration: 0ms -->
          <step title="Clean deploying to C:\home\site\wwwroot" date="2026-01-18T23:01:06.308" /><!-- duration: 0ms -->
          <step title="Generating deployment script." date="2026-01-18T23:01:06.308" /><!-- duration: 16ms -->
          <step title="Generating deployment script" date="2026-01-18T23:01:06.324" >
            <step title="Using cached version of the deployment script for command: -y --no-dot-deployment -r &quot;C:\local\Temp\zipdeploy\extracted&quot; -o &quot;C:\home\site\deployments\tools&quot; --basic --sitePath &quot;C:\local\Temp\zipdeploy\extracted&quot;" date="2026-01-18T23:01:06.324" /><!-- duration: 0ms -->
            <step title="Using cached version of deployment script (command: &apos;azure -y --no-dot-deployment -r &quot;C:\local\Temp\zipdeploy\extracted&quot; -o &quot;C:\home\site\deployments\tools&quot; --basic --sitePath &quot;C:\local\Temp\zipdeploy\extracted&quot;&apos;)." date="2026-01-18T23:01:06.339" /><!-- duration: 0ms -->
          </step><!-- duration: 31ms -->
          <step title="Running deployment command..." date="2026-01-18T23:01:06.371" /><!-- duration: 0ms -->
          <step title="Command: &quot;C:\home\site\deployments\tools\deploy.cmd&quot;" date="2026-01-18T23:01:06.371" /><!-- duration: 0ms -->
          <step title="Executing external process" date="2026-01-18T23:01:06.386" type="process" path="starter.cmd" arguments="&quot;C:\home\site\deployments\tools\deploy.cmd&quot;" >
            <step title="Handling Basic Web Site deployment." date="2026-01-18T23:01:06.480" /><!-- duration: 0ms -->
            <step title="Creating app_offline.htm" date="2026-01-18T23:01:09.011" /><!-- duration: 0ms -->
            <step title="KuduSync.NET from: &apos;C:\local\Temp\zipdeploy\extracted&apos; to: &apos;C:\home\site\wwwroot&apos;" date="2026-01-18T23:01:09.011" /><!-- duration: 0ms -->
            <step title="Copying file: &apos;PawPal.Api.dll&apos;" date="2026-01-18T23:01:09.027" /><!-- duration: 0ms -->
            <step title="Copying file: &apos;PawPal.Api.exe&apos;" date="2026-01-18T23:01:09.027" /><!-- duration: 0ms -->
            <step title="Copying file: &apos;PawPal.Api.pdb&apos;" date="2026-01-18T23:01:09.027" /><!-- duration: 0ms -->
            <step title="Deleting app_offline.htm" date="2026-01-18T23:01:09.043" /><!-- duration: 0ms -->
            <step title="Finished successfully." date="2026-01-18T23:01:09.043" /><!-- duration: 0ms -->
          </step><!-- duration: 2672ms -->
          <step title="Build completed succesfully." date="2026-01-18T23:01:09.058" /><!-- duration: 16ms -->
          <step title="Running post deployment command(s)..." date="2026-01-18T23:01:09.089" /><!-- duration: 0ms -->
          <step title="Requesting site restart" date="2026-01-18T23:01:09.105" /><!-- duration: 0ms -->
          <step title="Requesting site restart" date="2026-01-18T23:01:09.105" /><!-- duration: 0ms -->
          <step title="Requesting site restart. Attempt #1" date="2026-01-18T23:01:09.121" /><!-- duration: 0ms -->
          <step title="Requesting site restart. Attempt #1" date="2026-01-18T23:01:09.121" /><!-- duration: 0ms -->
          <step title="Successfully requested a restart. Attempt #1" date="2026-01-18T23:01:09.183" /><!-- duration: 0ms -->
          <step title="Successfully requested a restart. Attempt #1" date="2026-01-18T23:01:09.199" /><!-- duration: 0ms -->
          <step title="Deployment successful. DEPLOYMENTINFO: deploymentPath = OneDeploy, deployer = OneDeploy, os = windows, sku = Free, siteName = gofetch-api, siteHostName = gofetch-api-adcnhwbqcsdsb0h3.germanywestcentral-01.azurewebsites.net, deploymentStatus = Success" date="2026-01-18T23:01:09.199" /><!-- duration: 0ms -->
          <step title="Purge deployment items" date="2026-01-18T23:01:09.246" >
            <step title="Remove 4a02473ea, Success, received at 1/18/2026 9:21:53 PM" date="2026-01-18T23:01:09.261" /><!-- duration: 0ms -->
          </step><!-- duration: 16ms -->
        </step><!-- duration: 3031ms -->
      </step><!-- duration: 3109ms -->
      <step title="Cleaning up temp files" date="2026-01-18T23:01:09.277" /><!-- duration: 0ms -->
      <step title="Skip function trigger and logicapp sync because function is not enabled." date="2026-01-18T23:01:09.277" /><!-- duration: 0ms -->
    </step><!-- duration: 3688ms -->
    <step title="LockFile &apos;C:\home\site\locks\deployments.lock&apos; released" date="2026-01-18T23:01:09.293" /><!-- duration: 0ms -->
    <step title="Deleting shutdown sentinel file" date="2026-01-18T23:01:09.293" SemaphoreCount="8" /><!-- duration: 0ms -->
  </step><!-- duration: 5000ms -->
  <step title="Outgoing response" date="2026-01-18T23:01:09.308" type="response" statusCode="200" statusText="OK" Server="Microsoft-IIS/10.0" x-ms-request-id="8eab2bbe-f4c1-11f0-bab0-d4a9ab8009b2" Cache-Control="private" X-AspNet-Version="4.0.30319" /><!-- duration: 0ms -->
</step><!-- duration: 5000ms -->
