<step title="BackgroundTrace" date="2026-01-18T21:24:10.909" instance="79e06d" url="/api/zipdeploy" method="POST" >
  <step title="Updating shutdown sentinel last write time" date="2026-01-18T21:24:10.909" SemaphoreCount="7" /><!-- duration: 0ms -->
  <step title="LockFile &apos;C:\home\site\locks\deployments.lock&apos; acquired" date="2026-01-18T21:24:10.909" /><!-- duration: 16ms -->
  <step title="Creating temporary deployment" date="2026-01-18T21:24:10.924" /><!-- duration: 0ms -->
  <step title="Performing fetch based deployment" date="2026-01-18T21:24:10.924" >
    <step title="Fetching changes." date="2026-01-18T21:24:10.940" /><!-- duration: 16ms -->
    <step title="Starting LocalZipHandler" date="2026-01-18T21:24:10.956" /><!-- duration: 0ms -->
    <step title="Cleaning up temp folders from previous zip deployments and extracting pushed zip file C:\local\Temp\zipdeploy\gnasdxp3.zip (15.47 MB) to C:\local\Temp\zipdeploy\extracted" date="2026-01-18T21:24:10.956" /><!-- duration: 16ms -->
    <step title="Cleaning up temp folders from previous zip deployments and extracting pushed zip file C:\local\Temp\zipdeploy\gnasdxp3.zip (15.47 MB) to C:\local\Temp\zipdeploy\extracted" date="2026-01-18T21:24:10.971" >
      <step title="Renaming extractTargetDirectory(C:\local\Temp\zipdeploy\extracted) to tempDirectory(C:\local\Temp\zipdeploy\35bxv0fx.j1q)" date="2026-01-18T21:24:10.971" /><!-- duration: 0ms -->
      <step title="Extracting 231 entries to C:\local\Temp\zipdeploy\extracted directory" date="2026-01-18T21:24:10.971" >
        <step title="Extracting to C:\local\Temp\zipdeploy\extracted\latest\appsettings.Development.json ..." date="2026-01-18T21:24:10.971" /><!-- duration: 0ms -->
        <step title="Extracting to C:\local\Temp\zipdeploy\extracted\latest\appsettings.json ..." date="2026-01-18T21:24:10.987" /><!-- duration: 0ms -->
        <step title="Extracting to C:\local\Temp\zipdeploy\extracted\latest\Azure.Communication.Email.dll ..." date="2026-01-18T21:24:10.987" /><!-- duration: 0ms -->
        <step title="Extracting to C:\local\Temp\zipdeploy\extracted\latest\Azure.Core.dll ..." date="2026-01-18T21:24:10.987" /><!-- duration: 16ms -->
        <step title="Extracting to C:\local\Temp\zipdeploy\extracted\latest\Google.Apis.Auth.dll ..." date="2026-01-18T21:24:11.002" /><!-- duration: 0ms -->
        <step title="Omitting extracting file traces ..." date="2026-01-18T21:24:11.002" /><!-- duration: 16ms -->
      </step><!-- duration: 500ms -->
    </step><!-- duration: 500ms -->
    <step title="Before sending BuildRequestReceived status to /api/updatedeploystatus" date="2026-01-18T21:24:11.471" /><!-- duration: 0ms -->
    <step title="DeploymentManager.Deploy(id:c7a333d50eed46cd87073ab2ef86d5c9)" date="2026-01-18T21:24:11.471" >
      <step title="Collecting changeset information" date="2026-01-18T21:24:11.471" /><!-- duration: 16ms -->
      <step title="Updating submodules" date="2026-01-18T21:24:11.487" >
        <step title="Updating submodules." date="2026-01-18T21:24:11.502" /><!-- duration: 0ms -->
      </step><!-- duration: 16ms -->
      <step title="Preparing deployment for commit id &apos;c7a333d50e&apos;." date="2026-01-18T21:24:11.518" /><!-- duration: 0ms -->
      <step title="Determining deployment builder" date="2026-01-18T21:24:11.534" >
        <step title="Builder is BasicBuilder" date="2026-01-18T21:24:11.534" /><!-- duration: 0ms -->
      </step><!-- duration: 0ms -->
      <step title="Copying SSH keys" date="2026-01-18T21:24:11.549" /><!-- duration: 0ms -->
      <step title="Building" date="2026-01-18T21:24:11.549" >
        <step title="Generating deployment script." date="2026-01-18T21:24:11.565" /><!-- duration: 0ms -->
        <step title="Generating deployment script" date="2026-01-18T21:24:11.565" >
          <step title="Using cached version of the deployment script for command: -y --no-dot-deployment -r &quot;C:\local\Temp\zipdeploy\extracted&quot; -o &quot;C:\home\site\deployments\tools&quot; --basic --sitePath &quot;C:\local\Temp\zipdeploy\extracted&quot;" date="2026-01-18T21:24:11.565" /><!-- duration: 0ms -->
          <step title="Using cached version of deployment script (command: &apos;azure -y --no-dot-deployment -r &quot;C:\local\Temp\zipdeploy\extracted&quot; -o &quot;C:\home\site\deployments\tools&quot; --basic --sitePath &quot;C:\local\Temp\zipdeploy\extracted&quot;&apos;)." date="2026-01-18T21:24:11.565" /><!-- duration: 16ms -->
        </step><!-- duration: 16ms -->
        <step title="Running deployment command..." date="2026-01-18T21:24:11.581" /><!-- duration: 0ms -->
        <step title="Command: &quot;C:\home\site\deployments\tools\deploy.cmd&quot;" date="2026-01-18T21:24:11.596" /><!-- duration: 16ms -->
        <step title="Executing external process" date="2026-01-18T21:24:11.612" type="process" path="starter.cmd" arguments="&quot;C:\home\site\deployments\tools\deploy.cmd&quot;" >
          <step title="Handling Basic Web Site deployment." date="2026-01-18T21:24:11.706" /><!-- duration: 0ms -->
          <step title="Creating app_offline.htm" date="2026-01-18T21:24:14.226" /><!-- duration: 0ms -->
          <step title="KuduSync.NET from: &apos;C:\local\Temp\zipdeploy\extracted&apos; to: &apos;C:\home\site\wwwroot&apos;" date="2026-01-18T21:24:14.242" /><!-- duration: 0ms -->
          <step title="Copying file: &apos;PawPal.Api.dll&apos;" date="2026-01-18T21:24:14.242" /><!-- duration: 0ms -->
          <step title="Copying file: &apos;PawPal.Api.exe&apos;" date="2026-01-18T21:24:14.242" /><!-- duration: 0ms -->
          <step title="Copying file: &apos;PawPal.Api.pdb&apos;" date="2026-01-18T21:24:14.242" /><!-- duration: 0ms -->
          <step title="Deleting app_offline.htm" date="2026-01-18T21:24:14.257" /><!-- duration: 0ms -->
          <step title="Finished successfully." date="2026-01-18T21:24:14.257" /><!-- duration: 0ms -->
        </step><!-- duration: 2645ms -->
        <step title="Running post deployment command(s)..." date="2026-01-18T21:24:14.273" /><!-- duration: 0ms -->
        <step title="Triggering recycle (preview mode disabled)." date="2026-01-18T21:24:14.289" /><!-- duration: 0ms -->
        <step title="Ignoring FS watcher based recycle request as this is a classic Windows app." date="2026-01-18T21:24:14.289" /><!-- duration: 0ms -->
        <step title="Deployment successful. DEPLOYMENTINFO: deploymentPath = ZipDeploy. Extract zip. , deployer = ZipDeploy, os = windows, sku = Free, siteName = gofetch-api, siteHostName = gofetch-api-adcnhwbqcsdsb0h3.germanywestcentral-01.azurewebsites.net, deploymentStatus = Success" date="2026-01-18T21:24:14.304" /><!-- duration: 0ms -->
        <step title="Purge deployment items" date="2026-01-18T21:24:14.335" >
          <step title="Remove 333a981e5, Success, received at 1/18/2026 5:32:35 PM" date="2026-01-18T21:24:14.351" /><!-- duration: 0ms -->
        </step><!-- duration: 16ms -->
      </step><!-- duration: 2817ms -->
    </step><!-- duration: 2942ms -->
    <step title="Cleaning up temp files" date="2026-01-18T21:24:14.414" /><!-- duration: 0ms -->
    <step title="Skip function trigger and logicapp sync because function is not enabled." date="2026-01-18T21:24:14.414" /><!-- duration: 0ms -->
  </step><!-- duration: 3505ms -->
  <step title="LockFile &apos;C:\home\site\locks\deployments.lock&apos; released" date="2026-01-18T21:24:14.445" /><!-- duration: 0ms -->
  <step title="Deleting shutdown sentinel file" date="2026-01-18T21:24:14.460" SemaphoreCount="8" /><!-- duration: 0ms -->
</step><!-- duration: 3552ms -->
