<step title="Incoming Request" date="2026-01-23T17:13:48.607" instance="79e06d" url="/api/publish?type=zip" method="POST" type="request" pid="17936,2,43" Cache-Control="no-cache" Content-Length="6138156" Content-Type="application/octet-stream" Accept="*/*" Accept-Encoding="gzip, deflate" Authorization="Bea..." Host="gofetch-api-adcnhwbqcsdsb0h3.scm.germanywestcentral-01.azurewebsites.net" User-Agent="AZURECLI/2.79.0 (MSI)" x-ms-client-request-id="de7c820e-f87e-11f0-88cd-8a09bd1642c0" X-ARR-LOG-ID="de7c820e-f87e-11f0-88cd-8a09bd1642c0" CLIENT-IP="83.139.66.94:64610" X-SITE-DEPLOYMENT-ID="gofetch-api" WAS-DEFAULT-HOSTNAME="gofetch-api-adcnhwbqcsdsb0h3.scm.germanywestcentral-01.azurewebsites.net" X-Forwarded-Proto="https" X-AppService-Proto="https" X-Forwarded-TlsVersion="1.3" X-WAWS-Unencoded-URL="/api/publish?type=zip" >
  <step title="Cleanup Xml Logs" date="2026-01-23T17:13:48.607" /><!-- duration: 16ms -->
  <step title="OneDeploy" date="2026-01-23T17:13:48.622" >
    <step title="Starting PushDeployAsync" date="2026-01-23T17:13:48.622" /><!-- duration: 16ms -->
    <step title="Updating shutdown sentinel last write time" date="2026-01-23T17:13:48.700" SemaphoreCount="7" /><!-- duration: 0ms -->
    <step title="LockFile &apos;C:\home\site\locks\deployments.lock&apos; acquired" date="2026-01-23T17:13:48.700" /><!-- duration: 16ms -->
    <step title="Saving request content to C:\local\Temp\zipdeploy\f11hix3p.zip" date="2026-01-23T17:13:48.716" >
      <step title="Total 6,138,156 bytes written to C:\local\Temp\zipdeploy\f11hix3p.zip" date="2026-01-23T17:13:48.732" /><!-- duration: 0ms -->
    </step><!-- duration: 16ms -->
    <step title="LockFile &apos;C:\home\site\locks\deployments.lock&apos; released" date="2026-01-23T17:13:48.732" /><!-- duration: 0ms -->
    <step title="Deleting shutdown sentinel file" date="2026-01-23T17:13:48.732" SemaphoreCount="8" /><!-- duration: 16ms -->
    <step title="Starting FetchDeploy" date="2026-01-23T17:13:48.747" /><!-- duration: 0ms -->
    <step title="Attempting to fetch target branch HEAD" date="2026-01-23T17:13:48.747" /><!-- duration: 0ms -->
    <step title="Updating shutdown sentinel last write time" date="2026-01-23T17:13:48.747" SemaphoreCount="7" /><!-- duration: 0ms -->
    <step title="LockFile &apos;C:\home\site\locks\deployments.lock&apos; acquired" date="2026-01-23T17:13:48.747" /><!-- duration: 0ms -->
    <step title="Performing fetch based deployment" date="2026-01-23T17:13:48.747" >
      <step title="Creating temporary deployment" date="2026-01-23T17:13:48.763" /><!-- duration: 0ms -->
      <step title="Fetching changes." date="2026-01-23T17:13:48.778" /><!-- duration: 0ms -->
      <step title="Starting LocalZipHandler" date="2026-01-23T17:13:48.794" /><!-- duration: 0ms -->
      <step title="Starting LocalZipFetch" date="2026-01-23T17:13:48.794" /><!-- duration: 0ms -->
      <step title="Cleaning up temp folders from previous zip deployments and extracting pushed zip file C:\local\Temp\zipdeploy\f11hix3p.zip (5.85 MB) to C:\local\Temp\zipdeploy\extracted" date="2026-01-23T17:13:48.794" /><!-- duration: 0ms -->
      <step title="Cleaning up temp folders from previous zip deployments and extracting pushed zip file C:\local\Temp\zipdeploy\f11hix3p.zip (5.85 MB) to C:\local\Temp\zipdeploy\extracted" date="2026-01-23T17:13:48.794" >
        <step title="Renaming extractTargetDirectory(C:\local\Temp\zipdeploy\extracted) to tempDirectory(C:\local\Temp\zipdeploy\4tszzty3.pfq)" date="2026-01-23T17:13:48.794" /><!-- duration: 16ms -->
        <step title="Extracting 164 entries to C:\local\Temp\zipdeploy\extracted directory" date="2026-01-23T17:13:48.810" >
          <step title="Extracting to C:\local\Temp\zipdeploy\extracted\publish\appsettings.Development.json ..." date="2026-01-23T17:13:48.810" /><!-- duration: 0ms -->
          <step title="Extracting to C:\local\Temp\zipdeploy\extracted\publish\appsettings.json ..." date="2026-01-23T17:13:48.810" /><!-- duration: 0ms -->
          <step title="Extracting to C:\local\Temp\zipdeploy\extracted\publish\PawPal.Api.deps.json ..." date="2026-01-23T17:13:48.810" /><!-- duration: 0ms -->
          <step title="Extracting to C:\local\Temp\zipdeploy\extracted\publish\PawPal.Api.runtimeconfig.json ..." date="2026-01-23T17:13:48.825" /><!-- duration: 0ms -->
          <step title="Extracting to C:\local\Temp\zipdeploy\extracted\publish\PawPal.Api.staticwebassets.endpoints.json ..." date="2026-01-23T17:13:48.825" /><!-- duration: 0ms -->
          <step title="Omitting extracting file traces ..." date="2026-01-23T17:13:48.825" /><!-- duration: 0ms -->
          <step title="Extracting to C:\local\Temp\zipdeploy\extracted\System.Reactive.dll ..." date="2026-01-23T17:13:49.075" /><!-- duration: 16ms -->
          <step title="Extracting to C:\local\Temp\zipdeploy\extracted\web.config ..." date="2026-01-23T17:13:49.091" /><!-- duration: 0ms -->
          <step title="Extracting to C:\local\Temp\zipdeploy\extracted\Websocket.Client.dll ..." date="2026-01-23T17:13:49.091" /><!-- duration: 0ms -->
        </step><!-- duration: 297ms -->
      </step><!-- duration: 313ms -->
      <step title="None repository commit" date="2026-01-23T17:13:49.107" >
        <step title="Commit id: 3a79140ed2bc42b0a37d53da227f4ca8" date="2026-01-23T17:13:49.107" Message="OneDeploy" AuthorName="N/A" AuthorEmail="N/A" /><!-- duration: 0ms -->
      </step><!-- duration: 0ms -->
      <step title="Before sending BuildRequestReceived status to /api/updatedeploystatus" date="2026-01-23T17:13:49.107" /><!-- duration: 0ms -->
      <step title="DeploymentManager.Deploy(id:3a79140ed2bc42b0a37d53da227f4ca8)" date="2026-01-23T17:13:49.107" >
        <step title="Collecting changeset information" date="2026-01-23T17:13:49.122" /><!-- duration: 0ms -->
        <step title="Updating submodules" date="2026-01-23T17:13:49.122" >
          <step title="Updating submodules." date="2026-01-23T17:13:49.138" /><!-- duration: 0ms -->
        </step><!-- duration: 31ms -->
        <step title="Preparing deployment for commit id &apos;3a79140ed2&apos;." date="2026-01-23T17:13:49.153" /><!-- duration: 16ms -->
        <step title="Determining deployment builder" date="2026-01-23T17:13:49.185" >
          <step title="Builder is OneDeployBuilder" date="2026-01-23T17:13:49.185" /><!-- duration: 0ms -->
        </step><!-- duration: 0ms -->
        <step title="Copying SSH keys" date="2026-01-23T17:13:49.185" /><!-- duration: 16ms -->
        <step title="Building" date="2026-01-23T17:13:49.200" >
          <step title="Running build. Project type: OneDeploy" date="2026-01-23T17:13:49.216" /><!-- duration: 0ms -->
          <step title="Copying the manifest" date="2026-01-23T17:13:49.232" /><!-- duration: 0ms -->
          <step title="Clean deploying to C:\home\site\wwwroot" date="2026-01-23T17:13:49.247" /><!-- duration: 0ms -->
          <step title="Generating deployment script." date="2026-01-23T17:13:49.263" /><!-- duration: 0ms -->
          <step title="Generating deployment script" date="2026-01-23T17:13:49.278" >
            <step title="Using cached version of the deployment script for command: -y --no-dot-deployment -r &quot;C:\local\Temp\zipdeploy\extracted&quot; -o &quot;C:\home\site\deployments\tools&quot; --basic --sitePath &quot;C:\local\Temp\zipdeploy\extracted&quot;" date="2026-01-23T17:13:49.278" /><!-- duration: 0ms -->
            <step title="Using cached version of deployment script (command: &apos;azure -y --no-dot-deployment -r &quot;C:\local\Temp\zipdeploy\extracted&quot; -o &quot;C:\home\site\deployments\tools&quot; --basic --sitePath &quot;C:\local\Temp\zipdeploy\extracted&quot;&apos;)." date="2026-01-23T17:13:49.294" /><!-- duration: 0ms -->
          </step><!-- duration: 31ms -->
          <step title="Running deployment command..." date="2026-01-23T17:13:49.325" /><!-- duration: 0ms -->
          <step title="Command: &quot;C:\home\site\deployments\tools\deploy.cmd&quot;" date="2026-01-23T17:13:49.325" /><!-- duration: 16ms -->
          <step title="Executing external process" date="2026-01-23T17:13:49.341" type="process" path="starter.cmd" arguments="&quot;C:\home\site\deployments\tools\deploy.cmd&quot;" >
            <step title="Handling Basic Web Site deployment." date="2026-01-23T17:13:49.435" /><!-- duration: 0ms -->
            <step title="Creating app_offline.htm" date="2026-01-23T17:13:49.575" /><!-- duration: 0ms -->
            <step title="KuduSync.NET from: &apos;C:\local\Temp\zipdeploy\extracted&apos; to: &apos;C:\home\site\wwwroot&apos;" date="2026-01-23T17:13:49.575" /><!-- duration: 0ms -->
            <step title="Deleting app_offline.htm" date="2026-01-23T17:13:49.575" /><!-- duration: 0ms -->
            <step title="Finished successfully." date="2026-01-23T17:13:49.591" /><!-- duration: 0ms -->
          </step><!-- duration: 250ms -->
          <step title="Build completed succesfully." date="2026-01-23T17:13:49.607" /><!-- duration: 0ms -->
          <step title="Running post deployment command(s)..." date="2026-01-23T17:13:49.622" /><!-- duration: 0ms -->
          <step title="Requesting site restart" date="2026-01-23T17:13:49.653" /><!-- duration: 0ms -->
          <step title="Requesting site restart" date="2026-01-23T17:13:49.653" /><!-- duration: 0ms -->
          <step title="Requesting site restart. Attempt #1" date="2026-01-23T17:13:49.669" /><!-- duration: 0ms -->
          <step title="Requesting site restart. Attempt #1" date="2026-01-23T17:13:49.669" /><!-- duration: 0ms -->
          <step title="Successfully requested a restart. Attempt #1" date="2026-01-23T17:13:49.763" /><!-- duration: 16ms -->
          <step title="Successfully requested a restart. Attempt #1" date="2026-01-23T17:13:49.778" /><!-- duration: 0ms -->
          <step title="Deployment successful. DEPLOYMENTINFO: deploymentPath = OneDeploy, deployer = OneDeploy, os = windows, sku = Free, siteName = gofetch-api, siteHostName = gofetch-api-adcnhwbqcsdsb0h3.germanywestcentral-01.azurewebsites.net, deploymentStatus = Success" date="2026-01-23T17:13:49.794" /><!-- duration: 0ms -->
          <step title="Purge deployment items" date="2026-01-23T17:13:49.825" >
            <step title="Remove 9385ad8e7, Success, received at 1/22/2026 4:28:02 PM" date="2026-01-23T17:13:49.857" /><!-- duration: 0ms -->
          </step><!-- duration: 31ms -->
        </step><!-- duration: 656ms -->
      </step><!-- duration: 750ms -->
      <step title="Cleaning up temp files" date="2026-01-23T17:13:49.872" /><!-- duration: 0ms -->
      <step title="Skip function trigger and logicapp sync because function is not enabled." date="2026-01-23T17:13:49.872" /><!-- duration: 0ms -->
    </step><!-- duration: 1141ms -->
    <step title="LockFile &apos;C:\home\site\locks\deployments.lock&apos; released" date="2026-01-23T17:13:49.888" /><!-- duration: 0ms -->
    <step title="Deleting shutdown sentinel file" date="2026-01-23T17:13:49.888" SemaphoreCount="8" /><!-- duration: 0ms -->
  </step><!-- duration: 1266ms -->
  <step title="Outgoing response" date="2026-01-23T17:13:49.888" type="response" statusCode="200" statusText="OK" Server="Microsoft-IIS/10.0" x-ms-request-id="de7c820e-f87e-11f0-88cd-8a09bd1642c0" Cache-Control="private" X-AspNet-Version="4.0.30319" /><!-- duration: 16ms -->
</step><!-- duration: 1297ms -->
