<step title="Incoming Request" date="2026-01-23T18:16:35.065" instance="79e06d" url="/api/publish?type=zip" method="POST" type="request" pid="25284,2,97" Cache-Control="no-cache" Content-Length="6191433" Content-Type="application/octet-stream" Accept="*/*" Accept-Encoding="gzip, deflate" Authorization="Bea..." Host="gofetch-api-adcnhwbqcsdsb0h3.scm.germanywestcentral-01.azurewebsites.net" User-Agent="AZURECLI/2.79.0 (MSI)" x-ms-client-request-id="a4853bc0-f887-11f0-8da3-8a09bd1642c0" X-ARR-LOG-ID="a4853bc0-f887-11f0-8da3-8a09bd1642c0" CLIENT-IP="83.139.66.94:60331" X-SITE-DEPLOYMENT-ID="gofetch-api" WAS-DEFAULT-HOSTNAME="gofetch-api-adcnhwbqcsdsb0h3.scm.germanywestcentral-01.azurewebsites.net" X-Forwarded-Proto="https" X-AppService-Proto="https" X-Forwarded-TlsVersion="1.3" X-WAWS-Unencoded-URL="/api/publish?type=zip" >
  <step title="Cleanup Xml Logs" date="2026-01-23T18:16:35.065" /><!-- duration: 0ms -->
  <step title="OneDeploy" date="2026-01-23T18:16:35.065" >
    <step title="Starting PushDeployAsync" date="2026-01-23T18:16:35.081" /><!-- duration: 0ms -->
    <step title="Updating shutdown sentinel last write time" date="2026-01-23T18:16:35.081" SemaphoreCount="7" /><!-- duration: 0ms -->
    <step title="LockFile &apos;C:\home\site\locks\deployments.lock&apos; acquired" date="2026-01-23T18:16:35.081" /><!-- duration: 0ms -->
    <step title="Saving request content to C:\local\Temp\zipdeploy\cr3tccpu.zip" date="2026-01-23T18:16:35.081" >
      <step title="Total 6,191,433 bytes written to C:\local\Temp\zipdeploy\cr3tccpu.zip" date="2026-01-23T18:16:35.347" /><!-- duration: 16ms -->
    </step><!-- duration: 281ms -->
    <step title="LockFile &apos;C:\home\site\locks\deployments.lock&apos; released" date="2026-01-23T18:16:35.362" /><!-- duration: 0ms -->
    <step title="Deleting shutdown sentinel file" date="2026-01-23T18:16:35.362" SemaphoreCount="8" /><!-- duration: 0ms -->
    <step title="Starting FetchDeploy" date="2026-01-23T18:16:35.362" /><!-- duration: 0ms -->
    <step title="Attempting to fetch target branch HEAD" date="2026-01-23T18:16:35.362" /><!-- duration: 16ms -->
    <step title="Updating shutdown sentinel last write time" date="2026-01-23T18:16:35.378" SemaphoreCount="7" /><!-- duration: 0ms -->
    <step title="LockFile &apos;C:\home\site\locks\deployments.lock&apos; acquired" date="2026-01-23T18:16:35.378" /><!-- duration: 0ms -->
    <step title="Performing fetch based deployment" date="2026-01-23T18:16:35.378" >
      <step title="Creating temporary deployment" date="2026-01-23T18:16:35.378" /><!-- duration: 16ms -->
      <step title="Fetching changes." date="2026-01-23T18:16:35.409" /><!-- duration: 0ms -->
      <step title="Starting LocalZipHandler" date="2026-01-23T18:16:35.409" /><!-- duration: 0ms -->
      <step title="Starting LocalZipFetch" date="2026-01-23T18:16:35.409" /><!-- duration: 0ms -->
      <step title="Cleaning up temp folders from previous zip deployments and extracting pushed zip file C:\local\Temp\zipdeploy\cr3tccpu.zip (5.90 MB) to C:\local\Temp\zipdeploy\extracted" date="2026-01-23T18:16:35.425" /><!-- duration: 0ms -->
      <step title="Cleaning up temp folders from previous zip deployments and extracting pushed zip file C:\local\Temp\zipdeploy\cr3tccpu.zip (5.90 MB) to C:\local\Temp\zipdeploy\extracted" date="2026-01-23T18:16:35.425" >
        <step title="Renaming extractTargetDirectory(C:\local\Temp\zipdeploy\extracted) to tempDirectory(C:\local\Temp\zipdeploy\3txd2ni3.4ay)" date="2026-01-23T18:16:35.425" /><!-- duration: 0ms -->
        <step title="Extracting 182 entries to C:\local\Temp\zipdeploy\extracted directory" date="2026-01-23T18:16:35.425" >
          <step title="Extracting to C:\local\Temp\zipdeploy\extracted\publish\appsettings.Development.json ..." date="2026-01-23T18:16:35.425" /><!-- duration: 0ms -->
          <step title="Extracting to C:\local\Temp\zipdeploy\extracted\publish\appsettings.json ..." date="2026-01-23T18:16:35.440" /><!-- duration: 0ms -->
          <step title="Extracting to C:\local\Temp\zipdeploy\extracted\publish\PawPal.Api.deps.json ..." date="2026-01-23T18:16:35.440" /><!-- duration: 0ms -->
          <step title="Extracting to C:\local\Temp\zipdeploy\extracted\publish\PawPal.Api.runtimeconfig.json ..." date="2026-01-23T18:16:35.440" /><!-- duration: 0ms -->
          <step title="Extracting to C:\local\Temp\zipdeploy\extracted\publish\PawPal.Api.staticwebassets.endpoints.json ..." date="2026-01-23T18:16:35.440" /><!-- duration: 0ms -->
          <step title="Omitting extracting file traces ..." date="2026-01-23T18:16:35.440" /><!-- duration: 16ms -->
          <step title="Extracting to C:\local\Temp\zipdeploy\extracted\System.Reactive.dll ..." date="2026-01-23T18:16:35.706" /><!-- duration: 16ms -->
          <step title="Extracting to C:\local\Temp\zipdeploy\extracted\web.config ..." date="2026-01-23T18:16:35.722" /><!-- duration: 16ms -->
          <step title="Extracting to C:\local\Temp\zipdeploy\extracted\Websocket.Client.dll ..." date="2026-01-23T18:16:35.737" /><!-- duration: 0ms -->
        </step><!-- duration: 313ms -->
      </step><!-- duration: 313ms -->
      <step title="None repository commit" date="2026-01-23T18:16:35.737" >
        <step title="Commit id: fe2ea51256d04c6db39016d4da7538f1" date="2026-01-23T18:16:35.737" Message="OneDeploy" AuthorName="N/A" AuthorEmail="N/A" /><!-- duration: 0ms -->
      </step><!-- duration: 0ms -->
      <step title="Before sending BuildRequestReceived status to /api/updatedeploystatus" date="2026-01-23T18:16:35.737" /><!-- duration: 16ms -->
      <step title="DeploymentManager.Deploy(id:fe2ea51256d04c6db39016d4da7538f1)" date="2026-01-23T18:16:35.753" >
        <step title="Collecting changeset information" date="2026-01-23T18:16:35.753" /><!-- duration: 16ms -->
        <step title="Updating submodules" date="2026-01-23T18:16:35.769" >
          <step title="Updating submodules." date="2026-01-23T18:16:35.784" /><!-- duration: 0ms -->
        </step><!-- duration: 16ms -->
        <step title="Preparing deployment for commit id &apos;fe2ea51256&apos;." date="2026-01-23T18:16:35.800" /><!-- duration: 0ms -->
        <step title="Determining deployment builder" date="2026-01-23T18:16:35.815" >
          <step title="Builder is OneDeployBuilder" date="2026-01-23T18:16:35.815" /><!-- duration: 0ms -->
        </step><!-- duration: 0ms -->
        <step title="Copying SSH keys" date="2026-01-23T18:16:35.815" /><!-- duration: 0ms -->
        <step title="Building" date="2026-01-23T18:16:35.831" >
          <step title="Running build. Project type: OneDeploy" date="2026-01-23T18:16:35.847" /><!-- duration: 0ms -->
          <step title="Copying the manifest" date="2026-01-23T18:16:35.862" /><!-- duration: 0ms -->
          <step title="Clean deploying to C:\home\site\wwwroot" date="2026-01-23T18:16:35.878" /><!-- duration: 0ms -->
          <step title="Generating deployment script." date="2026-01-23T18:16:35.894" /><!-- duration: 0ms -->
          <step title="Generating deployment script" date="2026-01-23T18:16:35.894" >
            <step title="Using cached version of the deployment script for command: -y --no-dot-deployment -r &quot;C:\local\Temp\zipdeploy\extracted&quot; -o &quot;C:\home\site\deployments\tools&quot; --basic --sitePath &quot;C:\local\Temp\zipdeploy\extracted&quot;" date="2026-01-23T18:16:35.894" /><!-- duration: 0ms -->
            <step title="Using cached version of deployment script (command: &apos;azure -y --no-dot-deployment -r &quot;C:\local\Temp\zipdeploy\extracted&quot; -o &quot;C:\home\site\deployments\tools&quot; --basic --sitePath &quot;C:\local\Temp\zipdeploy\extracted&quot;&apos;)." date="2026-01-23T18:16:35.925" /><!-- duration: 0ms -->
          </step><!-- duration: 47ms -->
          <step title="Running deployment command..." date="2026-01-23T18:16:35.956" /><!-- duration: 0ms -->
          <step title="Command: &quot;C:\home\site\deployments\tools\deploy.cmd&quot;" date="2026-01-23T18:16:35.956" /><!-- duration: 0ms -->
          <step title="Executing external process" date="2026-01-23T18:16:35.956" type="process" path="starter.cmd" arguments="&quot;C:\home\site\deployments\tools\deploy.cmd&quot;" >
            <step title="Handling Basic Web Site deployment." date="2026-01-23T18:16:36.050" /><!-- duration: 16ms -->
            <step title="Creating app_offline.htm" date="2026-01-23T18:16:36.206" /><!-- duration: 0ms -->
            <step title="KuduSync.NET from: &apos;C:\local\Temp\zipdeploy\extracted&apos; to: &apos;C:\home\site\wwwroot&apos;" date="2026-01-23T18:16:36.206" /><!-- duration: 0ms -->
            <step title="Copying file: &apos;PawPal.Api.dll&apos;" date="2026-01-23T18:16:36.222" /><!-- duration: 0ms -->
            <step title="Copying file: &apos;PawPal.Api.exe&apos;" date="2026-01-23T18:16:36.222" /><!-- duration: 0ms -->
            <step title="Copying file: &apos;PawPal.Api.pdb&apos;" date="2026-01-23T18:16:36.222" /><!-- duration: 0ms -->
            <step title="Copying file: &apos;publish\publish\publish\publish\publish\publish\appsettings.Development.json&apos;" date="2026-01-23T18:16:36.237" /><!-- duration: 0ms -->
            <step title="Copying file: &apos;publish\publish\publish\publish\publish\publish\publish\appsettings.json&apos;" date="2026-01-23T18:16:36.237" /><!-- duration: 0ms -->
            <step title="Copying file: &apos;publish\publish\publish\publish\publish\publish\publish\publish\publish\appsettings.Development.json&apos;" date="2026-01-23T18:16:36.237" /><!-- duration: 0ms -->
            <step title="Copying file: &apos;publish\publish\publish\publish\publish\publish\publish\publish\publish\appsettings.json&apos;" date="2026-01-23T18:16:36.253" /><!-- duration: 0ms -->
            <step title="Copying file: &apos;publish\publish\publish\publish\publish\publish\publish\publish\publish\PawPal.Api.deps.json&apos;" date="2026-01-23T18:16:36.253" /><!-- duration: 0ms -->
            <step title="Copying file: &apos;publish\publish\publish\publish\publish\publish\publish\publish\publish\PawPal.Api.runtimeconfig.json&apos;" date="2026-01-23T18:16:36.269" /><!-- duration: 0ms -->
            <step title="Copying file: &apos;publish\publish\publish\publish\publish\publish\publish\publish\publish\publish\publish\publish\appsettings.json&apos;" date="2026-01-23T18:16:36.269" /><!-- duration: 0ms -->
            <step title="Copying file: &apos;publish\publish\publish\publish\publish\publish\publish\publish\publish\publish\publish\publish\PawPal.Api.deps.json&apos;" date="2026-01-23T18:16:36.269" /><!-- duration: 0ms -->
            <step title="Copying file: &apos;publish\publish\publish\publish\publish\publish\publish\publish\publish\publish\publish\publish\PawPal.Api.runtimeconfig.json&apos;" date="2026-01-23T18:16:36.284" /><!-- duration: 0ms -->
            <step title="Copying file: &apos;publish\publish\publish\publish\publish\publish\publish\publish\publish\publish\publish\publish\publish\publish\appsettings.Development.json&apos;" date="2026-01-23T18:16:36.284" /><!-- duration: 0ms -->
            <step title="Copying file: &apos;publish\publish\publish\publish\publish\publish\publish\publish\publish\publish\publish\publish\publish\publish\appsettings.json&apos;" date="2026-01-23T18:16:36.300" /><!-- duration: 0ms -->
            <step title="Copying file: &apos;publish\publish\publish\publish\publish\publish\publish\publish\publish\publish\publish\publish\publish\publish\PawPal.Api.deps.json&apos;" date="2026-01-23T18:16:36.300" /><!-- duration: 0ms -->
            <step title="Copying file: &apos;publish\publish\publish\publish\publish\publish\publish\publish\publish\publish\publish\publish\publish\publish\PawPal.Api.runtimeconfig.json&apos;" date="2026-01-23T18:16:36.300" /><!-- duration: 0ms -->
            <step title="Copying file: &apos;publish\publish\publish\publish\publish\publish\publish\publish\publish\publish\publish\publish\publish\publish\PawPal.Api.staticwebassets.endpoints.json&apos;" date="2026-01-23T18:16:36.316" /><!-- duration: 0ms -->
            <step title="Copying file: &apos;publish\publish\publish\publish\publish\publish\publish\publish\publish\publish\publish\publish\publish\publish\publish\publish\publish\publish\appsettings.json&apos;" date="2026-01-23T18:16:36.316" /><!-- duration: 0ms -->
            <step title="Copying file: &apos;publish\publish\publish\publish\publish\publish\publish\publish\publish\publish\publish\publish\publish\publish\publish\publish\publish\publish\PawPal.Api.deps.json&apos;" date="2026-01-23T18:16:36.316" /><!-- duration: 0ms -->
            <step title="Copying file: &apos;publish\publish\publish\publish\publish\publish\publish\publish\publish\publish\publish\publish\publish\publish\publish\publish\publish\publish\publish\publish\appsettings.Development.json&apos;" date="2026-01-23T18:16:36.331" /><!-- duration: 0ms -->
            <step title="Copying file: &apos;publish\publish\publish\publish\publish\publish\publish\publish\publish\publish\publish\publish\publish\publish\publish\publish\publish\publish\publish\publish\appsettings.json&apos;" date="2026-01-23T18:16:36.331" /><!-- duration: 0ms -->
            <step title="Copying file: &apos;publish\publish\publish\publish\publish\publish\publish\publish\publish\publish\publish\publish\publish\publish\publish\publish\publish\publish\publish\publish\PawPal.Api.deps.json&apos;" date="2026-01-23T18:16:36.331" /><!-- duration: 0ms -->
            <step title="Copying file: &apos;publish\publish\publish\publish\publish\publish\publish\publish\publish\publish\publish\publish\publish\publish\publish\publish\publish\publish\publish\publish\PawPal.Api.runtimeconfig.json&apos;" date="2026-01-23T18:16:38.675" /><!-- duration: 0ms -->
            <step title="Copying file: &apos;publish\publish\publish\publish\publish\publish\publish\publish\publish\publish\publish\publish\publish\publish\publish\publish\publish\publish\publish\publish\PawPal.Api.staticwebassets.endpoints.json&apos;" date="2026-01-23T18:16:38.691" /><!-- duration: 0ms -->
            <step title="Copying file: &apos;publish\publish\publish\publish\publish\publish\publish\publish\publish\publish\publish\publish\publish\publish\publish\publish\publish\publish\publish\publish\web.config&apos;" date="2026-01-23T18:16:38.691" /><!-- duration: 0ms -->
            <step title="Deleting app_offline.htm" date="2026-01-23T18:16:38.691" /><!-- duration: 0ms -->
            <step title="Finished successfully." date="2026-01-23T18:16:38.706" /><!-- duration: 0ms -->
          </step><!-- duration: 2750ms -->
          <step title="Build completed succesfully." date="2026-01-23T18:16:38.722" /><!-- duration: 0ms -->
          <step title="Running post deployment command(s)..." date="2026-01-23T18:16:38.737" /><!-- duration: 0ms -->
          <step title="Requesting site restart" date="2026-01-23T18:16:38.753" /><!-- duration: 0ms -->
          <step title="Requesting site restart" date="2026-01-23T18:16:38.753" /><!-- duration: 0ms -->
          <step title="Requesting site restart. Attempt #1" date="2026-01-23T18:16:38.769" /><!-- duration: 0ms -->
          <step title="Requesting site restart. Attempt #1" date="2026-01-23T18:16:38.769" /><!-- duration: 0ms -->
          <step title="Successfully requested a restart. Attempt #1" date="2026-01-23T18:16:38.831" /><!-- duration: 0ms -->
          <step title="Successfully requested a restart. Attempt #1" date="2026-01-23T18:16:38.831" /><!-- duration: 0ms -->
          <step title="Deployment successful. DEPLOYMENTINFO: deploymentPath = OneDeploy, deployer = OneDeploy, os = windows, sku = Free, siteName = gofetch-api, siteHostName = gofetch-api-adcnhwbqcsdsb0h3.germanywestcentral-01.azurewebsites.net, deploymentStatus = Success" date="2026-01-23T18:16:38.847" /><!-- duration: 0ms -->
          <step title="Purge deployment items" date="2026-01-23T18:16:38.878" >
            <step title="Remove 498a87e6d, Success, received at 1/22/2026 8:33:39 PM" date="2026-01-23T18:16:38.909" /><!-- duration: 0ms -->
          </step><!-- duration: 31ms -->
        </step><!-- duration: 3094ms -->
      </step><!-- duration: 3172ms -->
      <step title="Cleaning up temp files" date="2026-01-23T18:16:38.925" /><!-- duration: 0ms -->
      <step title="Skip function trigger and logicapp sync because function is not enabled." date="2026-01-23T18:16:38.925" /><!-- duration: 0ms -->
    </step><!-- duration: 3563ms -->
    <step title="LockFile &apos;C:\home\site\locks\deployments.lock&apos; released" date="2026-01-23T18:16:38.941" /><!-- duration: 0ms -->
    <step title="Deleting shutdown sentinel file" date="2026-01-23T18:16:38.941" SemaphoreCount="8" /><!-- duration: 0ms -->
  </step><!-- duration: 3875ms -->
  <step title="Outgoing response" date="2026-01-23T18:16:38.941" type="response" statusCode="200" statusText="OK" Server="Microsoft-IIS/10.0" x-ms-request-id="a4853bc0-f887-11f0-8da3-8a09bd1642c0" Cache-Control="private" X-AspNet-Version="4.0.30319" /><!-- duration: 16ms -->
</step><!-- duration: 3891ms -->
