<step title="Incoming Request" date="2026-01-22T16:28:01.781" instance="79e06d" url="/api/publish?type=zip" method="POST" type="request" pid="7588,2,9" Cache-Control="no-cache" Content-Length="6063258" Content-Type="application/octet-stream" Accept="*/*" Accept-Encoding="gzip, deflate" Authorization="Bea..." Host="gofetch-api-adcnhwbqcsdsb0h3.scm.germanywestcentral-01.azurewebsites.net" User-Agent="AZURECLI/2.79.0 (MSI)" x-ms-client-request-id="4dad30e9-f7af-11f0-a1d9-c97850b2a9d9" X-ARR-LOG-ID="4dad30e9-f7af-11f0-a1d9-c97850b2a9d9" CLIENT-IP="83.139.66.94:52102" X-SITE-DEPLOYMENT-ID="gofetch-api" WAS-DEFAULT-HOSTNAME="gofetch-api-adcnhwbqcsdsb0h3.scm.germanywestcentral-01.azurewebsites.net" X-Forwarded-Proto="https" X-AppService-Proto="https" X-Forwarded-TlsVersion="1.3" X-WAWS-Unencoded-URL="/api/publish?type=zip" >
  <step title="OneDeploy" date="2026-01-22T16:28:02.000" >
    <step title="Starting PushDeployAsync" date="2026-01-22T16:28:02.015" /><!-- duration: 0ms -->
    <step title="Updating shutdown sentinel last write time" date="2026-01-22T16:28:02.031" SemaphoreCount="7" /><!-- duration: 0ms -->
    <step title="LockFile &apos;C:\home\site\locks\deployments.lock&apos; acquired" date="2026-01-22T16:28:02.031" /><!-- duration: 16ms -->
    <step title="Saving request content to C:\local\Temp\zipdeploy\pvhehinh.zip" date="2026-01-22T16:28:02.047" >
      <step title="Total 6,063,258 bytes written to C:\local\Temp\zipdeploy\pvhehinh.zip" date="2026-01-22T16:28:02.078" /><!-- duration: 0ms -->
    </step><!-- duration: 31ms -->
    <step title="LockFile &apos;C:\home\site\locks\deployments.lock&apos; released" date="2026-01-22T16:28:02.078" /><!-- duration: 0ms -->
    <step title="Deleting shutdown sentinel file" date="2026-01-22T16:28:02.078" SemaphoreCount="8" /><!-- duration: 0ms -->
    <step title="Starting FetchDeploy" date="2026-01-22T16:28:02.078" /><!-- duration: 16ms -->
    <step title="Attempting to fetch target branch HEAD" date="2026-01-22T16:28:02.093" /><!-- duration: 0ms -->
    <step title="Updating shutdown sentinel last write time" date="2026-01-22T16:28:02.093" SemaphoreCount="7" /><!-- duration: 0ms -->
    <step title="LockFile &apos;C:\home\site\locks\deployments.lock&apos; acquired" date="2026-01-22T16:28:02.093" /><!-- duration: 0ms -->
    <step title="Performing fetch based deployment" date="2026-01-22T16:28:02.093" >
      <step title="Creating temporary deployment" date="2026-01-22T16:28:02.109" /><!-- duration: 0ms -->
      <step title="Fetching changes." date="2026-01-22T16:28:02.140" /><!-- duration: 0ms -->
      <step title="Starting LocalZipHandler" date="2026-01-22T16:28:02.140" /><!-- duration: 0ms -->
      <step title="Starting LocalZipFetch" date="2026-01-22T16:28:02.156" /><!-- duration: 0ms -->
      <step title="Cleaning up temp folders from previous zip deployments and extracting pushed zip file C:\local\Temp\zipdeploy\pvhehinh.zip (5.78 MB) to C:\local\Temp\zipdeploy\extracted" date="2026-01-22T16:28:02.156" /><!-- duration: 0ms -->
      <step title="Cleaning up temp folders from previous zip deployments and extracting pushed zip file C:\local\Temp\zipdeploy\pvhehinh.zip (5.78 MB) to C:\local\Temp\zipdeploy\extracted" date="2026-01-22T16:28:02.156" >
        <step title="Renaming extractTargetDirectory(C:\local\Temp\zipdeploy\extracted) to tempDirectory(C:\local\Temp\zipdeploy\qgrsunuw.k1h)" date="2026-01-22T16:28:02.156" /><!-- duration: 0ms -->
        <step title="Extracting 140 entries to C:\local\Temp\zipdeploy\extracted directory" date="2026-01-22T16:28:02.172" >
          <step title="Extracting to C:\local\Temp\zipdeploy\extracted\publish\appsettings.Development.json ..." date="2026-01-22T16:28:02.172" /><!-- duration: 16ms -->
          <step title="Extracting to C:\local\Temp\zipdeploy\extracted\publish\appsettings.json ..." date="2026-01-22T16:28:02.187" /><!-- duration: 0ms -->
          <step title="Extracting to C:\local\Temp\zipdeploy\extracted\publish\PawPal.Api.deps.json ..." date="2026-01-22T16:28:02.187" /><!-- duration: 0ms -->
          <step title="Extracting to C:\local\Temp\zipdeploy\extracted\publish\PawPal.Api.runtimeconfig.json ..." date="2026-01-22T16:28:02.187" /><!-- duration: 0ms -->
          <step title="Extracting to C:\local\Temp\zipdeploy\extracted\publish\PawPal.Api.staticwebassets.endpoints.json ..." date="2026-01-22T16:28:02.187" /><!-- duration: 0ms -->
          <step title="Omitting extracting file traces ..." date="2026-01-22T16:28:02.203" /><!-- duration: 0ms -->
          <step title="Extracting to C:\local\Temp\zipdeploy\extracted\System.Reactive.dll ..." date="2026-01-22T16:28:02.437" /><!-- duration: 47ms -->
          <step title="Extracting to C:\local\Temp\zipdeploy\extracted\web.config ..." date="2026-01-22T16:28:02.484" /><!-- duration: 0ms -->
          <step title="Extracting to C:\local\Temp\zipdeploy\extracted\Websocket.Client.dll ..." date="2026-01-22T16:28:02.484" /><!-- duration: 0ms -->
        </step><!-- duration: 328ms -->
      </step><!-- duration: 344ms -->
      <step title="None repository commit" date="2026-01-22T16:28:02.500" >
        <step title="Commit id: 9385ad8e781f46ca837798e9bbc4b348" date="2026-01-22T16:28:02.500" Message="OneDeploy" AuthorName="N/A" AuthorEmail="N/A" /><!-- duration: 0ms -->
      </step><!-- duration: 0ms -->
      <step title="Before sending BuildRequestReceived status to /api/updatedeploystatus" date="2026-01-22T16:28:02.500" /><!-- duration: 0ms -->
      <step title="DeploymentManager.Deploy(id:9385ad8e781f46ca837798e9bbc4b348)" date="2026-01-22T16:28:02.500" >
        <step title="Collecting changeset information" date="2026-01-22T16:28:02.500" /><!-- duration: 16ms -->
        <step title="Updating submodules" date="2026-01-22T16:28:02.515" >
          <step title="Updating submodules." date="2026-01-22T16:28:02.531" /><!-- duration: 0ms -->
        </step><!-- duration: 16ms -->
        <step title="Preparing deployment for commit id &apos;9385ad8e78&apos;." date="2026-01-22T16:28:02.547" /><!-- duration: 0ms -->
        <step title="Determining deployment builder" date="2026-01-22T16:28:02.562" >
          <step title="Builder is OneDeployBuilder" date="2026-01-22T16:28:02.578" /><!-- duration: 0ms -->
        </step><!-- duration: 16ms -->
        <step title="Copying SSH keys" date="2026-01-22T16:28:02.578" /><!-- duration: 0ms -->
        <step title="Building" date="2026-01-22T16:28:02.578" >
          <step title="Running build. Project type: OneDeploy" date="2026-01-22T16:28:02.593" /><!-- duration: 0ms -->
          <step title="Copying the manifest" date="2026-01-22T16:28:02.609" /><!-- duration: 0ms -->
          <step title="Clean deploying to C:\home\site\wwwroot" date="2026-01-22T16:28:02.687" /><!-- duration: 0ms -->
          <step title="Generating deployment script." date="2026-01-22T16:28:02.703" /><!-- duration: 0ms -->
          <step title="Generating deployment script" date="2026-01-22T16:28:02.718" >
            <step title="Using cached version of the deployment script for command: -y --no-dot-deployment -r &quot;C:\local\Temp\zipdeploy\extracted&quot; -o &quot;C:\home\site\deployments\tools&quot; --basic --sitePath &quot;C:\local\Temp\zipdeploy\extracted&quot;" date="2026-01-22T16:28:02.718" /><!-- duration: 0ms -->
            <step title="Using cached version of deployment script (command: &apos;azure -y --no-dot-deployment -r &quot;C:\local\Temp\zipdeploy\extracted&quot; -o &quot;C:\home\site\deployments\tools&quot; --basic --sitePath &quot;C:\local\Temp\zipdeploy\extracted&quot;&apos;)." date="2026-01-22T16:28:02.734" /><!-- duration: 0ms -->
          </step><!-- duration: 31ms -->
          <step title="Running deployment command..." date="2026-01-22T16:28:02.765" /><!-- duration: 0ms -->
          <step title="Command: &quot;C:\home\site\deployments\tools\deploy.cmd&quot;" date="2026-01-22T16:28:02.781" /><!-- duration: 0ms -->
          <step title="Executing external process" date="2026-01-22T16:28:02.781" type="process" path="starter.cmd" arguments="&quot;C:\home\site\deployments\tools\deploy.cmd&quot;" >
            <step title="Handling Basic Web Site deployment." date="2026-01-22T16:28:02.890" /><!-- duration: 16ms -->
            <step title="Creating app_offline.htm" date="2026-01-22T16:28:03.093" /><!-- duration: 0ms -->
            <step title="KuduSync.NET from: &apos;C:\local\Temp\zipdeploy\extracted&apos; to: &apos;C:\home\site\wwwroot&apos;" date="2026-01-22T16:28:03.093" /><!-- duration: 0ms -->
            <step title="Copying file: &apos;appsettings.json&apos;" date="2026-01-22T16:28:03.093" /><!-- duration: 0ms -->
            <step title="Copying file: &apos;PawPal.Api.dll&apos;" date="2026-01-22T16:28:03.109" /><!-- duration: 0ms -->
            <step title="Copying file: &apos;PawPal.Api.exe&apos;" date="2026-01-22T16:28:03.109" /><!-- duration: 0ms -->
            <step title="Copying file: &apos;PawPal.Api.pdb&apos;" date="2026-01-22T16:28:03.125" /><!-- duration: 0ms -->
            <step title="Copying file: &apos;publish\publish\appsettings.Development.json&apos;" date="2026-01-22T16:28:03.125" /><!-- duration: 0ms -->
            <step title="Copying file: &apos;publish\publish\appsettings.json&apos;" date="2026-01-22T16:28:03.125" /><!-- duration: 0ms -->
            <step title="Copying file: &apos;publish\publish\PawPal.Api.deps.json&apos;" date="2026-01-22T16:28:03.140" /><!-- duration: 0ms -->
            <step title="Copying file: &apos;publish\publish\PawPal.Api.runtimeconfig.json&apos;" date="2026-01-22T16:28:03.140" /><!-- duration: 0ms -->
            <step title="Copying file: &apos;publish\publish\publish\publish\publish\appsettings.json&apos;" date="2026-01-22T16:28:03.156" /><!-- duration: 0ms -->
            <step title="Copying file: &apos;publish\publish\publish\publish\publish\PawPal.Api.deps.json&apos;" date="2026-01-22T16:28:03.156" /><!-- duration: 16ms -->
            <step title="Copying file: &apos;publish\publish\publish\publish\publish\PawPal.Api.runtimeconfig.json&apos;" date="2026-01-22T16:28:03.172" /><!-- duration: 0ms -->
            <step title="Copying file: &apos;publish\publish\publish\publish\publish\publish\publish\appsettings.Development.json&apos;" date="2026-01-22T16:28:03.172" /><!-- duration: 0ms -->
            <step title="Copying file: &apos;publish\publish\publish\publish\publish\publish\publish\appsettings.json&apos;" date="2026-01-22T16:28:03.187" /><!-- duration: 0ms -->
            <step title="Copying file: &apos;publish\publish\publish\publish\publish\publish\publish\PawPal.Api.deps.json&apos;" date="2026-01-22T16:28:03.187" /><!-- duration: 0ms -->
            <step title="Copying file: &apos;publish\publish\publish\publish\publish\publish\publish\PawPal.Api.runtimeconfig.json&apos;" date="2026-01-22T16:28:03.187" /><!-- duration: 0ms -->
            <step title="Copying file: &apos;publish\publish\publish\publish\publish\publish\publish\PawPal.Api.staticwebassets.endpoints.json&apos;" date="2026-01-22T16:28:03.203" /><!-- duration: 0ms -->
            <step title="Copying file: &apos;publish\publish\publish\publish\publish\publish\publish\publish\publish\publish\publish\appsettings.json&apos;" date="2026-01-22T16:28:03.203" /><!-- duration: 0ms -->
            <step title="Copying file: &apos;publish\publish\publish\publish\publish\publish\publish\publish\publish\publish\publish\PawPal.Api.deps.json&apos;" date="2026-01-22T16:28:03.203" /><!-- duration: 0ms -->
            <step title="Copying file: &apos;publish\publish\publish\publish\publish\publish\publish\publish\publish\publish\publish\publish\publish\appsettings.Development.json&apos;" date="2026-01-22T16:28:03.218" /><!-- duration: 0ms -->
            <step title="Copying file: &apos;publish\publish\publish\publish\publish\publish\publish\publish\publish\publish\publish\publish\publish\appsettings.json&apos;" date="2026-01-22T16:28:03.218" /><!-- duration: 0ms -->
            <step title="Copying file: &apos;publish\publish\publish\publish\publish\publish\publish\publish\publish\publish\publish\publish\publish\PawPal.Api.deps.json&apos;" date="2026-01-22T16:28:03.218" /><!-- duration: 16ms -->
            <step title="Copying file: &apos;publish\publish\publish\publish\publish\publish\publish\publish\publish\publish\publish\publish\publish\PawPal.Api.runtimeconfig.json&apos;" date="2026-01-22T16:28:03.234" /><!-- duration: 0ms -->
            <step title="Copying file: &apos;publish\publish\publish\publish\publish\publish\publish\publish\publish\publish\publish\publish\publish\PawPal.Api.staticwebassets.endpoints.json&apos;" date="2026-01-22T16:28:05.547" /><!-- duration: 0ms -->
            <step title="Copying file: &apos;publish\publish\publish\publish\publish\publish\publish\publish\publish\publish\publish\publish\publish\web.config&apos;" date="2026-01-22T16:28:05.547" /><!-- duration: 0ms -->
            <step title="Deleting app_offline.htm" date="2026-01-22T16:28:05.562" /><!-- duration: 0ms -->
            <step title="Finished successfully." date="2026-01-22T16:28:05.562" /><!-- duration: 0ms -->
          </step><!-- duration: 2781ms -->
          <step title="Build completed succesfully." date="2026-01-22T16:28:05.593" /><!-- duration: 0ms -->
          <step title="Running post deployment command(s)..." date="2026-01-22T16:28:05.593" /><!-- duration: 16ms -->
          <step title="Requesting site restart" date="2026-01-22T16:28:05.625" /><!-- duration: 0ms -->
          <step title="Requesting site restart" date="2026-01-22T16:28:05.625" /><!-- duration: 16ms -->
          <step title="Requesting site restart. Attempt #1" date="2026-01-22T16:28:05.656" /><!-- duration: 0ms -->
          <step title="Requesting site restart. Attempt #1" date="2026-01-22T16:28:05.656" /><!-- duration: 0ms -->
          <step title="Successfully requested a restart. Attempt #1" date="2026-01-22T16:28:05.828" /><!-- duration: 16ms -->
          <step title="Successfully requested a restart. Attempt #1" date="2026-01-22T16:28:05.843" /><!-- duration: 0ms -->
          <step title="Deployment successful. DEPLOYMENTINFO: deploymentPath = OneDeploy, deployer = OneDeploy, os = windows, sku = Free, siteName = gofetch-api, siteHostName = gofetch-api-adcnhwbqcsdsb0h3.germanywestcentral-01.azurewebsites.net, deploymentStatus = Success" date="2026-01-22T16:28:05.859" /><!-- duration: 0ms -->
          <step title="Purge deployment items" date="2026-01-22T16:28:05.922" >
            <step title="Remove 8be18793c, Success, received at 1/18/2026 10:17:00 PM" date="2026-01-22T16:28:05.937" /><!-- duration: 0ms -->
          </step><!-- duration: 16ms -->
        </step><!-- duration: 3359ms -->
      </step><!-- duration: 3438ms -->
      <step title="Cleaning up temp files" date="2026-01-22T16:28:05.937" /><!-- duration: 16ms -->
      <step title="Skip function trigger and logicapp sync because function is not enabled." date="2026-01-22T16:28:05.953" /><!-- duration: 0ms -->
    </step><!-- duration: 3875ms -->
    <step title="LockFile &apos;C:\home\site\locks\deployments.lock&apos; released" date="2026-01-22T16:28:05.968" /><!-- duration: 0ms -->
    <step title="Deleting shutdown sentinel file" date="2026-01-22T16:28:05.984" SemaphoreCount="8" /><!-- duration: 0ms -->
  </step><!-- duration: 3984ms -->
  <step title="Outgoing response" date="2026-01-22T16:28:05.984" type="response" statusCode="200" statusText="OK" Server="Microsoft-IIS/10.0" x-ms-request-id="4dad30e9-f7af-11f0-a1d9-c97850b2a9d9" Cache-Control="private" X-AspNet-Version="4.0.30319" /><!-- duration: 0ms -->
</step><!-- duration: 4203ms -->
