<step title="Incoming Request" date="2026-01-23T13:07:08.740" instance="79e06d" url="/api/publish?type=zip" method="POST" type="request" pid="18864,2,12" Cache-Control="no-cache" Content-Length="16438281" Content-Type="application/octet-stream" Accept="*/*" Accept-Encoding="gzip, deflate" Authorization="Bea..." Host="gofetch-api-adcnhwbqcsdsb0h3.scm.germanywestcentral-01.azurewebsites.net" User-Agent="AZURECLI/2.79.0 (MSI)" x-ms-client-request-id="6905663a-f85c-11f0-8875-8a09bd1642c0" X-ARR-LOG-ID="6905663a-f85c-11f0-8875-8a09bd1642c0" CLIENT-IP="83.139.66.94:65329" X-SITE-DEPLOYMENT-ID="gofetch-api" WAS-DEFAULT-HOSTNAME="gofetch-api-adcnhwbqcsdsb0h3.scm.germanywestcentral-01.azurewebsites.net" X-Forwarded-Proto="https" X-AppService-Proto="https" X-Forwarded-TlsVersion="1.3" X-WAWS-Unencoded-URL="/api/publish?type=zip" >
  <step title="Cleanup Xml Logs" date="2026-01-23T13:07:08.740" /><!-- duration: 0ms -->
  <step title="OneDeploy" date="2026-01-23T13:07:08.787" >
    <step title="Starting PushDeployAsync" date="2026-01-23T13:07:08.803" /><!-- duration: 0ms -->
    <step title="Updating shutdown sentinel last write time" date="2026-01-23T13:07:08.834" SemaphoreCount="7" /><!-- duration: 0ms -->
    <step title="LockFile &apos;C:\home\site\locks\deployments.lock&apos; acquired" date="2026-01-23T13:07:08.834" /><!-- duration: 0ms -->
    <step title="Saving request content to C:\local\Temp\zipdeploy\yigkx353.zip" date="2026-01-23T13:07:08.849" >
      <step title="Total 16,438,281 bytes written to C:\local\Temp\zipdeploy\yigkx353.zip" date="2026-01-23T13:07:09.677" /><!-- duration: 0ms -->
    </step><!-- duration: 828ms -->
    <step title="LockFile &apos;C:\home\site\locks\deployments.lock&apos; released" date="2026-01-23T13:07:09.677" /><!-- duration: 0ms -->
    <step title="Deleting shutdown sentinel file" date="2026-01-23T13:07:09.693" SemaphoreCount="8" /><!-- duration: 0ms -->
    <step title="Starting FetchDeploy" date="2026-01-23T13:07:09.693" /><!-- duration: 0ms -->
    <step title="Attempting to fetch target branch HEAD" date="2026-01-23T13:07:09.693" /><!-- duration: 0ms -->
    <step title="Updating shutdown sentinel last write time" date="2026-01-23T13:07:09.709" SemaphoreCount="7" /><!-- duration: 0ms -->
    <step title="LockFile &apos;C:\home\site\locks\deployments.lock&apos; acquired" date="2026-01-23T13:07:09.709" /><!-- duration: 0ms -->
    <step title="Performing fetch based deployment" date="2026-01-23T13:07:09.709" >
      <step title="Creating temporary deployment" date="2026-01-23T13:07:09.709" /><!-- duration: 31ms -->
      <step title="Fetching changes." date="2026-01-23T13:07:09.771" /><!-- duration: 0ms -->
      <step title="Starting LocalZipHandler" date="2026-01-23T13:07:09.787" /><!-- duration: 0ms -->
      <step title="Starting LocalZipFetch" date="2026-01-23T13:07:09.787" /><!-- duration: 0ms -->
      <step title="Cleaning up temp folders from previous zip deployments and extracting pushed zip file C:\local\Temp\zipdeploy\yigkx353.zip (15.68 MB) to C:\local\Temp\zipdeploy\extracted" date="2026-01-23T13:07:09.787" /><!-- duration: 0ms -->
      <step title="Cleaning up temp folders from previous zip deployments and extracting pushed zip file C:\local\Temp\zipdeploy\yigkx353.zip (15.68 MB) to C:\local\Temp\zipdeploy\extracted" date="2026-01-23T13:07:09.802" >
        <step title="Extracting 256 entries to C:\local\Temp\zipdeploy\extracted directory" date="2026-01-23T13:07:09.802" >
          <step title="Extracting to C:\local\Temp\zipdeploy\extracted\latest\appsettings.Development.json ..." date="2026-01-23T13:07:09.818" /><!-- duration: 0ms -->
          <step title="Extracting to C:\local\Temp\zipdeploy\extracted\latest\appsettings.json ..." date="2026-01-23T13:07:09.818" /><!-- duration: 16ms -->
          <step title="Extracting to C:\local\Temp\zipdeploy\extracted\latest\Azure.Communication.Email.dll ..." date="2026-01-23T13:07:09.834" /><!-- duration: 0ms -->
          <step title="Extracting to C:\local\Temp\zipdeploy\extracted\latest\Azure.Core.dll ..." date="2026-01-23T13:07:09.834" /><!-- duration: 16ms -->
          <step title="Extracting to C:\local\Temp\zipdeploy\extracted\latest\Google.Apis.Auth.dll ..." date="2026-01-23T13:07:09.849" /><!-- duration: 0ms -->
          <step title="Omitting extracting file traces ..." date="2026-01-23T13:07:09.849" /><!-- duration: 16ms -->
        </step><!-- duration: 547ms -->
      </step><!-- duration: 547ms -->
      <step title="None repository commit" date="2026-01-23T13:07:10.349" >
        <step title="Commit id: 7228ae97aeb64902a8a5d1fab4865478" date="2026-01-23T13:07:10.365" Message="OneDeploy" AuthorName="N/A" AuthorEmail="N/A" /><!-- duration: 0ms -->
      </step><!-- duration: 16ms -->
      <step title="Before sending BuildRequestReceived status to /api/updatedeploystatus" date="2026-01-23T13:07:10.365" /><!-- duration: 0ms -->
      <step title="DeploymentManager.Deploy(id:7228ae97aeb64902a8a5d1fab4865478)" date="2026-01-23T13:07:10.365" >
        <step title="Collecting changeset information" date="2026-01-23T13:07:10.365" /><!-- duration: 16ms -->
        <step title="Updating submodules" date="2026-01-23T13:07:10.396" >
          <step title="Updating submodules." date="2026-01-23T13:07:10.396" /><!-- duration: 0ms -->
        </step><!-- duration: 16ms -->
        <step title="Preparing deployment for commit id &apos;7228ae97ae&apos;." date="2026-01-23T13:07:10.427" /><!-- duration: 0ms -->
        <step title="Determining deployment builder" date="2026-01-23T13:07:10.443" >
          <step title="Builder is OneDeployBuilder" date="2026-01-23T13:07:10.443" /><!-- duration: 0ms -->
        </step><!-- duration: 0ms -->
        <step title="Copying SSH keys" date="2026-01-23T13:07:10.459" /><!-- duration: 0ms -->
        <step title="Building" date="2026-01-23T13:07:10.459" >
          <step title="Running build. Project type: OneDeploy" date="2026-01-23T13:07:10.474" /><!-- duration: 0ms -->
          <step title="Copying the manifest" date="2026-01-23T13:07:10.490" /><!-- duration: 0ms -->
          <step title="Clean deploying to C:\home\site\wwwroot" date="2026-01-23T13:07:10.584" /><!-- duration: 0ms -->
          <step title="Generating deployment script." date="2026-01-23T13:07:10.599" /><!-- duration: 0ms -->
          <step title="Generating deployment script" date="2026-01-23T13:07:10.599" >
            <step title="Using cached version of the deployment script for command: -y --no-dot-deployment -r &quot;C:\local\Temp\zipdeploy\extracted&quot; -o &quot;C:\home\site\deployments\tools&quot; --basic --sitePath &quot;C:\local\Temp\zipdeploy\extracted&quot;" date="2026-01-23T13:07:10.615" /><!-- duration: 0ms -->
            <step title="Using cached version of deployment script (command: &apos;azure -y --no-dot-deployment -r &quot;C:\local\Temp\zipdeploy\extracted&quot; -o &quot;C:\home\site\deployments\tools&quot; --basic --sitePath &quot;C:\local\Temp\zipdeploy\extracted&quot;&apos;)." date="2026-01-23T13:07:10.631" /><!-- duration: 0ms -->
          </step><!-- duration: 47ms -->
          <step title="Running deployment command..." date="2026-01-23T13:07:10.646" /><!-- duration: 16ms -->
          <step title="Command: &quot;C:\home\site\deployments\tools\deploy.cmd&quot;" date="2026-01-23T13:07:10.662" /><!-- duration: 0ms -->
          <step title="Executing external process" date="2026-01-23T13:07:10.677" type="process" path="starter.cmd" arguments="&quot;C:\home\site\deployments\tools\deploy.cmd&quot;" >
            <step title="Handling Basic Web Site deployment." date="2026-01-23T13:07:10.818" /><!-- duration: 0ms -->
            <step title="Creating app_offline.htm" date="2026-01-23T13:07:11.037" /><!-- duration: 0ms -->
            <step title="KuduSync.NET from: &apos;C:\local\Temp\zipdeploy\extracted&apos; to: &apos;C:\home\site\wwwroot&apos;" date="2026-01-23T13:07:11.037" /><!-- duration: 0ms -->
            <step title="Deleting app_offline.htm" date="2026-01-23T13:07:11.037" /><!-- duration: 0ms -->
            <step title="Finished successfully." date="2026-01-23T13:07:11.052" /><!-- duration: 0ms -->
          </step><!-- duration: 375ms -->
          <step title="Build completed succesfully." date="2026-01-23T13:07:11.068" /><!-- duration: 0ms -->
          <step title="Running post deployment command(s)..." date="2026-01-23T13:07:11.099" /><!-- duration: 0ms -->
          <step title="Requesting site restart" date="2026-01-23T13:07:11.115" /><!-- duration: 16ms -->
          <step title="Requesting site restart" date="2026-01-23T13:07:11.131" /><!-- duration: 0ms -->
          <step title="Requesting site restart. Attempt #1" date="2026-01-23T13:07:11.146" /><!-- duration: 0ms -->
          <step title="Requesting site restart. Attempt #1" date="2026-01-23T13:07:11.146" /><!-- duration: 0ms -->
          <step title="Successfully requested a restart. Attempt #1" date="2026-01-23T13:07:11.427" /><!-- duration: 0ms -->
          <step title="Successfully requested a restart. Attempt #1" date="2026-01-23T13:07:11.427" /><!-- duration: 0ms -->
          <step title="Deployment successful. DEPLOYMENTINFO: deploymentPath = OneDeploy, deployer = OneDeploy, os = windows, sku = Free, siteName = gofetch-api, siteHostName = gofetch-api-adcnhwbqcsdsb0h3.germanywestcentral-01.azurewebsites.net, deploymentStatus = Success" date="2026-01-23T13:07:11.459" /><!-- duration: 0ms -->
          <step title="Purge deployment items" date="2026-01-23T13:07:12.193" >
            <step title="Remove 7f1d82795, Success, received at 1/18/2026 11:06:25 PM" date="2026-01-23T13:07:12.209" /><!-- duration: 0ms -->
          </step><!-- duration: 16ms -->
        </step><!-- duration: 1766ms -->
      </step><!-- duration: 1859ms -->
      <step title="Cleaning up temp files" date="2026-01-23T13:07:12.224" /><!-- duration: 0ms -->
      <step title="Skip function trigger and logicapp sync because function is not enabled." date="2026-01-23T13:07:12.240" /><!-- duration: 0ms -->
    </step><!-- duration: 2547ms -->
    <step title="LockFile &apos;C:\home\site\locks\deployments.lock&apos; released" date="2026-01-23T13:07:12.256" /><!-- duration: 0ms -->
    <step title="Deleting shutdown sentinel file" date="2026-01-23T13:07:12.256" SemaphoreCount="8" /><!-- duration: 0ms -->
  </step><!-- duration: 3469ms -->
  <step title="Outgoing response" date="2026-01-23T13:07:12.256" type="response" statusCode="200" statusText="OK" Server="Microsoft-IIS/10.0" x-ms-request-id="6905663a-f85c-11f0-8875-8a09bd1642c0" Cache-Control="private" X-AspNet-Version="4.0.30319" /><!-- duration: 0ms -->
</step><!-- duration: 3531ms -->
