<step title="Incoming Request" date="2026-01-22T17:10:16.465" instance="79e06d" url="/api/publish?type=zip" method="POST" type="request" pid="8432,2,8" Cache-Control="no-cache" Content-Length="6082606" Content-Type="application/octet-stream" Accept="*/*" Accept-Encoding="gzip, deflate" Authorization="Bea..." Host="gofetch-api-adcnhwbqcsdsb0h3.scm.germanywestcentral-01.azurewebsites.net" User-Agent="AZURECLI/2.79.0 (MSI)" x-ms-client-request-id="34c56a00-f7b5-11f0-ae01-c97850b2a9d9" X-ARR-LOG-ID="34c56a00-f7b5-11f0-ae01-c97850b2a9d9" CLIENT-IP="83.139.66.94:65495" X-SITE-DEPLOYMENT-ID="gofetch-api" WAS-DEFAULT-HOSTNAME="gofetch-api-adcnhwbqcsdsb0h3.scm.germanywestcentral-01.azurewebsites.net" X-Forwarded-Proto="https" X-AppService-Proto="https" X-Forwarded-TlsVersion="1.3" X-WAWS-Unencoded-URL="/api/publish?type=zip" >
  <step title="OneDeploy" date="2026-01-22T17:10:16.684" >
    <step title="Starting PushDeployAsync" date="2026-01-22T17:10:16.699" /><!-- duration: 0ms -->
    <step title="Updating shutdown sentinel last write time" date="2026-01-22T17:10:16.715" SemaphoreCount="7" /><!-- duration: 0ms -->
    <step title="LockFile &apos;C:\home\site\locks\deployments.lock&apos; acquired" date="2026-01-22T17:10:16.715" /><!-- duration: 0ms -->
    <step title="Saving request content to C:\local\Temp\zipdeploy\cojmxwxj.zip" date="2026-01-22T17:10:16.715" >
      <step title="Total 6,082,606 bytes written to C:\local\Temp\zipdeploy\cojmxwxj.zip" date="2026-01-22T17:10:16.746" /><!-- duration: 0ms -->
    </step><!-- duration: 31ms -->
    <step title="LockFile &apos;C:\home\site\locks\deployments.lock&apos; released" date="2026-01-22T17:10:16.746" /><!-- duration: 0ms -->
    <step title="Deleting shutdown sentinel file" date="2026-01-22T17:10:16.762" SemaphoreCount="8" /><!-- duration: 0ms -->
    <step title="Starting FetchDeploy" date="2026-01-22T17:10:16.762" /><!-- duration: 0ms -->
    <step title="Attempting to fetch target branch HEAD" date="2026-01-22T17:10:16.762" /><!-- duration: 0ms -->
    <step title="Updating shutdown sentinel last write time" date="2026-01-22T17:10:16.762" SemaphoreCount="7" /><!-- duration: 0ms -->
    <step title="LockFile &apos;C:\home\site\locks\deployments.lock&apos; acquired" date="2026-01-22T17:10:16.777" /><!-- duration: 0ms -->
    <step title="Performing fetch based deployment" date="2026-01-22T17:10:16.777" >
      <step title="Creating temporary deployment" date="2026-01-22T17:10:16.777" /><!-- duration: 0ms -->
      <step title="Fetching changes." date="2026-01-22T17:10:16.809" /><!-- duration: 0ms -->
      <step title="Starting LocalZipHandler" date="2026-01-22T17:10:16.809" /><!-- duration: 0ms -->
      <step title="Starting LocalZipFetch" date="2026-01-22T17:10:16.809" /><!-- duration: 16ms -->
      <step title="Cleaning up temp folders from previous zip deployments and extracting pushed zip file C:\local\Temp\zipdeploy\cojmxwxj.zip (5.80 MB) to C:\local\Temp\zipdeploy\extracted" date="2026-01-22T17:10:16.824" /><!-- duration: 0ms -->
      <step title="Cleaning up temp folders from previous zip deployments and extracting pushed zip file C:\local\Temp\zipdeploy\cojmxwxj.zip (5.80 MB) to C:\local\Temp\zipdeploy\extracted" date="2026-01-22T17:10:16.824" >
        <step title="Renaming extractTargetDirectory(C:\local\Temp\zipdeploy\extracted) to tempDirectory(C:\local\Temp\zipdeploy\jrebpoq4.2cj)" date="2026-01-22T17:10:16.824" /><!-- duration: 0ms -->
        <step title="Extracting 146 entries to C:\local\Temp\zipdeploy\extracted directory" date="2026-01-22T17:10:16.840" >
          <step title="Extracting to C:\local\Temp\zipdeploy\extracted\publish\appsettings.Development.json ..." date="2026-01-22T17:10:16.840" /><!-- duration: 0ms -->
          <step title="Extracting to C:\local\Temp\zipdeploy\extracted\publish\appsettings.json ..." date="2026-01-22T17:10:16.855" /><!-- duration: 0ms -->
          <step title="Extracting to C:\local\Temp\zipdeploy\extracted\publish\PawPal.Api.deps.json ..." date="2026-01-22T17:10:16.855" /><!-- duration: 0ms -->
          <step title="Extracting to C:\local\Temp\zipdeploy\extracted\publish\PawPal.Api.runtimeconfig.json ..." date="2026-01-22T17:10:16.855" /><!-- duration: 0ms -->
          <step title="Extracting to C:\local\Temp\zipdeploy\extracted\publish\PawPal.Api.staticwebassets.endpoints.json ..." date="2026-01-22T17:10:16.855" /><!-- duration: 0ms -->
          <step title="Omitting extracting file traces ..." date="2026-01-22T17:10:16.855" /><!-- duration: 16ms -->
          <step title="Extracting to C:\local\Temp\zipdeploy\extracted\System.Reactive.dll ..." date="2026-01-22T17:10:17.105" /><!-- duration: 16ms -->
          <step title="Extracting to C:\local\Temp\zipdeploy\extracted\web.config ..." date="2026-01-22T17:10:17.137" /><!-- duration: 0ms -->
          <step title="Extracting to C:\local\Temp\zipdeploy\extracted\Websocket.Client.dll ..." date="2026-01-22T17:10:17.137" /><!-- duration: 0ms -->
        </step><!-- duration: 297ms -->
      </step><!-- duration: 313ms -->
      <step title="None repository commit" date="2026-01-22T17:10:17.137" >
        <step title="Commit id: e22afc3a944c40e99b9d06a759e01994" date="2026-01-22T17:10:17.137" Message="OneDeploy" AuthorName="N/A" AuthorEmail="N/A" /><!-- duration: 16ms -->
      </step><!-- duration: 16ms -->
      <step title="Before sending BuildRequestReceived status to /api/updatedeploystatus" date="2026-01-22T17:10:17.152" /><!-- duration: 0ms -->
      <step title="DeploymentManager.Deploy(id:e22afc3a944c40e99b9d06a759e01994)" date="2026-01-22T17:10:17.152" >
        <step title="Collecting changeset information" date="2026-01-22T17:10:17.152" /><!-- duration: 16ms -->
        <step title="Updating submodules" date="2026-01-22T17:10:17.168" >
          <step title="Updating submodules." date="2026-01-22T17:10:17.184" /><!-- duration: 0ms -->
        </step><!-- duration: 16ms -->
        <step title="Preparing deployment for commit id &apos;e22afc3a94&apos;." date="2026-01-22T17:10:17.199" /><!-- duration: 0ms -->
        <step title="Determining deployment builder" date="2026-01-22T17:10:17.215" >
          <step title="Builder is OneDeployBuilder" date="2026-01-22T17:10:17.215" /><!-- duration: 0ms -->
        </step><!-- duration: 0ms -->
        <step title="Copying SSH keys" date="2026-01-22T17:10:17.230" /><!-- duration: 0ms -->
        <step title="Building" date="2026-01-22T17:10:17.230" >
          <step title="Running build. Project type: OneDeploy" date="2026-01-22T17:10:17.246" /><!-- duration: 0ms -->
          <step title="Copying the manifest" date="2026-01-22T17:10:17.262" /><!-- duration: 0ms -->
          <step title="Clean deploying to C:\home\site\wwwroot" date="2026-01-22T17:10:17.371" /><!-- duration: 0ms -->
          <step title="Generating deployment script." date="2026-01-22T17:10:17.387" /><!-- duration: 0ms -->
          <step title="Generating deployment script" date="2026-01-22T17:10:17.387" >
            <step title="Using cached version of the deployment script for command: -y --no-dot-deployment -r &quot;C:\local\Temp\zipdeploy\extracted&quot; -o &quot;C:\home\site\deployments\tools&quot; --basic --sitePath &quot;C:\local\Temp\zipdeploy\extracted&quot;" date="2026-01-22T17:10:17.387" /><!-- duration: 0ms -->
            <step title="Using cached version of deployment script (command: &apos;azure -y --no-dot-deployment -r &quot;C:\local\Temp\zipdeploy\extracted&quot; -o &quot;C:\home\site\deployments\tools&quot; --basic --sitePath &quot;C:\local\Temp\zipdeploy\extracted&quot;&apos;)." date="2026-01-22T17:10:17.402" /><!-- duration: 16ms -->
          </step><!-- duration: 31ms -->
          <step title="Running deployment command..." date="2026-01-22T17:10:17.434" /><!-- duration: 0ms -->
          <step title="Command: &quot;C:\home\site\deployments\tools\deploy.cmd&quot;" date="2026-01-22T17:10:17.449" /><!-- duration: 0ms -->
          <step title="Executing external process" date="2026-01-22T17:10:17.449" type="process" path="starter.cmd" arguments="&quot;C:\home\site\deployments\tools\deploy.cmd&quot;" >
            <step title="Handling Basic Web Site deployment." date="2026-01-22T17:10:17.559" /><!-- duration: 0ms -->
            <step title="Creating app_offline.htm" date="2026-01-22T17:10:17.699" /><!-- duration: 0ms -->
            <step title="KuduSync.NET from: &apos;C:\local\Temp\zipdeploy\extracted&apos; to: &apos;C:\home\site\wwwroot&apos;" date="2026-01-22T17:10:17.699" /><!-- duration: 0ms -->
            <step title="Copying file: &apos;PawPal.Api.dll&apos;" date="2026-01-22T17:10:17.715" /><!-- duration: 0ms -->
            <step title="Copying file: &apos;PawPal.Api.exe&apos;" date="2026-01-22T17:10:17.715" /><!-- duration: 0ms -->
            <step title="Copying file: &apos;PawPal.Api.pdb&apos;" date="2026-01-22T17:10:17.715" /><!-- duration: 0ms -->
            <step title="Copying file: &apos;publish\appsettings.json&apos;" date="2026-01-22T17:10:17.730" /><!-- duration: 0ms -->
            <step title="Copying file: &apos;publish\publish\publish\appsettings.Development.json&apos;" date="2026-01-22T17:10:17.730" /><!-- duration: 0ms -->
            <step title="Copying file: &apos;publish\publish\publish\appsettings.json&apos;" date="2026-01-22T17:10:17.746" /><!-- duration: 0ms -->
            <step title="Copying file: &apos;publish\publish\publish\PawPal.Api.deps.json&apos;" date="2026-01-22T17:10:17.746" /><!-- duration: 0ms -->
            <step title="Copying file: &apos;publish\publish\publish\PawPal.Api.runtimeconfig.json&apos;" date="2026-01-22T17:10:17.746" /><!-- duration: 0ms -->
            <step title="Copying file: &apos;publish\publish\publish\publish\publish\publish\appsettings.json&apos;" date="2026-01-22T17:10:17.762" /><!-- duration: 0ms -->
            <step title="Copying file: &apos;publish\publish\publish\publish\publish\publish\PawPal.Api.deps.json&apos;" date="2026-01-22T17:10:17.762" /><!-- duration: 0ms -->
            <step title="Copying file: &apos;publish\publish\publish\publish\publish\publish\PawPal.Api.runtimeconfig.json&apos;" date="2026-01-22T17:10:17.762" /><!-- duration: 0ms -->
            <step title="Copying file: &apos;publish\publish\publish\publish\publish\publish\publish\publish\appsettings.Development.json&apos;" date="2026-01-22T17:10:17.777" /><!-- duration: 0ms -->
            <step title="Copying file: &apos;publish\publish\publish\publish\publish\publish\publish\publish\appsettings.json&apos;" date="2026-01-22T17:10:17.777" /><!-- duration: 0ms -->
            <step title="Copying file: &apos;publish\publish\publish\publish\publish\publish\publish\publish\PawPal.Api.deps.json&apos;" date="2026-01-22T17:10:17.777" /><!-- duration: 16ms -->
            <step title="Copying file: &apos;publish\publish\publish\publish\publish\publish\publish\publish\PawPal.Api.runtimeconfig.json&apos;" date="2026-01-22T17:10:17.793" /><!-- duration: 0ms -->
            <step title="Copying file: &apos;publish\publish\publish\publish\publish\publish\publish\publish\PawPal.Api.staticwebassets.endpoints.json&apos;" date="2026-01-22T17:10:17.793" /><!-- duration: 0ms -->
            <step title="Copying file: &apos;publish\publish\publish\publish\publish\publish\publish\publish\publish\publish\publish\publish\appsettings.json&apos;" date="2026-01-22T17:10:17.809" /><!-- duration: 0ms -->
            <step title="Copying file: &apos;publish\publish\publish\publish\publish\publish\publish\publish\publish\publish\publish\publish\PawPal.Api.deps.json&apos;" date="2026-01-22T17:10:17.809" /><!-- duration: 0ms -->
            <step title="Copying file: &apos;publish\publish\publish\publish\publish\publish\publish\publish\publish\publish\publish\publish\publish\publish\appsettings.Development.json&apos;" date="2026-01-22T17:10:17.824" /><!-- duration: 0ms -->
            <step title="Copying file: &apos;publish\publish\publish\publish\publish\publish\publish\publish\publish\publish\publish\publish\publish\publish\appsettings.json&apos;" date="2026-01-22T17:10:17.824" /><!-- duration: 0ms -->
            <step title="Copying file: &apos;publish\publish\publish\publish\publish\publish\publish\publish\publish\publish\publish\publish\publish\publish\PawPal.Api.deps.json&apos;" date="2026-01-22T17:10:17.824" /><!-- duration: 0ms -->
            <step title="Copying file: &apos;publish\publish\publish\publish\publish\publish\publish\publish\publish\publish\publish\publish\publish\publish\PawPal.Api.runtimeconfig.json&apos;" date="2026-01-22T17:10:19.090" /><!-- duration: 0ms -->
            <step title="Copying file: &apos;publish\publish\publish\publish\publish\publish\publish\publish\publish\publish\publish\publish\publish\publish\PawPal.Api.staticwebassets.endpoints.json&apos;" date="2026-01-22T17:10:19.090" /><!-- duration: 0ms -->
            <step title="Copying file: &apos;publish\publish\publish\publish\publish\publish\publish\publish\publish\publish\publish\publish\publish\publish\web.config&apos;" date="2026-01-22T17:10:19.105" /><!-- duration: 0ms -->
            <step title="Deleting app_offline.htm" date="2026-01-22T17:10:19.105" /><!-- duration: 0ms -->
            <step title="Finished successfully." date="2026-01-22T17:10:19.105" /><!-- duration: 16ms -->
          </step><!-- duration: 1672ms -->
          <step title="Build completed succesfully." date="2026-01-22T17:10:19.121" /><!-- duration: 16ms -->
          <step title="Running post deployment command(s)..." date="2026-01-22T17:10:19.152" /><!-- duration: 0ms -->
          <step title="Requesting site restart" date="2026-01-22T17:10:19.168" /><!-- duration: 0ms -->
          <step title="Requesting site restart" date="2026-01-22T17:10:19.168" /><!-- duration: 0ms -->
          <step title="Requesting site restart. Attempt #1" date="2026-01-22T17:10:19.199" /><!-- duration: 0ms -->
          <step title="Requesting site restart. Attempt #1" date="2026-01-22T17:10:19.199" /><!-- duration: 0ms -->
          <step title="Successfully requested a restart. Attempt #1" date="2026-01-22T17:10:19.387" /><!-- duration: 0ms -->
          <step title="Successfully requested a restart. Attempt #1" date="2026-01-22T17:10:19.387" /><!-- duration: 0ms -->
          <step title="Deployment successful. DEPLOYMENTINFO: deploymentPath = OneDeploy, deployer = OneDeploy, os = windows, sku = Free, siteName = gofetch-api, siteHostName = gofetch-api-adcnhwbqcsdsb0h3.germanywestcentral-01.azurewebsites.net, deploymentStatus = Success" date="2026-01-22T17:10:19.402" /><!-- duration: 0ms -->
          <step title="Purge deployment items" date="2026-01-22T17:10:19.465" >
            <step title="Remove 916c33bf0, Success, received at 1/18/2026 10:21:32 PM" date="2026-01-22T17:10:19.480" /><!-- duration: 0ms -->
          </step><!-- duration: 16ms -->
        </step><!-- duration: 2266ms -->
      </step><!-- duration: 2344ms -->
      <step title="Cleaning up temp files" date="2026-01-22T17:10:19.496" /><!-- duration: 0ms -->
      <step title="Skip function trigger and logicapp sync because function is not enabled." date="2026-01-22T17:10:19.496" /><!-- duration: 0ms -->
    </step><!-- duration: 2734ms -->
    <step title="LockFile &apos;C:\home\site\locks\deployments.lock&apos; released" date="2026-01-22T17:10:19.512" /><!-- duration: 0ms -->
    <step title="Deleting shutdown sentinel file" date="2026-01-22T17:10:19.512" SemaphoreCount="8" /><!-- duration: 0ms -->
  </step><!-- duration: 2844ms -->
  <step title="Outgoing response" date="2026-01-22T17:10:19.527" type="response" statusCode="200" statusText="OK" Server="Microsoft-IIS/10.0" x-ms-request-id="34c56a00-f7b5-11f0-ae01-c97850b2a9d9" Cache-Control="private" X-AspNet-Version="4.0.30319" /><!-- duration: 0ms -->
</step><!-- duration: 3063ms -->
