<step title="Incoming Request" date="2026-01-18T18:41:01.213" instance="79e06d" url="/api/zipdeploy?isAsync=true" method="POST" type="request" pid="2860,2,40" Cache-Control="no-cache" Content-Length="16190892" Content-Type="application/octet-stream" Accept="*/*" Accept-Encoding="gzip, deflate" Authorization="Bea..." Host="gofetch-api-adcnhwbqcsdsb0h3.scm.germanywestcentral-01.azurewebsites.net" User-Agent="AZURECLI/2.79.0 (MSI)" x-ms-client-request-id="3a8c3126-f49d-11f0-87db-d4a9ab8009b2" X-ARR-LOG-ID="3a8c3126-f49d-11f0-87db-d4a9ab8009b2" CLIENT-IP="83.139.66.94:52171" X-SITE-DEPLOYMENT-ID="gofetch-api" WAS-DEFAULT-HOSTNAME="gofetch-api-adcnhwbqcsdsb0h3.scm.germanywestcentral-01.azurewebsites.net" X-Forwarded-Proto="https" X-AppService-Proto="https" X-Forwarded-TlsVersion="1.3" X-WAWS-Unencoded-URL="/api/zipdeploy?isAsync=true" >
  <step title="Cleanup Xml Logs" date="2026-01-18T18:41:01.213" /><!-- duration: 16ms -->
  <step title="ZipPushDeploy" date="2026-01-18T18:41:01.322" >
    <step title="ZipDeploy. Extract zip. " date="2026-01-18T18:41:01.322" /><!-- duration: 0ms -->
    <step title="Starting PushDeployAsync" date="2026-01-18T18:41:01.322" /><!-- duration: 0ms -->
    <step title="Updating shutdown sentinel last write time" date="2026-01-18T18:41:01.338" SemaphoreCount="7" /><!-- duration: 0ms -->
    <step title="LockFile &apos;C:\home\site\locks\deployments.lock&apos; acquired" date="2026-01-18T18:41:01.353" /><!-- duration: 0ms -->
    <step title="Saving request content to C:\local\Temp\zipdeploy\4c0gugmd.zip" date="2026-01-18T18:41:01.353" >
      <step title="Total 16,190,892 bytes written to C:\local\Temp\zipdeploy\4c0gugmd.zip" date="2026-01-18T18:41:02.698" /><!-- duration: 0ms -->
    </step><!-- duration: 1345ms -->
    <step title="LockFile &apos;C:\home\site\locks\deployments.lock&apos; released" date="2026-01-18T18:41:02.698" /><!-- duration: 16ms -->
    <step title="Deleting shutdown sentinel file" date="2026-01-18T18:41:02.714" SemaphoreCount="8" /><!-- duration: 0ms -->
    <step title="Starting FetchDeploy" date="2026-01-18T18:41:02.714" /><!-- duration: 0ms -->
    <step title="Start deployment in the background" date="2026-01-18T18:41:02.714" /><!-- duration: 47ms -->
  </step><!-- duration: 1438ms -->
  <step title="Outgoing response" date="2026-01-18T18:41:02.760" type="response" statusCode="202" statusText="Accepted" Server="Microsoft-IIS/10.0" x-ms-request-id="3a8c3126-f49d-11f0-87db-d4a9ab8009b2" Retry-After="30" Cache-Control="private" X-AspNet-Version="4.0.30319" Location="https://gofetch-api-adcnhwbqcsdsb0h3.scm.germanywestcentral-01.azurewebsites.net/api/deployments/latest?deployer=ZipDeploy&amp;time=2026-01-18_18-41-02Z" /><!-- duration: 0ms -->
</step><!-- duration: 1548ms -->
