<step title="Incoming Request" date="2026-01-18T22:21:30.779" instance="79e06d" url="/api/publish?type=zip" method="POST" type="request" pid="17788,2,140" Cache-Control="no-cache" Content-Length="16227350" Content-Type="application/octet-stream" Accept="*/*" Accept-Encoding="gzip, deflate" Authorization="Bea..." Host="gofetch-api-adcnhwbqcsdsb0h3.scm.germanywestcentral-01.azurewebsites.net" User-Agent="AZURECLI/2.79.0 (MSI)" x-ms-client-request-id="07bcf93f-f4bc-11f0-9ce1-d4a9ab8009b2" X-ARR-LOG-ID="07bcf93f-f4bc-11f0-9ce1-d4a9ab8009b2" CLIENT-IP="83.139.66.94:50420" X-SITE-DEPLOYMENT-ID="gofetch-api" WAS-DEFAULT-HOSTNAME="gofetch-api-adcnhwbqcsdsb0h3.scm.germanywestcentral-01.azurewebsites.net" X-Forwarded-Proto="https" X-AppService-Proto="https" X-Forwarded-TlsVersion="1.3" X-WAWS-Unencoded-URL="/api/publish?type=zip" >
  <step title="Cleanup Xml Logs" date="2026-01-18T22:21:30.779" /><!-- duration: 0ms -->
  <step title="OneDeploy" date="2026-01-18T22:21:30.794" >
    <step title="Starting PushDeployAsync" date="2026-01-18T22:21:30.794" /><!-- duration: 0ms -->
    <step title="Updating shutdown sentinel last write time" date="2026-01-18T22:21:30.794" SemaphoreCount="7" /><!-- duration: 0ms -->
    <step title="LockFile &apos;C:\home\site\locks\deployments.lock&apos; acquired" date="2026-01-18T22:21:30.810" /><!-- duration: 0ms -->
    <step title="Saving request content to C:\local\Temp\zipdeploy\2b2udzcv.zip" date="2026-01-18T22:21:30.810" >
      <step title="Total 16,227,350 bytes written to C:\local\Temp\zipdeploy\2b2udzcv.zip" date="2026-01-18T22:21:31.669" /><!-- duration: 0ms -->
    </step><!-- duration: 875ms -->
    <step title="LockFile &apos;C:\home\site\locks\deployments.lock&apos; released" date="2026-01-18T22:21:31.685" /><!-- duration: 0ms -->
    <step title="Deleting shutdown sentinel file" date="2026-01-18T22:21:31.685" SemaphoreCount="8" /><!-- duration: 0ms -->
    <step title="Starting FetchDeploy" date="2026-01-18T22:21:31.701" /><!-- duration: 0ms -->
    <step title="Attempting to fetch target branch HEAD" date="2026-01-18T22:21:31.701" /><!-- duration: 0ms -->
    <step title="Updating shutdown sentinel last write time" date="2026-01-18T22:21:31.701" SemaphoreCount="7" /><!-- duration: 0ms -->
    <step title="LockFile &apos;C:\home\site\locks\deployments.lock&apos; acquired" date="2026-01-18T22:21:31.701" /><!-- duration: 0ms -->
    <step title="Performing fetch based deployment" date="2026-01-18T22:21:31.701" >
      <step title="Creating temporary deployment" date="2026-01-18T22:21:31.716" /><!-- duration: 0ms -->
      <step title="Fetching changes." date="2026-01-18T22:21:31.732" /><!-- duration: 0ms -->
      <step title="Starting LocalZipHandler" date="2026-01-18T22:21:31.732" /><!-- duration: 0ms -->
      <step title="Starting LocalZipFetch" date="2026-01-18T22:21:31.732" /><!-- duration: 16ms -->
      <step title="Cleaning up temp folders from previous zip deployments and extracting pushed zip file C:\local\Temp\zipdeploy\2b2udzcv.zip (15.48 MB) to C:\local\Temp\zipdeploy\extracted" date="2026-01-18T22:21:31.748" /><!-- duration: 0ms -->
      <step title="Cleaning up temp folders from previous zip deployments and extracting pushed zip file C:\local\Temp\zipdeploy\2b2udzcv.zip (15.48 MB) to C:\local\Temp\zipdeploy\extracted" date="2026-01-18T22:21:31.748" >
        <step title="Renaming extractTargetDirectory(C:\local\Temp\zipdeploy\extracted) to tempDirectory(C:\local\Temp\zipdeploy\mdv2urxv.guv)" date="2026-01-18T22:21:31.748" /><!-- duration: 0ms -->
        <step title="Extracting 231 entries to C:\local\Temp\zipdeploy\extracted directory" date="2026-01-18T22:21:31.748" >
          <step title="Extracting to C:\local\Temp\zipdeploy\extracted\latest\appsettings.Development.json ..." date="2026-01-18T22:21:31.763" /><!-- duration: 0ms -->
          <step title="Extracting to C:\local\Temp\zipdeploy\extracted\latest\appsettings.json ..." date="2026-01-18T22:21:31.763" /><!-- duration: 0ms -->
          <step title="Extracting to C:\local\Temp\zipdeploy\extracted\latest\Azure.Communication.Email.dll ..." date="2026-01-18T22:21:31.763" /><!-- duration: 0ms -->
          <step title="Extracting to C:\local\Temp\zipdeploy\extracted\latest\Azure.Core.dll ..." date="2026-01-18T22:21:31.763" /><!-- duration: 16ms -->
          <step title="Extracting to C:\local\Temp\zipdeploy\extracted\latest\Google.Apis.Auth.dll ..." date="2026-01-18T22:21:31.779" /><!-- duration: 0ms -->
          <step title="Omitting extracting file traces ..." date="2026-01-18T22:21:31.779" /><!-- duration: 16ms -->
        </step><!-- duration: 516ms -->
      </step><!-- duration: 516ms -->
      <step title="None repository commit" date="2026-01-18T22:21:32.263" >
        <step title="Commit id: 916c33bf06954e47b578d533aa4aac20" date="2026-01-18T22:21:32.263" Message="OneDeploy" AuthorName="N/A" AuthorEmail="N/A" /><!-- duration: 0ms -->
      </step><!-- duration: 0ms -->
      <step title="Before sending BuildRequestReceived status to /api/updatedeploystatus" date="2026-01-18T22:21:32.263" /><!-- duration: 0ms -->
      <step title="DeploymentManager.Deploy(id:916c33bf06954e47b578d533aa4aac20)" date="2026-01-18T22:21:32.263" >
        <step title="Collecting changeset information" date="2026-01-18T22:21:32.263" /><!-- duration: 16ms -->
        <step title="Updating submodules" date="2026-01-18T22:21:32.279" >
          <step title="Updating submodules." date="2026-01-18T22:21:32.294" /><!-- duration: 0ms -->
        </step><!-- duration: 16ms -->
        <step title="Preparing deployment for commit id &apos;916c33bf06&apos;." date="2026-01-18T22:21:32.310" /><!-- duration: 0ms -->
        <step title="Determining deployment builder" date="2026-01-18T22:21:32.326" >
          <step title="Builder is OneDeployBuilder" date="2026-01-18T22:21:32.326" /><!-- duration: 0ms -->
        </step><!-- duration: 0ms -->
        <step title="Copying SSH keys" date="2026-01-18T22:21:32.341" /><!-- duration: 0ms -->
        <step title="Building" date="2026-01-18T22:21:32.341" >
          <step title="Running build. Project type: OneDeploy" date="2026-01-18T22:21:32.357" /><!-- duration: 0ms -->
          <step title="Copying the manifest" date="2026-01-18T22:21:32.373" /><!-- duration: 0ms -->
          <step title="Clean deploying to C:\home\site\wwwroot" date="2026-01-18T22:21:32.388" /><!-- duration: 0ms -->
          <step title="Generating deployment script." date="2026-01-18T22:21:32.404" /><!-- duration: 0ms -->
          <step title="Generating deployment script" date="2026-01-18T22:21:32.419" >
            <step title="Using cached version of the deployment script for command: -y --no-dot-deployment -r &quot;C:\local\Temp\zipdeploy\extracted&quot; -o &quot;C:\home\site\deployments\tools&quot; --basic --sitePath &quot;C:\local\Temp\zipdeploy\extracted&quot;" date="2026-01-18T22:21:32.419" /><!-- duration: 0ms -->
            <step title="Using cached version of deployment script (command: &apos;azure -y --no-dot-deployment -r &quot;C:\local\Temp\zipdeploy\extracted&quot; -o &quot;C:\home\site\deployments\tools&quot; --basic --sitePath &quot;C:\local\Temp\zipdeploy\extracted&quot;&apos;)." date="2026-01-18T22:21:32.435" /><!-- duration: 0ms -->
          </step><!-- duration: 31ms -->
          <step title="Running deployment command..." date="2026-01-18T22:21:32.466" /><!-- duration: 0ms -->
          <step title="Command: &quot;C:\home\site\deployments\tools\deploy.cmd&quot;" date="2026-01-18T22:21:32.482" /><!-- duration: 0ms -->
          <step title="Executing external process" date="2026-01-18T22:21:32.482" type="process" path="starter.cmd" arguments="&quot;C:\home\site\deployments\tools\deploy.cmd&quot;" >
            <step title="Handling Basic Web Site deployment." date="2026-01-18T22:21:32.576" /><!-- duration: 16ms -->
            <step title="Creating app_offline.htm" date="2026-01-18T22:21:34.841" /><!-- duration: 0ms -->
            <step title="KuduSync.NET from: &apos;C:\local\Temp\zipdeploy\extracted&apos; to: &apos;C:\home\site\wwwroot&apos;" date="2026-01-18T22:21:34.857" /><!-- duration: 0ms -->
            <step title="Copying file: &apos;PawPal.Api.dll&apos;" date="2026-01-18T22:21:34.857" /><!-- duration: 0ms -->
            <step title="Copying file: &apos;PawPal.Api.exe&apos;" date="2026-01-18T22:21:34.857" /><!-- duration: 0ms -->
            <step title="Copying file: &apos;PawPal.Api.pdb&apos;" date="2026-01-18T22:21:34.873" /><!-- duration: 0ms -->
            <step title="Deleting app_offline.htm" date="2026-01-18T22:21:34.873" /><!-- duration: 0ms -->
            <step title="Finished successfully." date="2026-01-18T22:21:34.873" /><!-- duration: 0ms -->
          </step><!-- duration: 2406ms -->
          <step title="Build completed succesfully." date="2026-01-18T22:21:34.888" /><!-- duration: 0ms -->
          <step title="Running post deployment command(s)..." date="2026-01-18T22:21:34.904" /><!-- duration: 0ms -->
          <step title="Requesting site restart" date="2026-01-18T22:21:34.919" /><!-- duration: 0ms -->
          <step title="Requesting site restart" date="2026-01-18T22:21:34.935" /><!-- duration: 0ms -->
          <step title="Requesting site restart. Attempt #1" date="2026-01-18T22:21:34.935" /><!-- duration: 16ms -->
          <step title="Requesting site restart. Attempt #1" date="2026-01-18T22:21:34.951" /><!-- duration: 0ms -->
          <step title="Successfully requested a restart. Attempt #1" date="2026-01-18T22:21:35.013" /><!-- duration: 0ms -->
          <step title="Successfully requested a restart. Attempt #1" date="2026-01-18T22:21:35.013" /><!-- duration: 16ms -->
          <step title="Deployment successful. DEPLOYMENTINFO: deploymentPath = OneDeploy, deployer = OneDeploy, os = windows, sku = Free, siteName = gofetch-api, siteHostName = gofetch-api-adcnhwbqcsdsb0h3.germanywestcentral-01.azurewebsites.net, deploymentStatus = Success" date="2026-01-18T22:21:35.029" /><!-- duration: 0ms -->
          <step title="Purge deployment items" date="2026-01-18T22:21:35.076" >
            <step title="Remove 0647dfc04, Success, received at 1/18/2026 9:03:07 PM" date="2026-01-18T22:21:35.091" /><!-- duration: 16ms -->
          </step><!-- duration: 31ms -->
        </step><!-- duration: 2766ms -->
      </step><!-- duration: 2844ms -->
      <step title="Cleaning up temp files" date="2026-01-18T22:21:35.107" /><!-- duration: 0ms -->
      <step title="Skip function trigger and logicapp sync because function is not enabled." date="2026-01-18T22:21:35.107" /><!-- duration: 16ms -->
    </step><!-- duration: 3438ms -->
    <step title="LockFile &apos;C:\home\site\locks\deployments.lock&apos; released" date="2026-01-18T22:21:35.138" /><!-- duration: 0ms -->
    <step title="Deleting shutdown sentinel file" date="2026-01-18T22:21:35.138" SemaphoreCount="8" /><!-- duration: 0ms -->
  </step><!-- duration: 4344ms -->
  <step title="Outgoing response" date="2026-01-18T22:21:35.138" type="response" statusCode="200" statusText="OK" Server="Microsoft-IIS/10.0" x-ms-request-id="07bcf93f-f4bc-11f0-9ce1-d4a9ab8009b2" Cache-Control="private" X-AspNet-Version="4.0.30319" /><!-- duration: 0ms -->
</step><!-- duration: 4359ms -->
