<step title="BackgroundTrace" date="2026-01-22T14:46:57.009" instance="79e06d" url="/api/zipdeploy" method="POST" >
  <step title="Updating shutdown sentinel last write time" date="2026-01-22T14:46:57.009" SemaphoreCount="7" /><!-- duration: 0ms -->
  <step title="LockFile &apos;C:\home\site\locks\deployments.lock&apos; acquired" date="2026-01-22T14:46:57.009" /><!-- duration: 0ms -->
  <step title="Creating temporary deployment" date="2026-01-22T14:46:57.009" /><!-- duration: 31ms -->
  <step title="Performing fetch based deployment" date="2026-01-22T14:46:57.055" >
    <step title="Fetching changes." date="2026-01-22T14:46:57.134" /><!-- duration: 16ms -->
    <step title="Starting LocalZipHandler" date="2026-01-22T14:46:57.149" /><!-- duration: 0ms -->
    <step title="Cleaning up temp folders from previous zip deployments and extracting pushed zip file C:\local\Temp\zipdeploy\fduvbb13.zip (5.75 MB) to C:\local\Temp\zipdeploy\extracted" date="2026-01-22T14:46:57.165" /><!-- duration: 0ms -->
    <step title="Cleaning up temp folders from previous zip deployments and extracting pushed zip file C:\local\Temp\zipdeploy\fduvbb13.zip (5.75 MB) to C:\local\Temp\zipdeploy\extracted" date="2026-01-22T14:46:57.165" >
      <step title="Extracting 128 entries to C:\local\Temp\zipdeploy\extracted directory" date="2026-01-22T14:46:57.180" >
        <step title="Extracting to C:\local\Temp\zipdeploy\extracted\publish\appsettings.Development.json ..." date="2026-01-22T14:46:57.180" /><!-- duration: 16ms -->
        <step title="Extracting to C:\local\Temp\zipdeploy\extracted\publish\appsettings.json ..." date="2026-01-22T14:46:57.196" /><!-- duration: 0ms -->
        <step title="Extracting to C:\local\Temp\zipdeploy\extracted\publish\PawPal.Api.deps.json ..." date="2026-01-22T14:46:57.196" /><!-- duration: 0ms -->
        <step title="Extracting to C:\local\Temp\zipdeploy\extracted\publish\PawPal.Api.runtimeconfig.json ..." date="2026-01-22T14:46:57.196" /><!-- duration: 0ms -->
        <step title="Extracting to C:\local\Temp\zipdeploy\extracted\publish\PawPal.Api.staticwebassets.endpoints.json ..." date="2026-01-22T14:46:57.212" /><!-- duration: 0ms -->
        <step title="Omitting extracting file traces ..." date="2026-01-22T14:46:57.212" /><!-- duration: 0ms -->
        <step title="Extracting to C:\local\Temp\zipdeploy\extracted\System.Reactive.dll ..." date="2026-01-22T14:46:57.430" /><!-- duration: 16ms -->
        <step title="Extracting to C:\local\Temp\zipdeploy\extracted\web.config ..." date="2026-01-22T14:46:57.446" /><!-- duration: 16ms -->
        <step title="Extracting to C:\local\Temp\zipdeploy\extracted\Websocket.Client.dll ..." date="2026-01-22T14:46:57.462" /><!-- duration: 0ms -->
      </step><!-- duration: 281ms -->
    </step><!-- duration: 297ms -->
    <step title="Before sending BuildRequestReceived status to /api/updatedeploystatus" date="2026-01-22T14:46:57.462" /><!-- duration: 0ms -->
    <step title="DeploymentManager.Deploy(id:eba0ec73fbb04ada8b806498b732fd9c)" date="2026-01-22T14:46:57.477" >
      <step title="Collecting changeset information" date="2026-01-22T14:46:57.477" /><!-- duration: 16ms -->
      <step title="Updating submodules" date="2026-01-22T14:46:57.493" >
        <step title="Updating submodules." date="2026-01-22T14:46:57.509" /><!-- duration: 0ms -->
      </step><!-- duration: 16ms -->
      <step title="Preparing deployment for commit id &apos;eba0ec73fb&apos;." date="2026-01-22T14:46:57.524" /><!-- duration: 0ms -->
      <step title="Determining deployment builder" date="2026-01-22T14:46:57.540" >
        <step title="Builder is BasicBuilder" date="2026-01-22T14:46:57.540" /><!-- duration: 0ms -->
      </step><!-- duration: 0ms -->
      <step title="Copying SSH keys" date="2026-01-22T14:46:57.555" /><!-- duration: 0ms -->
      <step title="Building" date="2026-01-22T14:46:57.571" >
        <step title="Generating deployment script." date="2026-01-22T14:46:57.587" /><!-- duration: 0ms -->
        <step title="Generating deployment script" date="2026-01-22T14:46:57.587" >
          <step title="Using cached version of the deployment script for command: -y --no-dot-deployment -r &quot;C:\local\Temp\zipdeploy\extracted&quot; -o &quot;C:\home\site\deployments\tools&quot; --basic --sitePath &quot;C:\local\Temp\zipdeploy\extracted&quot;" date="2026-01-22T14:46:57.618" /><!-- duration: 0ms -->
          <step title="Using cached version of deployment script (command: &apos;azure -y --no-dot-deployment -r &quot;C:\local\Temp\zipdeploy\extracted&quot; -o &quot;C:\home\site\deployments\tools&quot; --basic --sitePath &quot;C:\local\Temp\zipdeploy\extracted&quot;&apos;)." date="2026-01-22T14:46:57.634" /><!-- duration: 0ms -->
        </step><!-- duration: 47ms -->
        <step title="Running deployment command..." date="2026-01-22T14:46:57.649" /><!-- duration: 0ms -->
        <step title="Command: &quot;C:\home\site\deployments\tools\deploy.cmd&quot;" date="2026-01-22T14:46:57.665" /><!-- duration: 0ms -->
        <step title="Executing external process" date="2026-01-22T14:46:57.680" type="process" path="starter.cmd" arguments="&quot;C:\home\site\deployments\tools\deploy.cmd&quot;" >
          <step title="Handling Basic Web Site deployment." date="2026-01-22T14:46:57.837" /><!-- duration: 0ms -->
          <step title="Creating app_offline.htm" date="2026-01-22T14:46:58.055" /><!-- duration: 0ms -->
          <step title="KuduSync.NET from: &apos;C:\local\Temp\zipdeploy\extracted&apos; to: &apos;C:\home\site\wwwroot&apos;" date="2026-01-22T14:46:58.055" /><!-- duration: 0ms -->
          <step title="Deleting file: &apos;latest\appsettings.Development.json&apos;" date="2026-01-22T14:46:58.055" /><!-- duration: 0ms -->
          <step title="Deleting file: &apos;latest\appsettings.json&apos;" date="2026-01-22T14:46:58.055" /><!-- duration: 16ms -->
          <step title="Deleting file: &apos;latest\Azure.Communication.Email.dll&apos;" date="2026-01-22T14:46:58.071" /><!-- duration: 0ms -->
          <step title="Deleting file: &apos;latest\Azure.Core.dll&apos;" date="2026-01-22T14:46:58.071" /><!-- duration: 0ms -->
          <step title="Deleting file: &apos;latest\Google.Apis.Auth.dll&apos;" date="2026-01-22T14:46:58.071" /><!-- duration: 0ms -->
          <step title="Deleting file: &apos;latest\Google.Apis.Core.dll&apos;" date="2026-01-22T14:46:58.087" /><!-- duration: 0ms -->
          <step title="Deleting file: &apos;latest\Google.Apis.dll&apos;" date="2026-01-22T14:46:58.087" /><!-- duration: 0ms -->
          <step title="Deleting file: &apos;latest\Microsoft.AspNetCore.Authentication.JwtBearer.dll&apos;" date="2026-01-22T14:46:58.087" /><!-- duration: 0ms -->
          <step title="Deleting file: &apos;latest\Microsoft.AspNetCore.OpenApi.dll&apos;" date="2026-01-22T14:46:58.087" /><!-- duration: 0ms -->
          <step title="Deleting file: &apos;latest\Microsoft.Bcl.AsyncInterfaces.dll&apos;" date="2026-01-22T14:46:58.102" /><!-- duration: 0ms -->
          <step title="Deleting file: &apos;latest\Microsoft.EntityFrameworkCore.Abstractions.dll&apos;" date="2026-01-22T14:46:58.102" /><!-- duration: 0ms -->
          <step title="Deleting file: &apos;latest\Microsoft.EntityFrameworkCore.dll&apos;" date="2026-01-22T14:46:58.102" /><!-- duration: 0ms -->
          <step title="Deleting file: &apos;latest\Microsoft.EntityFrameworkCore.Relational.dll&apos;" date="2026-01-22T14:46:58.102" /><!-- duration: 16ms -->
          <step title="Deleting file: &apos;latest\Microsoft.Extensions.Caching.Abstractions.dll&apos;" date="2026-01-22T14:46:58.118" /><!-- duration: 0ms -->
          <step title="Deleting file: &apos;latest\Microsoft.Extensions.Caching.Memory.dll&apos;" date="2026-01-22T14:46:58.118" /><!-- duration: 0ms -->
          <step title="Deleting file: &apos;latest\Microsoft.Extensions.Configuration.Abstractions.dll&apos;" date="2026-01-22T14:46:58.118" /><!-- duration: 16ms -->
          <step title="Deleting file: &apos;latest\Microsoft.Extensions.DependencyInjection.Abstractions.dll&apos;" date="2026-01-22T14:46:58.134" /><!-- duration: 0ms -->
          <step title="Deleting file: &apos;latest\Microsoft.Extensions.DependencyInjection.dll&apos;" date="2026-01-22T14:46:58.134" /><!-- duration: 0ms -->
          <step title="Deleting file: &apos;latest\Microsoft.Extensions.Logging.Abstractions.dll&apos;" date="2026-01-22T14:46:58.134" /><!-- duration: 62ms -->
          <step title="Deleting file: &apos;latest\Microsoft.Extensions.Logging.dll&apos;" date="2026-01-22T14:46:58.212" /><!-- duration: 0ms -->
          <step title="Deleting file: &apos;latest\Microsoft.Extensions.Options.dll&apos;" date="2026-01-22T14:46:58.212" /><!-- duration: 0ms -->
          <step title="Deleting file: &apos;latest\Microsoft.Extensions.Primitives.dll&apos;" date="2026-01-22T14:46:58.212" /><!-- duration: 0ms -->
          <step title="Deleting file: &apos;latest\Microsoft.IdentityModel.Abstractions.dll&apos;" date="2026-01-22T14:46:58.227" /><!-- duration: 0ms -->
          <step title="Deleting file: &apos;latest\Microsoft.IdentityModel.JsonWebTokens.dll&apos;" date="2026-01-22T14:46:58.227" /><!-- duration: 0ms -->
          <step title="Deleting file: &apos;latest\Microsoft.IdentityModel.Logging.dll&apos;" date="2026-01-22T14:46:58.243" /><!-- duration: 0ms -->
          <step title="Deleting file: &apos;latest\Microsoft.IdentityModel.Protocols.dll&apos;" date="2026-01-22T14:46:58.243" /><!-- duration: 0ms -->
          <step title="Deleting file: &apos;latest\Microsoft.IdentityModel.Protocols.OpenIdConnect.dll&apos;" date="2026-01-22T14:46:58.243" /><!-- duration: 0ms -->
          <step title="Deleting file: &apos;latest\Microsoft.IdentityModel.Tokens.dll&apos;" date="2026-01-22T14:46:58.243" /><!-- duration: 0ms -->
          <step title="Deleting file: &apos;latest\Microsoft.IO.RecyclableMemoryStream.dll&apos;" date="2026-01-22T14:46:58.259" /><!-- duration: 0ms -->
          <step title="Deleting file: &apos;latest\Microsoft.OpenApi.dll&apos;" date="2026-01-22T14:46:58.259" /><!-- duration: 0ms -->
          <step title="Deleting file: &apos;latest\MimeMapping.dll&apos;" date="2026-01-22T14:46:58.259" /><!-- duration: 0ms -->
          <step title="Deleting file: &apos;latest\Newtonsoft.Json.dll&apos;" date="2026-01-22T14:46:58.259" /><!-- duration: 0ms -->
          <step title="Deleting file: &apos;latest\Npgsql.dll&apos;" date="2026-01-22T14:46:58.274" /><!-- duration: 0ms -->
          <step title="Deleting file: &apos;latest\Npgsql.EntityFrameworkCore.PostgreSQL.dll&apos;" date="2026-01-22T14:46:58.274" /><!-- duration: 0ms -->
          <step title="Deleting file: &apos;latest\PawPal.Api.deps.json&apos;" date="2026-01-22T14:46:58.274" /><!-- duration: 0ms -->
          <step title="Deleting file: &apos;latest\PawPal.Api.dll&apos;" date="2026-01-22T14:46:58.290" /><!-- duration: 0ms -->
          <step title="Deleting file: &apos;latest\PawPal.Api.exe&apos;" date="2026-01-22T14:46:58.290" /><!-- duration: 0ms -->
          <step title="Deleting file: &apos;latest\PawPal.Api.pdb&apos;" date="2026-01-22T14:46:58.290" /><!-- duration: 0ms -->
          <step title="Deleting file: &apos;latest\PawPal.Api.runtimeconfig.json&apos;" date="2026-01-22T14:46:58.290" /><!-- duration: 0ms -->
          <step title="Deleting file: &apos;latest\PawPal.Api.staticwebassets.endpoints.json&apos;" date="2026-01-22T14:46:58.305" /><!-- duration: 0ms -->
          <step title="Deleting file: &apos;latest\Supabase.Core.dll&apos;" date="2026-01-22T14:46:58.305" /><!-- duration: 0ms -->
          <step title="Deleting file: &apos;latest\Supabase.dll&apos;" date="2026-01-22T14:46:58.305" /><!-- duration: 0ms -->
          <step title="Deleting file: &apos;latest\Supabase.Functions.dll&apos;" date="2026-01-22T14:46:58.305" /><!-- duration: 16ms -->
          <step title="Deleting file: &apos;latest\Supabase.Gotrue.dll&apos;" date="2026-01-22T14:46:58.321" /><!-- duration: 0ms -->
          <step title="Deleting file: &apos;latest\Supabase.Postgrest.dll&apos;" date="2026-01-22T14:46:58.321" /><!-- duration: 0ms -->
          <step title="Deleting file: &apos;latest\Supabase.Realtime.dll&apos;" date="2026-01-22T14:46:58.337" /><!-- duration: 0ms -->
          <step title="Deleting file: &apos;latest\Supabase.Storage.dll&apos;" date="2026-01-22T14:46:58.337" /><!-- duration: 0ms -->
          <step title="Deleting file: &apos;latest\Swashbuckle.AspNetCore.Swagger.dll&apos;" date="2026-01-22T14:46:58.337" /><!-- duration: 0ms -->
          <step title="Omitting next output lines..." date="2026-01-22T14:46:58.352" /><!-- duration: 0ms -->
          <step title="Finished successfully." date="2026-01-22T14:46:58.727" /><!-- duration: 0ms -->
        </step><!-- duration: 1047ms -->
        <step title="Running post deployment command(s)..." date="2026-01-22T14:46:58.743" /><!-- duration: 0ms -->
        <step title="Triggering recycle (preview mode disabled)." date="2026-01-22T14:46:58.759" /><!-- duration: 0ms -->
        <step title="Ignoring FS watcher based recycle request as this is a classic Windows app." date="2026-01-22T14:46:58.759" /><!-- duration: 0ms -->
        <step title="Deployment successful. DEPLOYMENTINFO: deploymentPath = ZipDeploy. Extract zip. , deployer = ZipDeploy, os = windows, sku = Free, siteName = gofetch-api, siteHostName = gofetch-api-adcnhwbqcsdsb0h3.germanywestcentral-01.azurewebsites.net, deploymentStatus = Success" date="2026-01-22T14:46:58.790" /><!-- duration: 0ms -->
        <step title="Purge deployment items" date="2026-01-22T14:46:59.071" >
          <step title="Remove 0eafa3dd9, Success, received at 1/18/2026 9:45:02 PM" date="2026-01-22T14:46:59.087" /><!-- duration: 0ms -->
        </step><!-- duration: 31ms -->
      </step><!-- duration: 1531ms -->
    </step><!-- duration: 1641ms -->
    <step title="Cleaning up temp files" date="2026-01-22T14:46:59.118" /><!-- duration: 0ms -->
    <step title="Skip function trigger and logicapp sync because function is not enabled." date="2026-01-22T14:46:59.118" /><!-- duration: 16ms -->
  </step><!-- duration: 2078ms -->
  <step title="LockFile &apos;C:\home\site\locks\deployments.lock&apos; released" date="2026-01-22T14:46:59.149" /><!-- duration: 0ms -->
  <step title="Deleting shutdown sentinel file" date="2026-01-22T14:46:59.149" SemaphoreCount="8" /><!-- duration: 0ms -->
</step><!-- duration: 2141ms -->
