<step title="Incoming Request" date="2026-01-23T19:21:06.261" instance="79e06d" url="/api/publish?type=zip" method="POST" type="request" pid="1312,2,76" Cache-Control="no-cache" Content-Length="5874539" Content-Type="application/octet-stream" Accept="*/*" Accept-Encoding="gzip, deflate" Authorization="Bea..." Host="gofetch-api-adcnhwbqcsdsb0h3.scm.germanywestcentral-01.azurewebsites.net" User-Agent="AZURECLI/2.79.0 (MSI)" x-ms-client-request-id="a775f185-f890-11f0-b47c-8a09bd1642c0" X-ARR-LOG-ID="a775f185-f890-11f0-b47c-8a09bd1642c0" CLIENT-IP="83.139.66.94:57148" X-SITE-DEPLOYMENT-ID="gofetch-api" WAS-DEFAULT-HOSTNAME="gofetch-api-adcnhwbqcsdsb0h3.scm.germanywestcentral-01.azurewebsites.net" X-Forwarded-Proto="https" X-AppService-Proto="https" X-Forwarded-TlsVersion="1.3" X-WAWS-Unencoded-URL="/api/publish?type=zip" >
  <step title="Cleanup Xml Logs" date="2026-01-23T19:21:06.261" /><!-- duration: 0ms -->
  <step title="OneDeploy" date="2026-01-23T19:21:06.277" >
    <step title="Starting PushDeployAsync" date="2026-01-23T19:21:06.277" /><!-- duration: 0ms -->
    <step title="Updating shutdown sentinel last write time" date="2026-01-23T19:21:06.277" SemaphoreCount="7" /><!-- duration: 0ms -->
    <step title="LockFile &apos;C:\home\site\locks\deployments.lock&apos; acquired" date="2026-01-23T19:21:06.293" /><!-- duration: 0ms -->
    <step title="Saving request content to C:\local\Temp\zipdeploy\dfis0ggb.zip" date="2026-01-23T19:21:06.293" >
      <step title="Total 5,874,539 bytes written to C:\local\Temp\zipdeploy\dfis0ggb.zip" date="2026-01-23T19:21:06.340" /><!-- duration: 0ms -->
    </step><!-- duration: 47ms -->
    <step title="LockFile &apos;C:\home\site\locks\deployments.lock&apos; released" date="2026-01-23T19:21:06.340" /><!-- duration: 0ms -->
    <step title="Deleting shutdown sentinel file" date="2026-01-23T19:21:06.340" SemaphoreCount="8" /><!-- duration: 0ms -->
    <step title="Starting FetchDeploy" date="2026-01-23T19:21:06.340" /><!-- duration: 0ms -->
    <step title="Attempting to fetch target branch HEAD" date="2026-01-23T19:21:06.340" /><!-- duration: 0ms -->
    <step title="Updating shutdown sentinel last write time" date="2026-01-23T19:21:06.355" SemaphoreCount="7" /><!-- duration: 0ms -->
    <step title="LockFile &apos;C:\home\site\locks\deployments.lock&apos; acquired" date="2026-01-23T19:21:06.371" /><!-- duration: 0ms -->
    <step title="Performing fetch based deployment" date="2026-01-23T19:21:06.371" >
      <step title="Creating temporary deployment" date="2026-01-23T19:21:06.371" /><!-- duration: 0ms -->
      <step title="Fetching changes." date="2026-01-23T19:21:06.386" /><!-- duration: 0ms -->
      <step title="Starting LocalZipHandler" date="2026-01-23T19:21:06.386" /><!-- duration: 16ms -->
      <step title="Starting LocalZipFetch" date="2026-01-23T19:21:06.402" /><!-- duration: 0ms -->
      <step title="Cleaning up temp folders from previous zip deployments and extracting pushed zip file C:\local\Temp\zipdeploy\dfis0ggb.zip (5.60 MB) to C:\local\Temp\zipdeploy\extracted" date="2026-01-23T19:21:06.402" /><!-- duration: 0ms -->
      <step title="Cleaning up temp folders from previous zip deployments and extracting pushed zip file C:\local\Temp\zipdeploy\dfis0ggb.zip (5.60 MB) to C:\local\Temp\zipdeploy\extracted" date="2026-01-23T19:21:06.402" >
        <step title="Renaming extractTargetDirectory(C:\local\Temp\zipdeploy\extracted) to tempDirectory(C:\local\Temp\zipdeploy\04uqfyuv.udt)" date="2026-01-23T19:21:06.402" /><!-- duration: 0ms -->
        <step title="Extracting 68 entries to C:\local\Temp\zipdeploy\extracted directory" date="2026-01-23T19:21:06.402" >
          <step title="Extracting to C:\local\Temp\zipdeploy\extracted\out\appsettings.Development.json ..." date="2026-01-23T19:21:06.418" /><!-- duration: 0ms -->
          <step title="Extracting to C:\local\Temp\zipdeploy\extracted\out\appsettings.json ..." date="2026-01-23T19:21:06.418" /><!-- duration: 0ms -->
          <step title="Extracting to C:\local\Temp\zipdeploy\extracted\out\PawPal.Api.deps.json ..." date="2026-01-23T19:21:06.418" /><!-- duration: 0ms -->
          <step title="Extracting to C:\local\Temp\zipdeploy\extracted\out\PawPal.Api.runtimeconfig.json ..." date="2026-01-23T19:21:06.433" /><!-- duration: 0ms -->
          <step title="Extracting to C:\local\Temp\zipdeploy\extracted\out\PawPal.Api.staticwebassets.endpoints.json ..." date="2026-01-23T19:21:06.433" /><!-- duration: 0ms -->
          <step title="Omitting extracting file traces ..." date="2026-01-23T19:21:06.433" /><!-- duration: 0ms -->
          <step title="Extracting to C:\local\Temp\zipdeploy\extracted\System.Reactive.dll ..." date="2026-01-23T19:21:06.621" /><!-- duration: 16ms -->
          <step title="Extracting to C:\local\Temp\zipdeploy\extracted\web.config ..." date="2026-01-23T19:21:06.636" /><!-- duration: 0ms -->
          <step title="Extracting to C:\local\Temp\zipdeploy\extracted\Websocket.Client.dll ..." date="2026-01-23T19:21:06.636" /><!-- duration: 0ms -->
        </step><!-- duration: 234ms -->
      </step><!-- duration: 234ms -->
      <step title="None repository commit" date="2026-01-23T19:21:06.636" >
        <step title="Commit id: e7a0fe848d59437ab932404b01e98b5c" date="2026-01-23T19:21:06.636" Message="OneDeploy" AuthorName="N/A" AuthorEmail="N/A" /><!-- duration: 16ms -->
      </step><!-- duration: 16ms -->
      <step title="Before sending BuildRequestReceived status to /api/updatedeploystatus" date="2026-01-23T19:21:06.652" /><!-- duration: 0ms -->
      <step title="DeploymentManager.Deploy(id:e7a0fe848d59437ab932404b01e98b5c)" date="2026-01-23T19:21:06.652" >
        <step title="Collecting changeset information" date="2026-01-23T19:21:06.652" /><!-- duration: 16ms -->
        <step title="Updating submodules" date="2026-01-23T19:21:06.668" >
          <step title="Updating submodules." date="2026-01-23T19:21:06.683" /><!-- duration: 0ms -->
        </step><!-- duration: 16ms -->
        <step title="Preparing deployment for commit id &apos;e7a0fe848d&apos;." date="2026-01-23T19:21:06.699" /><!-- duration: 0ms -->
        <step title="Determining deployment builder" date="2026-01-23T19:21:06.715" >
          <step title="Builder is OneDeployBuilder" date="2026-01-23T19:21:06.715" /><!-- duration: 0ms -->
        </step><!-- duration: 0ms -->
        <step title="Copying SSH keys" date="2026-01-23T19:21:06.730" /><!-- duration: 0ms -->
        <step title="Building" date="2026-01-23T19:21:06.730" >
          <step title="Running build. Project type: OneDeploy" date="2026-01-23T19:21:06.746" /><!-- duration: 0ms -->
          <step title="Copying the manifest" date="2026-01-23T19:21:06.761" /><!-- duration: 0ms -->
          <step title="Clean deploying to C:\home\site\wwwroot" date="2026-01-23T19:21:06.777" /><!-- duration: 0ms -->
          <step title="Generating deployment script." date="2026-01-23T19:21:06.793" /><!-- duration: 0ms -->
          <step title="Generating deployment script" date="2026-01-23T19:21:06.793" >
            <step title="Using cached version of the deployment script for command: -y --no-dot-deployment -r &quot;C:\local\Temp\zipdeploy\extracted&quot; -o &quot;C:\home\site\deployments\tools&quot; --basic --sitePath &quot;C:\local\Temp\zipdeploy\extracted&quot;" date="2026-01-23T19:21:06.808" /><!-- duration: 0ms -->
            <step title="Using cached version of deployment script (command: &apos;azure -y --no-dot-deployment -r &quot;C:\local\Temp\zipdeploy\extracted&quot; -o &quot;C:\home\site\deployments\tools&quot; --basic --sitePath &quot;C:\local\Temp\zipdeploy\extracted&quot;&apos;)." date="2026-01-23T19:21:06.824" /><!-- duration: 0ms -->
          </step><!-- duration: 47ms -->
          <step title="Running deployment command..." date="2026-01-23T19:21:06.855" /><!-- duration: 0ms -->
          <step title="Command: &quot;C:\home\site\deployments\tools\deploy.cmd&quot;" date="2026-01-23T19:21:06.855" /><!-- duration: 0ms -->
          <step title="Executing external process" date="2026-01-23T19:21:06.855" type="process" path="starter.cmd" arguments="&quot;C:\home\site\deployments\tools\deploy.cmd&quot;" >
            <step title="Handling Basic Web Site deployment." date="2026-01-23T19:21:06.965" /><!-- duration: 0ms -->
            <step title="Creating app_offline.htm" date="2026-01-23T19:21:09.480" /><!-- duration: 0ms -->
            <step title="KuduSync.NET from: &apos;C:\local\Temp\zipdeploy\extracted&apos; to: &apos;C:\home\site\wwwroot&apos;" date="2026-01-23T19:21:09.480" /><!-- duration: 0ms -->
            <step title="Copying file: &apos;PawPal.Api.dll&apos;" date="2026-01-23T19:21:09.496" /><!-- duration: 0ms -->
            <step title="Copying file: &apos;PawPal.Api.exe&apos;" date="2026-01-23T19:21:09.496" /><!-- duration: 0ms -->
            <step title="Copying file: &apos;PawPal.Api.pdb&apos;" date="2026-01-23T19:21:09.511" /><!-- duration: 0ms -->
            <step title="Copying file: &apos;out\appsettings.Development.json&apos;" date="2026-01-23T19:21:09.511" /><!-- duration: 0ms -->
            <step title="Copying file: &apos;out\appsettings.json&apos;" date="2026-01-23T19:21:09.511" /><!-- duration: 0ms -->
            <step title="Copying file: &apos;out\PawPal.Api.deps.json&apos;" date="2026-01-23T19:21:09.511" /><!-- duration: 16ms -->
            <step title="Copying file: &apos;out\PawPal.Api.runtimeconfig.json&apos;" date="2026-01-23T19:21:09.527" /><!-- duration: 0ms -->
            <step title="Copying file: &apos;out\PawPal.Api.staticwebassets.endpoints.json&apos;" date="2026-01-23T19:21:09.527" /><!-- duration: 0ms -->
            <step title="Copying file: &apos;out\web.config&apos;" date="2026-01-23T19:21:09.527" /><!-- duration: 16ms -->
            <step title="Deleting app_offline.htm" date="2026-01-23T19:21:09.543" /><!-- duration: 0ms -->
            <step title="Finished successfully." date="2026-01-23T19:21:09.543" /><!-- duration: 0ms -->
          </step><!-- duration: 2703ms -->
          <step title="Build completed succesfully." date="2026-01-23T19:21:09.558" /><!-- duration: 16ms -->
          <step title="Running post deployment command(s)..." date="2026-01-23T19:21:09.574" /><!-- duration: 0ms -->
          <step title="Requesting site restart" date="2026-01-23T19:21:09.590" /><!-- duration: 0ms -->
          <step title="Requesting site restart" date="2026-01-23T19:21:09.605" /><!-- duration: 0ms -->
          <step title="Requesting site restart. Attempt #1" date="2026-01-23T19:21:09.621" /><!-- duration: 0ms -->
          <step title="Requesting site restart. Attempt #1" date="2026-01-23T19:21:09.621" /><!-- duration: 0ms -->
          <step title="Successfully requested a restart. Attempt #1" date="2026-01-23T19:21:09.683" /><!-- duration: 0ms -->
          <step title="Successfully requested a restart. Attempt #1" date="2026-01-23T19:21:09.683" /><!-- duration: 16ms -->
          <step title="Deployment successful. DEPLOYMENTINFO: deploymentPath = OneDeploy, deployer = OneDeploy, os = windows, sku = Free, siteName = gofetch-api, siteHostName = gofetch-api-adcnhwbqcsdsb0h3.germanywestcentral-01.azurewebsites.net, deploymentStatus = Success" date="2026-01-23T19:21:09.699" /><!-- duration: 0ms -->
          <step title="Purge deployment items" date="2026-01-23T19:21:09.746" >
            <step title="Remove 7228ae97a, Success, received at 1/23/2026 1:07:10 PM" date="2026-01-23T19:21:09.761" /><!-- duration: 0ms -->
          </step><!-- duration: 16ms -->
        </step><!-- duration: 3047ms -->
      </step><!-- duration: 3125ms -->
      <step title="Cleaning up temp files" date="2026-01-23T19:21:09.777" /><!-- duration: 0ms -->
      <step title="Skip function trigger and logicapp sync because function is not enabled." date="2026-01-23T19:21:09.777" /><!-- duration: 0ms -->
    </step><!-- duration: 3422ms -->
    <step title="LockFile &apos;C:\home\site\locks\deployments.lock&apos; released" date="2026-01-23T19:21:09.793" /><!-- duration: 0ms -->
    <step title="Deleting shutdown sentinel file" date="2026-01-23T19:21:09.793" SemaphoreCount="8" /><!-- duration: 16ms -->
  </step><!-- duration: 3531ms -->
  <step title="Outgoing response" date="2026-01-23T19:21:09.808" type="response" statusCode="200" statusText="OK" Server="Microsoft-IIS/10.0" x-ms-request-id="a775f185-f890-11f0-b47c-8a09bd1642c0" Cache-Control="private" X-AspNet-Version="4.0.30319" /><!-- duration: 0ms -->
</step><!-- duration: 3547ms -->
