<step title="Incoming Request" date="2026-01-23T17:46:20.385" instance="79e06d" url="/api/publish?type=zip" method="POST" type="request" pid="25284,2,9" Cache-Control="no-cache" Content-Length="6155811" Content-Type="application/octet-stream" Accept="*/*" Accept-Encoding="gzip, deflate" Authorization="Bea..." Host="gofetch-api-adcnhwbqcsdsb0h3.scm.germanywestcentral-01.azurewebsites.net" User-Agent="AZURECLI/2.79.0 (MSI)" x-ms-client-request-id="692492a8-f883-11f0-a50e-8a09bd1642c0" X-ARR-LOG-ID="692492a8-f883-11f0-a50e-8a09bd1642c0" CLIENT-IP="83.139.66.94:65371" X-SITE-DEPLOYMENT-ID="gofetch-api" WAS-DEFAULT-HOSTNAME="gofetch-api-adcnhwbqcsdsb0h3.scm.germanywestcentral-01.azurewebsites.net" X-Forwarded-Proto="https" X-AppService-Proto="https" X-Forwarded-TlsVersion="1.3" X-WAWS-Unencoded-URL="/api/publish?type=zip" >
  <step title="OneDeploy" date="2026-01-23T17:46:20.588" >
    <step title="Starting PushDeployAsync" date="2026-01-23T17:46:20.604" /><!-- duration: 0ms -->
    <step title="Updating shutdown sentinel last write time" date="2026-01-23T17:46:20.619" SemaphoreCount="7" /><!-- duration: 0ms -->
    <step title="LockFile &apos;C:\home\site\locks\deployments.lock&apos; acquired" date="2026-01-23T17:46:20.619" /><!-- duration: 0ms -->
    <step title="Saving request content to C:\local\Temp\zipdeploy\vx0q003l.zip" date="2026-01-23T17:46:20.619" >
      <step title="Total 6,155,811 bytes written to C:\local\Temp\zipdeploy\vx0q003l.zip" date="2026-01-23T17:46:20.651" /><!-- duration: 0ms -->
    </step><!-- duration: 31ms -->
    <step title="LockFile &apos;C:\home\site\locks\deployments.lock&apos; released" date="2026-01-23T17:46:20.651" /><!-- duration: 0ms -->
    <step title="Deleting shutdown sentinel file" date="2026-01-23T17:46:20.651" SemaphoreCount="8" /><!-- duration: 0ms -->
    <step title="Starting FetchDeploy" date="2026-01-23T17:46:20.651" /><!-- duration: 16ms -->
    <step title="Attempting to fetch target branch HEAD" date="2026-01-23T17:46:20.666" /><!-- duration: 0ms -->
    <step title="Updating shutdown sentinel last write time" date="2026-01-23T17:46:20.666" SemaphoreCount="7" /><!-- duration: 0ms -->
    <step title="LockFile &apos;C:\home\site\locks\deployments.lock&apos; acquired" date="2026-01-23T17:46:20.666" /><!-- duration: 0ms -->
    <step title="Performing fetch based deployment" date="2026-01-23T17:46:20.682" >
      <step title="Creating temporary deployment" date="2026-01-23T17:46:20.682" /><!-- duration: 0ms -->
      <step title="Fetching changes." date="2026-01-23T17:46:20.713" /><!-- duration: 0ms -->
      <step title="Starting LocalZipHandler" date="2026-01-23T17:46:20.713" /><!-- duration: 0ms -->
      <step title="Starting LocalZipFetch" date="2026-01-23T17:46:20.729" /><!-- duration: 0ms -->
      <step title="Cleaning up temp folders from previous zip deployments and extracting pushed zip file C:\local\Temp\zipdeploy\vx0q003l.zip (5.87 MB) to C:\local\Temp\zipdeploy\extracted" date="2026-01-23T17:46:20.729" /><!-- duration: 0ms -->
      <step title="Cleaning up temp folders from previous zip deployments and extracting pushed zip file C:\local\Temp\zipdeploy\vx0q003l.zip (5.87 MB) to C:\local\Temp\zipdeploy\extracted" date="2026-01-23T17:46:20.729" >
        <step title="Renaming extractTargetDirectory(C:\local\Temp\zipdeploy\extracted) to tempDirectory(C:\local\Temp\zipdeploy\a0szpets.bkg)" date="2026-01-23T17:46:20.729" /><!-- duration: 0ms -->
        <step title="Extracting 170 entries to C:\local\Temp\zipdeploy\extracted directory" date="2026-01-23T17:46:20.744" >
          <step title="Extracting to C:\local\Temp\zipdeploy\extracted\publish\appsettings.Development.json ..." date="2026-01-23T17:46:20.744" /><!-- duration: 16ms -->
          <step title="Extracting to C:\local\Temp\zipdeploy\extracted\publish\appsettings.json ..." date="2026-01-23T17:46:20.760" /><!-- duration: 0ms -->
          <step title="Extracting to C:\local\Temp\zipdeploy\extracted\publish\PawPal.Api.deps.json ..." date="2026-01-23T17:46:20.760" /><!-- duration: 0ms -->
          <step title="Extracting to C:\local\Temp\zipdeploy\extracted\publish\PawPal.Api.runtimeconfig.json ..." date="2026-01-23T17:46:20.760" /><!-- duration: 0ms -->
          <step title="Extracting to C:\local\Temp\zipdeploy\extracted\publish\PawPal.Api.staticwebassets.endpoints.json ..." date="2026-01-23T17:46:20.760" /><!-- duration: 16ms -->
          <step title="Omitting extracting file traces ..." date="2026-01-23T17:46:20.776" /><!-- duration: 0ms -->
          <step title="Extracting to C:\local\Temp\zipdeploy\extracted\System.Reactive.dll ..." date="2026-01-23T17:46:21.026" /><!-- duration: 16ms -->
          <step title="Extracting to C:\local\Temp\zipdeploy\extracted\web.config ..." date="2026-01-23T17:46:21.041" /><!-- duration: 16ms -->
          <step title="Extracting to C:\local\Temp\zipdeploy\extracted\Websocket.Client.dll ..." date="2026-01-23T17:46:21.057" /><!-- duration: 0ms -->
        </step><!-- duration: 313ms -->
      </step><!-- duration: 328ms -->
      <step title="None repository commit" date="2026-01-23T17:46:21.057" >
        <step title="Commit id: fd277ab5cbdf4948a5f86092ec8cd8b3" date="2026-01-23T17:46:21.057" Message="OneDeploy" AuthorName="N/A" AuthorEmail="N/A" /><!-- duration: 0ms -->
      </step><!-- duration: 0ms -->
      <step title="Before sending BuildRequestReceived status to /api/updatedeploystatus" date="2026-01-23T17:46:21.073" /><!-- duration: 0ms -->
      <step title="DeploymentManager.Deploy(id:fd277ab5cbdf4948a5f86092ec8cd8b3)" date="2026-01-23T17:46:21.073" >
        <step title="Collecting changeset information" date="2026-01-23T17:46:21.073" /><!-- duration: 16ms -->
        <step title="Updating submodules" date="2026-01-23T17:46:21.088" >
          <step title="Updating submodules." date="2026-01-23T17:46:21.104" /><!-- duration: 0ms -->
        </step><!-- duration: 16ms -->
        <step title="Preparing deployment for commit id &apos;fd277ab5cb&apos;." date="2026-01-23T17:46:21.119" /><!-- duration: 0ms -->
        <step title="Determining deployment builder" date="2026-01-23T17:46:21.135" >
          <step title="Builder is OneDeployBuilder" date="2026-01-23T17:46:21.135" /><!-- duration: 0ms -->
        </step><!-- duration: 0ms -->
        <step title="Copying SSH keys" date="2026-01-23T17:46:21.151" /><!-- duration: 0ms -->
        <step title="Building" date="2026-01-23T17:46:21.151" >
          <step title="Running build. Project type: OneDeploy" date="2026-01-23T17:46:21.166" /><!-- duration: 0ms -->
          <step title="Copying the manifest" date="2026-01-23T17:46:21.182" /><!-- duration: 0ms -->
          <step title="Clean deploying to C:\home\site\wwwroot" date="2026-01-23T17:46:21.198" /><!-- duration: 16ms -->
          <step title="Generating deployment script." date="2026-01-23T17:46:21.229" /><!-- duration: 0ms -->
          <step title="Generating deployment script" date="2026-01-23T17:46:21.229" >
            <step title="Using cached version of the deployment script for command: -y --no-dot-deployment -r &quot;C:\local\Temp\zipdeploy\extracted&quot; -o &quot;C:\home\site\deployments\tools&quot; --basic --sitePath &quot;C:\local\Temp\zipdeploy\extracted&quot;" date="2026-01-23T17:46:21.244" /><!-- duration: 0ms -->
            <step title="Using cached version of deployment script (command: &apos;azure -y --no-dot-deployment -r &quot;C:\local\Temp\zipdeploy\extracted&quot; -o &quot;C:\home\site\deployments\tools&quot; --basic --sitePath &quot;C:\local\Temp\zipdeploy\extracted&quot;&apos;)." date="2026-01-23T17:46:21.260" /><!-- duration: 0ms -->
          </step><!-- duration: 47ms -->
          <step title="Running deployment command..." date="2026-01-23T17:46:21.291" /><!-- duration: 0ms -->
          <step title="Command: &quot;C:\home\site\deployments\tools\deploy.cmd&quot;" date="2026-01-23T17:46:21.291" /><!-- duration: 0ms -->
          <step title="Executing external process" date="2026-01-23T17:46:21.291" type="process" path="starter.cmd" arguments="&quot;C:\home\site\deployments\tools\deploy.cmd&quot;" >
            <step title="Handling Basic Web Site deployment." date="2026-01-23T17:46:21.401" /><!-- duration: 0ms -->
            <step title="Creating app_offline.htm" date="2026-01-23T17:46:21.573" /><!-- duration: 0ms -->
            <step title="KuduSync.NET from: &apos;C:\local\Temp\zipdeploy\extracted&apos; to: &apos;C:\home\site\wwwroot&apos;" date="2026-01-23T17:46:21.573" /><!-- duration: 0ms -->
            <step title="Copying file: &apos;PawPal.Api.dll&apos;" date="2026-01-23T17:46:21.588" /><!-- duration: 0ms -->
            <step title="Copying file: &apos;PawPal.Api.exe&apos;" date="2026-01-23T17:46:21.588" /><!-- duration: 0ms -->
            <step title="Copying file: &apos;PawPal.Api.pdb&apos;" date="2026-01-23T17:46:21.604" /><!-- duration: 0ms -->
            <step title="Copying file: &apos;publish\publish\publish\publish\appsettings.Development.json&apos;" date="2026-01-23T17:46:21.604" /><!-- duration: 0ms -->
            <step title="Copying file: &apos;publish\publish\publish\publish\publish\appsettings.json&apos;" date="2026-01-23T17:46:21.604" /><!-- duration: 0ms -->
            <step title="Copying file: &apos;publish\publish\publish\publish\publish\publish\publish\appsettings.Development.json&apos;" date="2026-01-23T17:46:21.619" /><!-- duration: 0ms -->
            <step title="Copying file: &apos;publish\publish\publish\publish\publish\publish\publish\appsettings.json&apos;" date="2026-01-23T17:46:21.619" /><!-- duration: 0ms -->
            <step title="Copying file: &apos;publish\publish\publish\publish\publish\publish\publish\PawPal.Api.deps.json&apos;" date="2026-01-23T17:46:21.635" /><!-- duration: 0ms -->
            <step title="Copying file: &apos;publish\publish\publish\publish\publish\publish\publish\PawPal.Api.runtimeconfig.json&apos;" date="2026-01-23T17:46:21.635" /><!-- duration: 0ms -->
            <step title="Copying file: &apos;publish\publish\publish\publish\publish\publish\publish\publish\publish\publish\appsettings.json&apos;" date="2026-01-23T17:46:21.635" /><!-- duration: 0ms -->
            <step title="Copying file: &apos;publish\publish\publish\publish\publish\publish\publish\publish\publish\publish\PawPal.Api.deps.json&apos;" date="2026-01-23T17:46:21.651" /><!-- duration: 0ms -->
            <step title="Copying file: &apos;publish\publish\publish\publish\publish\publish\publish\publish\publish\publish\PawPal.Api.runtimeconfig.json&apos;" date="2026-01-23T17:46:21.651" /><!-- duration: 0ms -->
            <step title="Copying file: &apos;publish\publish\publish\publish\publish\publish\publish\publish\publish\publish\publish\publish\appsettings.Development.json&apos;" date="2026-01-23T17:46:21.651" /><!-- duration: 16ms -->
            <step title="Copying file: &apos;publish\publish\publish\publish\publish\publish\publish\publish\publish\publish\publish\publish\appsettings.json&apos;" date="2026-01-23T17:46:21.666" /><!-- duration: 0ms -->
            <step title="Copying file: &apos;publish\publish\publish\publish\publish\publish\publish\publish\publish\publish\publish\publish\PawPal.Api.deps.json&apos;" date="2026-01-23T17:46:21.666" /><!-- duration: 0ms -->
            <step title="Copying file: &apos;publish\publish\publish\publish\publish\publish\publish\publish\publish\publish\publish\publish\PawPal.Api.runtimeconfig.json&apos;" date="2026-01-23T17:46:21.666" /><!-- duration: 0ms -->
            <step title="Copying file: &apos;publish\publish\publish\publish\publish\publish\publish\publish\publish\publish\publish\publish\PawPal.Api.staticwebassets.endpoints.json&apos;" date="2026-01-23T17:46:21.682" /><!-- duration: 0ms -->
            <step title="Copying file: &apos;publish\publish\publish\publish\publish\publish\publish\publish\publish\publish\publish\publish\publish\publish\publish\publish\appsettings.json&apos;" date="2026-01-23T17:46:21.682" /><!-- duration: 0ms -->
            <step title="Copying file: &apos;publish\publish\publish\publish\publish\publish\publish\publish\publish\publish\publish\publish\publish\publish\publish\publish\PawPal.Api.deps.json&apos;" date="2026-01-23T17:46:21.682" /><!-- duration: 0ms -->
            <step title="Copying file: &apos;publish\publish\publish\publish\publish\publish\publish\publish\publish\publish\publish\publish\publish\publish\publish\publish\publish\publish\appsettings.Development.json&apos;" date="2026-01-23T17:46:21.698" /><!-- duration: 0ms -->
            <step title="Copying file: &apos;publish\publish\publish\publish\publish\publish\publish\publish\publish\publish\publish\publish\publish\publish\publish\publish\publish\publish\appsettings.json&apos;" date="2026-01-23T17:46:21.698" /><!-- duration: 0ms -->
            <step title="Copying file: &apos;publish\publish\publish\publish\publish\publish\publish\publish\publish\publish\publish\publish\publish\publish\publish\publish\publish\publish\PawPal.Api.deps.json&apos;" date="2026-01-23T17:46:21.713" /><!-- duration: 0ms -->
            <step title="Copying file: &apos;publish\publish\publish\publish\publish\publish\publish\publish\publish\publish\publish\publish\publish\publish\publish\publish\publish\publish\PawPal.Api.runtimeconfig.json&apos;" date="2026-01-23T17:46:21.713" /><!-- duration: 0ms -->
            <step title="Copying file: &apos;publish\publish\publish\publish\publish\publish\publish\publish\publish\publish\publish\publish\publish\publish\publish\publish\publish\publish\PawPal.Api.staticwebassets.endpoints.json&apos;" date="2026-01-23T17:46:24.041" /><!-- duration: 0ms -->
            <step title="Copying file: &apos;publish\publish\publish\publish\publish\publish\publish\publish\publish\publish\publish\publish\publish\publish\publish\publish\publish\publish\web.config&apos;" date="2026-01-23T17:46:24.041" /><!-- duration: 0ms -->
            <step title="Deleting app_offline.htm" date="2026-01-23T17:46:24.057" /><!-- duration: 0ms -->
            <step title="Finished successfully." date="2026-01-23T17:46:24.073" /><!-- duration: 0ms -->
          </step><!-- duration: 2781ms -->
          <step title="Build completed succesfully." date="2026-01-23T17:46:24.088" /><!-- duration: 0ms -->
          <step title="Running post deployment command(s)..." date="2026-01-23T17:46:24.104" /><!-- duration: 0ms -->
          <step title="Requesting site restart" date="2026-01-23T17:46:24.119" /><!-- duration: 0ms -->
          <step title="Requesting site restart" date="2026-01-23T17:46:24.119" /><!-- duration: 16ms -->
          <step title="Requesting site restart. Attempt #1" date="2026-01-23T17:46:24.151" /><!-- duration: 0ms -->
          <step title="Requesting site restart. Attempt #1" date="2026-01-23T17:46:24.151" /><!-- duration: 0ms -->
          <step title="Successfully requested a restart. Attempt #1" date="2026-01-23T17:46:24.354" /><!-- duration: 0ms -->
          <step title="Successfully requested a restart. Attempt #1" date="2026-01-23T17:46:24.354" /><!-- duration: 0ms -->
          <step title="Deployment successful. DEPLOYMENTINFO: deploymentPath = OneDeploy, deployer = OneDeploy, os = windows, sku = Free, siteName = gofetch-api, siteHostName = gofetch-api-adcnhwbqcsdsb0h3.germanywestcentral-01.azurewebsites.net, deploymentStatus = Success" date="2026-01-23T17:46:24.369" /><!-- duration: 0ms -->
          <step title="Purge deployment items" date="2026-01-23T17:46:24.432" >
            <step title="Remove e22afc3a9, Success, received at 1/22/2026 5:10:17 PM" date="2026-01-23T17:46:24.448" /><!-- duration: 0ms -->
          </step><!-- duration: 16ms -->
        </step><!-- duration: 3313ms -->
      </step><!-- duration: 3391ms -->
      <step title="Cleaning up temp files" date="2026-01-23T17:46:24.463" /><!-- duration: 0ms -->
      <step title="Skip function trigger and logicapp sync because function is not enabled." date="2026-01-23T17:46:24.463" /><!-- duration: 0ms -->
    </step><!-- duration: 3797ms -->
    <step title="LockFile &apos;C:\home\site\locks\deployments.lock&apos; released" date="2026-01-23T17:46:24.479" /><!-- duration: 0ms -->
    <step title="Deleting shutdown sentinel file" date="2026-01-23T17:46:24.494" SemaphoreCount="8" /><!-- duration: 0ms -->
  </step><!-- duration: 3906ms -->
  <step title="Outgoing response" date="2026-01-23T17:46:24.494" type="response" statusCode="200" statusText="OK" Server="Microsoft-IIS/10.0" x-ms-request-id="692492a8-f883-11f0-a50e-8a09bd1642c0" Cache-Control="private" X-AspNet-Version="4.0.30319" /><!-- duration: 0ms -->
</step><!-- duration: 4109ms -->
