<step title="BackgroundTrace" date="2026-01-18T20:46:38.850" instance="79e06d" url="/api/zipdeploy" method="POST" >
  <step title="Updating shutdown sentinel last write time" date="2026-01-18T20:46:38.850" SemaphoreCount="7" /><!-- duration: 0ms -->
  <step title="LockFile &apos;C:\home\site\locks\deployments.lock&apos; acquired" date="2026-01-18T20:46:38.850" /><!-- duration: 0ms -->
  <step title="Creating temporary deployment" date="2026-01-18T20:46:38.850" /><!-- duration: 16ms -->
  <step title="Performing fetch based deployment" date="2026-01-18T20:46:38.866" >
    <step title="Fetching changes." date="2026-01-18T20:46:38.881" /><!-- duration: 0ms -->
    <step title="Starting LocalZipHandler" date="2026-01-18T20:46:38.881" /><!-- duration: 16ms -->
    <step title="Cleaning up temp folders from previous zip deployments and extracting pushed zip file C:\local\Temp\zipdeploy\nj2pnicy.zip (5.58 MB) to C:\local\Temp\zipdeploy\extracted" date="2026-01-18T20:46:38.912" /><!-- duration: 0ms -->
    <step title="Cleaning up temp folders from previous zip deployments and extracting pushed zip file C:\local\Temp\zipdeploy\nj2pnicy.zip (5.58 MB) to C:\local\Temp\zipdeploy\extracted" date="2026-01-18T20:46:38.912" >
      <step title="Renaming extractTargetDirectory(C:\local\Temp\zipdeploy\extracted) to tempDirectory(C:\local\Temp\zipdeploy\zjgruqbe.pno)" date="2026-01-18T20:46:38.912" /><!-- duration: 0ms -->
      <step title="Extracting 115 entries to C:\local\Temp\zipdeploy\extracted directory" date="2026-01-18T20:46:38.912" >
        <step title="Extracting to C:\local\Temp\zipdeploy\extracted\publish\appsettings.Development.json ..." date="2026-01-18T20:46:38.912" /><!-- duration: 16ms -->
        <step title="Extracting to C:\local\Temp\zipdeploy\extracted\publish\appsettings.json ..." date="2026-01-18T20:46:38.928" /><!-- duration: 0ms -->
        <step title="Extracting to C:\local\Temp\zipdeploy\extracted\publish\PawPal.Api.deps.json ..." date="2026-01-18T20:46:38.928" /><!-- duration: 0ms -->
        <step title="Extracting to C:\local\Temp\zipdeploy\extracted\publish\PawPal.Api.runtimeconfig.json ..." date="2026-01-18T20:46:38.928" /><!-- duration: 0ms -->
        <step title="Extracting to C:\local\Temp\zipdeploy\extracted\publish\PawPal.Api.staticwebassets.endpoints.json ..." date="2026-01-18T20:46:38.928" /><!-- duration: 0ms -->
        <step title="Omitting extracting file traces ..." date="2026-01-18T20:46:38.944" /><!-- duration: 0ms -->
        <step title="Extracting to C:\local\Temp\zipdeploy\extracted\System.Reactive.dll ..." date="2026-01-18T20:46:39.147" /><!-- duration: 16ms -->
        <step title="Extracting to C:\local\Temp\zipdeploy\extracted\web.config ..." date="2026-01-18T20:46:39.163" /><!-- duration: 0ms -->
        <step title="Extracting to C:\local\Temp\zipdeploy\extracted\Websocket.Client.dll ..." date="2026-01-18T20:46:39.163" /><!-- duration: 0ms -->
      </step><!-- duration: 250ms -->
    </step><!-- duration: 250ms -->
    <step title="Before sending BuildRequestReceived status to /api/updatedeploystatus" date="2026-01-18T20:46:39.178" /><!-- duration: 0ms -->
    <step title="DeploymentManager.Deploy(id:562274c61c06452e9b88532fff8b0ca1)" date="2026-01-18T20:46:39.178" >
      <step title="Collecting changeset information" date="2026-01-18T20:46:39.178" /><!-- duration: 16ms -->
      <step title="Updating submodules" date="2026-01-18T20:46:39.194" >
        <step title="Updating submodules." date="2026-01-18T20:46:39.209" /><!-- duration: 0ms -->
      </step><!-- duration: 16ms -->
      <step title="Preparing deployment for commit id &apos;562274c61c&apos;." date="2026-01-18T20:46:39.225" /><!-- duration: 0ms -->
      <step title="Determining deployment builder" date="2026-01-18T20:46:39.225" >
        <step title="Builder is BasicBuilder" date="2026-01-18T20:46:39.241" /><!-- duration: 0ms -->
      </step><!-- duration: 16ms -->
      <step title="Copying SSH keys" date="2026-01-18T20:46:39.241" /><!-- duration: 0ms -->
      <step title="Building" date="2026-01-18T20:46:39.241" >
        <step title="Generating deployment script." date="2026-01-18T20:46:39.256" /><!-- duration: 0ms -->
        <step title="Generating deployment script" date="2026-01-18T20:46:39.256" >
          <step title="Using cached version of the deployment script for command: -y --no-dot-deployment -r &quot;C:\local\Temp\zipdeploy\extracted&quot; -o &quot;C:\home\site\deployments\tools&quot; --basic --sitePath &quot;C:\local\Temp\zipdeploy\extracted&quot;" date="2026-01-18T20:46:39.272" /><!-- duration: 0ms -->
          <step title="Using cached version of deployment script (command: &apos;azure -y --no-dot-deployment -r &quot;C:\local\Temp\zipdeploy\extracted&quot; -o &quot;C:\home\site\deployments\tools&quot; --basic --sitePath &quot;C:\local\Temp\zipdeploy\extracted&quot;&apos;)." date="2026-01-18T20:46:39.272" /><!-- duration: 0ms -->
        </step><!-- duration: 16ms -->
        <step title="Running deployment command..." date="2026-01-18T20:46:39.287" /><!-- duration: 0ms -->
        <step title="Command: &quot;C:\home\site\deployments\tools\deploy.cmd&quot;" date="2026-01-18T20:46:39.303" /><!-- duration: 0ms -->
        <step title="Executing external process" date="2026-01-18T20:46:39.303" type="process" path="starter.cmd" arguments="&quot;C:\home\site\deployments\tools\deploy.cmd&quot;" >
          <step title="Handling Basic Web Site deployment." date="2026-01-18T20:46:39.397" /><!-- duration: 0ms -->
          <step title="Creating app_offline.htm" date="2026-01-18T20:46:39.569" /><!-- duration: 0ms -->
          <step title="KuduSync.NET from: &apos;C:\local\Temp\zipdeploy\extracted&apos; to: &apos;C:\home\site\wwwroot&apos;" date="2026-01-18T20:46:39.569" /><!-- duration: 0ms -->
          <step title="Deleting file: &apos;latest\appsettings.Development.json&apos;" date="2026-01-18T20:46:39.584" /><!-- duration: 0ms -->
          <step title="Deleting file: &apos;latest\appsettings.json&apos;" date="2026-01-18T20:46:39.584" /><!-- duration: 0ms -->
          <step title="Deleting file: &apos;latest\Azure.Communication.Email.dll&apos;" date="2026-01-18T20:46:39.584" /><!-- duration: 0ms -->
          <step title="Deleting file: &apos;latest\Azure.Core.dll&apos;" date="2026-01-18T20:46:39.600" /><!-- duration: 0ms -->
          <step title="Deleting file: &apos;latest\Google.Apis.Auth.dll&apos;" date="2026-01-18T20:46:39.600" /><!-- duration: 0ms -->
          <step title="Deleting file: &apos;latest\Google.Apis.Core.dll&apos;" date="2026-01-18T20:46:39.600" /><!-- duration: 0ms -->
          <step title="Deleting file: &apos;latest\Google.Apis.dll&apos;" date="2026-01-18T20:46:39.600" /><!-- duration: 0ms -->
          <step title="Deleting file: &apos;latest\Microsoft.AspNetCore.Authentication.JwtBearer.dll&apos;" date="2026-01-18T20:46:39.616" /><!-- duration: 0ms -->
          <step title="Deleting file: &apos;latest\Microsoft.AspNetCore.OpenApi.dll&apos;" date="2026-01-18T20:46:39.616" /><!-- duration: 0ms -->
          <step title="Deleting file: &apos;latest\Microsoft.Bcl.AsyncInterfaces.dll&apos;" date="2026-01-18T20:46:39.616" /><!-- duration: 0ms -->
          <step title="Deleting file: &apos;latest\Microsoft.EntityFrameworkCore.Abstractions.dll&apos;" date="2026-01-18T20:46:39.616" /><!-- duration: 16ms -->
          <step title="Deleting file: &apos;latest\Microsoft.EntityFrameworkCore.dll&apos;" date="2026-01-18T20:46:39.631" /><!-- duration: 0ms -->
          <step title="Deleting file: &apos;latest\Microsoft.EntityFrameworkCore.Relational.dll&apos;" date="2026-01-18T20:46:39.631" /><!-- duration: 0ms -->
          <step title="Deleting file: &apos;latest\Microsoft.Extensions.Caching.Abstractions.dll&apos;" date="2026-01-18T20:46:39.631" /><!-- duration: 0ms -->
          <step title="Deleting file: &apos;latest\Microsoft.Extensions.Caching.Memory.dll&apos;" date="2026-01-18T20:46:39.631" /><!-- duration: 16ms -->
          <step title="Deleting file: &apos;latest\Microsoft.Extensions.Configuration.Abstractions.dll&apos;" date="2026-01-18T20:46:39.647" /><!-- duration: 0ms -->
          <step title="Deleting file: &apos;latest\Microsoft.Extensions.DependencyInjection.Abstractions.dll&apos;" date="2026-01-18T20:46:39.647" /><!-- duration: 0ms -->
          <step title="Deleting file: &apos;latest\Microsoft.Extensions.DependencyInjection.dll&apos;" date="2026-01-18T20:46:39.678" /><!-- duration: 0ms -->
          <step title="Deleting file: &apos;latest\Microsoft.Extensions.Logging.Abstractions.dll&apos;" date="2026-01-18T20:46:39.678" /><!-- duration: 0ms -->
          <step title="Deleting file: &apos;latest\Microsoft.Extensions.Logging.dll&apos;" date="2026-01-18T20:46:39.709" /><!-- duration: 0ms -->
          <step title="Deleting file: &apos;latest\Microsoft.Extensions.Options.dll&apos;" date="2026-01-18T20:46:39.709" /><!-- duration: 0ms -->
          <step title="Deleting file: &apos;latest\Microsoft.Extensions.Primitives.dll&apos;" date="2026-01-18T20:46:39.709" /><!-- duration: 0ms -->
          <step title="Deleting file: &apos;latest\Microsoft.IdentityModel.Abstractions.dll&apos;" date="2026-01-18T20:46:39.709" /><!-- duration: 16ms -->
          <step title="Deleting file: &apos;latest\Microsoft.IdentityModel.JsonWebTokens.dll&apos;" date="2026-01-18T20:46:39.725" /><!-- duration: 0ms -->
          <step title="Deleting file: &apos;latest\Microsoft.IdentityModel.Logging.dll&apos;" date="2026-01-18T20:46:39.725" /><!-- duration: 0ms -->
          <step title="Deleting file: &apos;latest\Microsoft.IdentityModel.Protocols.dll&apos;" date="2026-01-18T20:46:39.725" /><!-- duration: 0ms -->
          <step title="Deleting file: &apos;latest\Microsoft.IdentityModel.Protocols.OpenIdConnect.dll&apos;" date="2026-01-18T20:46:39.725" /><!-- duration: 16ms -->
          <step title="Deleting file: &apos;latest\Microsoft.IdentityModel.Tokens.dll&apos;" date="2026-01-18T20:46:39.741" /><!-- duration: 0ms -->
          <step title="Deleting file: &apos;latest\Microsoft.IO.RecyclableMemoryStream.dll&apos;" date="2026-01-18T20:46:39.741" /><!-- duration: 0ms -->
          <step title="Deleting file: &apos;latest\Microsoft.OpenApi.dll&apos;" date="2026-01-18T20:46:39.741" /><!-- duration: 0ms -->
          <step title="Deleting file: &apos;latest\MimeMapping.dll&apos;" date="2026-01-18T20:46:39.756" /><!-- duration: 0ms -->
          <step title="Deleting file: &apos;latest\Newtonsoft.Json.dll&apos;" date="2026-01-18T20:46:39.756" /><!-- duration: 0ms -->
          <step title="Deleting file: &apos;latest\Npgsql.dll&apos;" date="2026-01-18T20:46:39.756" /><!-- duration: 0ms -->
          <step title="Deleting file: &apos;latest\Npgsql.EntityFrameworkCore.PostgreSQL.dll&apos;" date="2026-01-18T20:46:39.756" /><!-- duration: 0ms -->
          <step title="Deleting file: &apos;latest\PawPal.Api.deps.json&apos;" date="2026-01-18T20:46:39.772" /><!-- duration: 0ms -->
          <step title="Deleting file: &apos;latest\PawPal.Api.dll&apos;" date="2026-01-18T20:46:39.772" /><!-- duration: 0ms -->
          <step title="Deleting file: &apos;latest\PawPal.Api.exe&apos;" date="2026-01-18T20:46:39.772" /><!-- duration: 0ms -->
          <step title="Deleting file: &apos;latest\PawPal.Api.pdb&apos;" date="2026-01-18T20:46:39.772" /><!-- duration: 0ms -->
          <step title="Deleting file: &apos;latest\PawPal.Api.runtimeconfig.json&apos;" date="2026-01-18T20:46:39.787" /><!-- duration: 0ms -->
          <step title="Deleting file: &apos;latest\PawPal.Api.staticwebassets.endpoints.json&apos;" date="2026-01-18T20:46:39.787" /><!-- duration: 0ms -->
          <step title="Deleting file: &apos;latest\Supabase.Core.dll&apos;" date="2026-01-18T20:46:39.787" /><!-- duration: 0ms -->
          <step title="Deleting file: &apos;latest\Supabase.dll&apos;" date="2026-01-18T20:46:39.787" /><!-- duration: 16ms -->
          <step title="Deleting file: &apos;latest\Supabase.Functions.dll&apos;" date="2026-01-18T20:46:39.803" /><!-- duration: 0ms -->
          <step title="Deleting file: &apos;latest\Supabase.Gotrue.dll&apos;" date="2026-01-18T20:46:39.803" /><!-- duration: 0ms -->
          <step title="Deleting file: &apos;latest\Supabase.Postgrest.dll&apos;" date="2026-01-18T20:46:39.819" /><!-- duration: 0ms -->
          <step title="Deleting file: &apos;latest\Supabase.Realtime.dll&apos;" date="2026-01-18T20:46:39.819" /><!-- duration: 0ms -->
          <step title="Deleting file: &apos;latest\Supabase.Storage.dll&apos;" date="2026-01-18T20:46:39.819" /><!-- duration: 0ms -->
          <step title="Deleting file: &apos;latest\Swashbuckle.AspNetCore.Swagger.dll&apos;" date="2026-01-18T20:46:39.819" /><!-- duration: 16ms -->
          <step title="Omitting next output lines..." date="2026-01-18T20:46:39.834" /><!-- duration: 0ms -->
          <step title="Finished successfully." date="2026-01-18T20:46:41.928" /><!-- duration: 0ms -->
        </step><!-- duration: 2625ms -->
        <step title="Running post deployment command(s)..." date="2026-01-18T20:46:41.944" /><!-- duration: 0ms -->
        <step title="Triggering recycle (preview mode disabled)." date="2026-01-18T20:46:41.959" /><!-- duration: 0ms -->
        <step title="Ignoring FS watcher based recycle request as this is a classic Windows app." date="2026-01-18T20:46:41.959" /><!-- duration: 0ms -->
        <step title="Deployment successful. DEPLOYMENTINFO: deploymentPath = ZipDeploy. Extract zip. , deployer = ZipDeploy, os = windows, sku = Free, siteName = gofetch-api, siteHostName = gofetch-api-adcnhwbqcsdsb0h3.germanywestcentral-01.azurewebsites.net, deploymentStatus = Success" date="2026-01-18T20:46:41.975" /><!-- duration: 0ms -->
        <step title="Purge deployment items" date="2026-01-18T20:46:42.006" >
          <step title="Remove ed4555a4c, Success, received at 1/15/2026 8:21:51 PM" date="2026-01-18T20:46:42.022" /><!-- duration: 0ms -->
        </step><!-- duration: 16ms -->
      </step><!-- duration: 2797ms -->
    </step><!-- duration: 2859ms -->
    <step title="Cleaning up temp files" date="2026-01-18T20:46:42.038" /><!-- duration: 0ms -->
    <step title="Skip function trigger and logicapp sync because function is not enabled." date="2026-01-18T20:46:42.038" /><!-- duration: 16ms -->
  </step><!-- duration: 3203ms -->
  <step title="LockFile &apos;C:\home\site\locks\deployments.lock&apos; released" date="2026-01-18T20:46:42.069" /><!-- duration: 0ms -->
  <step title="Deleting shutdown sentinel file" date="2026-01-18T20:46:42.069" SemaphoreCount="8" /><!-- duration: 0ms -->
</step><!-- duration: 3219ms -->
