<step title="BackgroundTrace" date="2026-01-18T18:41:02.714" instance="79e06d" url="/api/zipdeploy" method="POST" >
  <step title="Updating shutdown sentinel last write time" date="2026-01-18T18:41:02.729" SemaphoreCount="7" /><!-- duration: 0ms -->
  <step title="LockFile &apos;C:\home\site\locks\deployments.lock&apos; acquired" date="2026-01-18T18:41:02.729" /><!-- duration: 0ms -->
  <step title="Creating temporary deployment" date="2026-01-18T18:41:02.729" /><!-- duration: 16ms -->
  <step title="Performing fetch based deployment" date="2026-01-18T18:41:02.760" >
    <step title="Fetching changes." date="2026-01-18T18:41:02.792" /><!-- duration: 16ms -->
    <step title="Starting LocalZipHandler" date="2026-01-18T18:41:02.807" /><!-- duration: 0ms -->
    <step title="Cleaning up temp folders from previous zip deployments and extracting pushed zip file C:\local\Temp\zipdeploy\4c0gugmd.zip (15.44 MB) to C:\local\Temp\zipdeploy\extracted" date="2026-01-18T18:41:02.823" /><!-- duration: 0ms -->
    <step title="Cleaning up temp folders from previous zip deployments and extracting pushed zip file C:\local\Temp\zipdeploy\4c0gugmd.zip (15.44 MB) to C:\local\Temp\zipdeploy\extracted" date="2026-01-18T18:41:02.823" >
      <step title="Extracting 219 entries to C:\local\Temp\zipdeploy\extracted directory" date="2026-01-18T18:41:02.839" >
        <step title="Extracting to C:\local\Temp\zipdeploy\extracted\latest\appsettings.Development.json ..." date="2026-01-18T18:41:02.839" /><!-- duration: 16ms -->
        <step title="Extracting to C:\local\Temp\zipdeploy\extracted\latest\appsettings.json ..." date="2026-01-18T18:41:02.854" /><!-- duration: 0ms -->
        <step title="Extracting to C:\local\Temp\zipdeploy\extracted\latest\Azure.Communication.Email.dll ..." date="2026-01-18T18:41:02.854" /><!-- duration: 0ms -->
        <step title="Extracting to C:\local\Temp\zipdeploy\extracted\latest\Azure.Core.dll ..." date="2026-01-18T18:41:02.854" /><!-- duration: 16ms -->
        <step title="Extracting to C:\local\Temp\zipdeploy\extracted\latest\Google.Apis.Auth.dll ..." date="2026-01-18T18:41:02.870" /><!-- duration: 0ms -->
        <step title="Omitting extracting file traces ..." date="2026-01-18T18:41:02.870" /><!-- duration: 0ms -->
      </step><!-- duration: 500ms -->
    </step><!-- duration: 516ms -->
    <step title="Before sending BuildRequestReceived status to /api/updatedeploystatus" date="2026-01-18T18:41:03.339" /><!-- duration: 0ms -->
    <step title="DeploymentManager.Deploy(id:1bfb532f7d8a492b9d71f3ecfd07d1d3)" date="2026-01-18T18:41:03.354" >
      <step title="Collecting changeset information" date="2026-01-18T18:41:03.354" /><!-- duration: 16ms -->
      <step title="Updating submodules" date="2026-01-18T18:41:03.370" >
        <step title="Updating submodules." date="2026-01-18T18:41:03.385" /><!-- duration: 0ms -->
      </step><!-- duration: 16ms -->
      <step title="Preparing deployment for commit id &apos;1bfb532f7d&apos;." date="2026-01-18T18:41:03.401" /><!-- duration: 0ms -->
      <step title="Determining deployment builder" date="2026-01-18T18:41:03.417" >
        <step title="Builder is BasicBuilder" date="2026-01-18T18:41:03.417" /><!-- duration: 0ms -->
      </step><!-- duration: 0ms -->
      <step title="Copying SSH keys" date="2026-01-18T18:41:03.432" /><!-- duration: 0ms -->
      <step title="Building" date="2026-01-18T18:41:03.432" >
        <step title="Generating deployment script." date="2026-01-18T18:41:03.448" /><!-- duration: 0ms -->
        <step title="Generating deployment script" date="2026-01-18T18:41:03.448" >
          <step title="Using cached version of the deployment script for command: -y --no-dot-deployment -r &quot;C:\local\Temp\zipdeploy\extracted&quot; -o &quot;C:\home\site\deployments\tools&quot; --basic --sitePath &quot;C:\local\Temp\zipdeploy\extracted&quot;" date="2026-01-18T18:41:03.464" /><!-- duration: 0ms -->
          <step title="Using cached version of deployment script (command: &apos;azure -y --no-dot-deployment -r &quot;C:\local\Temp\zipdeploy\extracted&quot; -o &quot;C:\home\site\deployments\tools&quot; --basic --sitePath &quot;C:\local\Temp\zipdeploy\extracted&quot;&apos;)." date="2026-01-18T18:41:03.464" /><!-- duration: 0ms -->
        </step><!-- duration: 16ms -->
        <step title="Running deployment command..." date="2026-01-18T18:41:03.479" /><!-- duration: 0ms -->
        <step title="Command: &quot;C:\home\site\deployments\tools\deploy.cmd&quot;" date="2026-01-18T18:41:03.495" /><!-- duration: 0ms -->
        <step title="Executing external process" date="2026-01-18T18:41:03.495" type="process" path="starter.cmd" arguments="&quot;C:\home\site\deployments\tools\deploy.cmd&quot;" >
          <step title="Handling Basic Web Site deployment." date="2026-01-18T18:41:03.604" /><!-- duration: 0ms -->
          <step title="Creating app_offline.htm" date="2026-01-18T18:41:06.151" /><!-- duration: 0ms -->
          <step title="KuduSync.NET from: &apos;C:\local\Temp\zipdeploy\extracted&apos; to: &apos;C:\home\site\wwwroot&apos;" date="2026-01-18T18:41:06.151" /><!-- duration: 0ms -->
          <step title="Copying file: &apos;PawPal.Api.dll&apos;" date="2026-01-18T18:41:06.151" /><!-- duration: 16ms -->
          <step title="Copying file: &apos;PawPal.Api.exe&apos;" date="2026-01-18T18:41:06.167" /><!-- duration: 0ms -->
          <step title="Copying file: &apos;PawPal.Api.pdb&apos;" date="2026-01-18T18:41:06.167" /><!-- duration: 0ms -->
          <step title="Deleting app_offline.htm" date="2026-01-18T18:41:06.167" /><!-- duration: 0ms -->
          <step title="Finished successfully." date="2026-01-18T18:41:06.182" /><!-- duration: 0ms -->
        </step><!-- duration: 2688ms -->
        <step title="Running post deployment command(s)..." date="2026-01-18T18:41:06.198" /><!-- duration: 0ms -->
        <step title="Triggering recycle (preview mode disabled)." date="2026-01-18T18:41:06.214" /><!-- duration: 0ms -->
        <step title="Ignoring FS watcher based recycle request as this is a classic Windows app." date="2026-01-18T18:41:06.214" /><!-- duration: 0ms -->
        <step title="Deployment successful. DEPLOYMENTINFO: deploymentPath = ZipDeploy. Extract zip. , deployer = ZipDeploy, os = windows, sku = Free, siteName = gofetch-api, siteHostName = gofetch-api-adcnhwbqcsdsb0h3.germanywestcentral-01.azurewebsites.net, deploymentStatus = Success" date="2026-01-18T18:41:06.229" /><!-- duration: 16ms -->
        <step title="Purge deployment items" date="2026-01-18T18:41:06.323" >
          <step title="Remove 74e9ccac4, Success, received at 1/15/2026 7:58:36 PM" date="2026-01-18T18:41:06.339" /><!-- duration: 0ms -->
        </step><!-- duration: 16ms -->
      </step><!-- duration: 2922ms -->
    </step><!-- duration: 3000ms -->
    <step title="Cleaning up temp files" date="2026-01-18T18:41:06.354" /><!-- duration: 0ms -->
    <step title="Skip function trigger and logicapp sync because function is not enabled." date="2026-01-18T18:41:06.370" /><!-- duration: 0ms -->
  </step><!-- duration: 3609ms -->
  <step title="LockFile &apos;C:\home\site\locks\deployments.lock&apos; released" date="2026-01-18T18:41:06.370" /><!-- duration: 16ms -->
  <step title="Deleting shutdown sentinel file" date="2026-01-18T18:41:06.385" SemaphoreCount="8" /><!-- duration: 0ms -->
</step><!-- duration: 3672ms -->
