<step title="BackgroundTrace" date="2026-01-18T17:32:34.519" instance="79e06d" url="/api/zipdeploy" method="POST" >
  <step title="Updating shutdown sentinel last write time" date="2026-01-18T17:32:34.519" SemaphoreCount="7" /><!-- duration: 0ms -->
  <step title="LockFile &apos;C:\home\site\locks\deployments.lock&apos; acquired" date="2026-01-18T17:32:34.519" /><!-- duration: 16ms -->
  <step title="Creating temporary deployment" date="2026-01-18T17:32:34.534" /><!-- duration: 0ms -->
  <step title="Performing fetch based deployment" date="2026-01-18T17:32:34.534" >
    <step title="Fetching changes." date="2026-01-18T17:32:34.566" /><!-- duration: 16ms -->
    <step title="Starting LocalZipHandler" date="2026-01-18T17:32:34.581" /><!-- duration: 0ms -->
    <step title="Cleaning up temp folders from previous zip deployments and extracting pushed zip file C:\local\Temp\zipdeploy\ftnoibrz.zip (15.42 MB) to C:\local\Temp\zipdeploy\extracted" date="2026-01-18T17:32:34.581" /><!-- duration: 0ms -->
    <step title="Cleaning up temp folders from previous zip deployments and extracting pushed zip file C:\local\Temp\zipdeploy\ftnoibrz.zip (15.42 MB) to C:\local\Temp\zipdeploy\extracted" date="2026-01-18T17:32:34.597" >
      <step title="Renaming extractTargetDirectory(C:\local\Temp\zipdeploy\extracted) to tempDirectory(C:\local\Temp\zipdeploy\3ehwlp3m.dyd)" date="2026-01-18T17:32:34.597" /><!-- duration: 0ms -->
      <step title="Extracting 213 entries to C:\local\Temp\zipdeploy\extracted directory" date="2026-01-18T17:32:34.613" >
        <step title="Extracting to C:\local\Temp\zipdeploy\extracted\latest\appsettings.Development.json ..." date="2026-01-18T17:32:34.613" /><!-- duration: 16ms -->
        <step title="Extracting to C:\local\Temp\zipdeploy\extracted\latest\appsettings.json ..." date="2026-01-18T17:32:34.628" /><!-- duration: 0ms -->
        <step title="Extracting to C:\local\Temp\zipdeploy\extracted\latest\Azure.Communication.Email.dll ..." date="2026-01-18T17:32:34.628" /><!-- duration: 0ms -->
        <step title="Extracting to C:\local\Temp\zipdeploy\extracted\latest\Azure.Core.dll ..." date="2026-01-18T17:32:34.628" /><!-- duration: 16ms -->
        <step title="Extracting to C:\local\Temp\zipdeploy\extracted\latest\Google.Apis.Auth.dll ..." date="2026-01-18T17:32:34.644" /><!-- duration: 0ms -->
        <step title="Omitting extracting file traces ..." date="2026-01-18T17:32:34.644" /><!-- duration: 0ms -->
      </step><!-- duration: 500ms -->
    </step><!-- duration: 516ms -->
    <step title="Before sending BuildRequestReceived status to /api/updatedeploystatus" date="2026-01-18T17:32:35.113" /><!-- duration: 0ms -->
    <step title="DeploymentManager.Deploy(id:333a981e51734193b08985ab3d110bab)" date="2026-01-18T17:32:35.113" >
      <step title="Collecting changeset information" date="2026-01-18T17:32:35.113" /><!-- duration: 16ms -->
      <step title="Updating submodules" date="2026-01-18T17:32:35.128" >
        <step title="Updating submodules." date="2026-01-18T17:32:35.144" /><!-- duration: 16ms -->
      </step><!-- duration: 31ms -->
      <step title="Preparing deployment for commit id &apos;333a981e51&apos;." date="2026-01-18T17:32:35.159" /><!-- duration: 16ms -->
      <step title="Determining deployment builder" date="2026-01-18T17:32:35.191" >
        <step title="Builder is BasicBuilder" date="2026-01-18T17:32:35.191" /><!-- duration: 0ms -->
      </step><!-- duration: 0ms -->
      <step title="Copying SSH keys" date="2026-01-18T17:32:35.191" /><!-- duration: 0ms -->
      <step title="Building" date="2026-01-18T17:32:35.191" >
        <step title="Generating deployment script." date="2026-01-18T17:32:35.206" /><!-- duration: 0ms -->
        <step title="Generating deployment script" date="2026-01-18T17:32:35.206" >
          <step title="Using cached version of the deployment script for command: -y --no-dot-deployment -r &quot;C:\local\Temp\zipdeploy\extracted&quot; -o &quot;C:\home\site\deployments\tools&quot; --basic --sitePath &quot;C:\local\Temp\zipdeploy\extracted&quot;" date="2026-01-18T17:32:35.222" /><!-- duration: 0ms -->
          <step title="Using cached version of deployment script (command: &apos;azure -y --no-dot-deployment -r &quot;C:\local\Temp\zipdeploy\extracted&quot; -o &quot;C:\home\site\deployments\tools&quot; --basic --sitePath &quot;C:\local\Temp\zipdeploy\extracted&quot;&apos;)." date="2026-01-18T17:32:35.222" /><!-- duration: 0ms -->
        </step><!-- duration: 16ms -->
        <step title="Running deployment command..." date="2026-01-18T17:32:35.238" /><!-- duration: 0ms -->
        <step title="Command: &quot;C:\home\site\deployments\tools\deploy.cmd&quot;" date="2026-01-18T17:32:35.253" /><!-- duration: 0ms -->
        <step title="Executing external process" date="2026-01-18T17:32:35.253" type="process" path="starter.cmd" arguments="&quot;C:\home\site\deployments\tools\deploy.cmd&quot;" >
          <step title="Handling Basic Web Site deployment." date="2026-01-18T17:32:35.363" /><!-- duration: 0ms -->
          <step title="Creating app_offline.htm" date="2026-01-18T17:32:37.894" /><!-- duration: 0ms -->
          <step title="KuduSync.NET from: &apos;C:\local\Temp\zipdeploy\extracted&apos; to: &apos;C:\home\site\wwwroot&apos;" date="2026-01-18T17:32:37.894" /><!-- duration: 0ms -->
          <step title="Copying file: &apos;PawPal.Api.dll&apos;" date="2026-01-18T17:32:37.910" /><!-- duration: 0ms -->
          <step title="Copying file: &apos;PawPal.Api.exe&apos;" date="2026-01-18T17:32:37.910" /><!-- duration: 0ms -->
          <step title="Copying file: &apos;PawPal.Api.pdb&apos;" date="2026-01-18T17:32:37.910" /><!-- duration: 0ms -->
          <step title="Deleting app_offline.htm" date="2026-01-18T17:32:37.910" /><!-- duration: 0ms -->
          <step title="Finished successfully." date="2026-01-18T17:32:37.925" /><!-- duration: 0ms -->
        </step><!-- duration: 2672ms -->
        <step title="Running post deployment command(s)..." date="2026-01-18T17:32:37.941" /><!-- duration: 0ms -->
        <step title="Triggering recycle (preview mode disabled)." date="2026-01-18T17:32:37.957" /><!-- duration: 0ms -->
        <step title="Ignoring FS watcher based recycle request as this is a classic Windows app." date="2026-01-18T17:32:37.972" /><!-- duration: 0ms -->
        <step title="Deployment successful. DEPLOYMENTINFO: deploymentPath = ZipDeploy. Extract zip. , deployer = ZipDeploy, os = windows, sku = Free, siteName = gofetch-api, siteHostName = gofetch-api-adcnhwbqcsdsb0h3.germanywestcentral-01.azurewebsites.net, deploymentStatus = Success" date="2026-01-18T17:32:37.988" /><!-- duration: 0ms -->
        <step title="Purge deployment items" date="2026-01-18T17:32:38.066" >
          <step title="Remove a76a97606, Success, received at 11/13/2025 9:24:51 PM" date="2026-01-18T17:32:38.082" /><!-- duration: 0ms -->
        </step><!-- duration: 16ms -->
      </step><!-- duration: 2907ms -->
    </step><!-- duration: 2985ms -->
    <step title="Cleaning up temp files" date="2026-01-18T17:32:38.097" /><!-- duration: 0ms -->
    <step title="Skip function trigger and logicapp sync because function is not enabled." date="2026-01-18T17:32:38.113" /><!-- duration: 0ms -->
  </step><!-- duration: 3578ms -->
  <step title="LockFile &apos;C:\home\site\locks\deployments.lock&apos; released" date="2026-01-18T17:32:38.129" /><!-- duration: 0ms -->
  <step title="Deleting shutdown sentinel file" date="2026-01-18T17:32:38.129" SemaphoreCount="8" /><!-- duration: 0ms -->
</step><!-- duration: 3610ms -->
