<step title="Incoming Request" date="2026-01-18T22:08:52.714" instance="79e06d" url="/api/publish?type=zip" method="POST" type="request" pid="17788,2,142" Cache-Control="no-cache" Content-Length="16227378" Content-Type="application/octet-stream" Accept="*/*" Accept-Encoding="gzip, deflate" Authorization="Bea..." Host="gofetch-api-adcnhwbqcsdsb0h3.scm.germanywestcentral-01.azurewebsites.net" User-Agent="AZURECLI/2.79.0 (MSI)" x-ms-client-request-id="42d2abef-f4ba-11f0-9296-d4a9ab8009b2" X-ARR-LOG-ID="42d2abef-f4ba-11f0-9296-d4a9ab8009b2" CLIENT-IP="83.139.66.94:62186" X-SITE-DEPLOYMENT-ID="gofetch-api" WAS-DEFAULT-HOSTNAME="gofetch-api-adcnhwbqcsdsb0h3.scm.germanywestcentral-01.azurewebsites.net" X-Forwarded-Proto="https" X-AppService-Proto="https" X-Forwarded-TlsVersion="1.3" X-WAWS-Unencoded-URL="/api/publish?type=zip" >
  <step title="Cleanup Xml Logs" date="2026-01-18T22:08:52.714" /><!-- duration: 0ms -->
  <step title="OneDeploy" date="2026-01-18T22:08:52.729" >
    <step title="Starting PushDeployAsync" date="2026-01-18T22:08:52.729" /><!-- duration: 0ms -->
    <step title="Updating shutdown sentinel last write time" date="2026-01-18T22:08:52.729" SemaphoreCount="7" /><!-- duration: 0ms -->
    <step title="LockFile &apos;C:\home\site\locks\deployments.lock&apos; acquired" date="2026-01-18T22:08:52.745" /><!-- duration: 0ms -->
    <step title="Saving request content to C:\local\Temp\zipdeploy\gwlxlnha.zip" date="2026-01-18T22:08:52.745" >
      <step title="Total 16,227,378 bytes written to C:\local\Temp\zipdeploy\gwlxlnha.zip" date="2026-01-18T22:08:53.979" /><!-- duration: 0ms -->
    </step><!-- duration: 1234ms -->
    <step title="LockFile &apos;C:\home\site\locks\deployments.lock&apos; released" date="2026-01-18T22:08:53.979" /><!-- duration: 16ms -->
    <step title="Deleting shutdown sentinel file" date="2026-01-18T22:08:53.995" SemaphoreCount="8" /><!-- duration: 0ms -->
    <step title="Starting FetchDeploy" date="2026-01-18T22:08:53.995" /><!-- duration: 0ms -->
    <step title="Attempting to fetch target branch HEAD" date="2026-01-18T22:08:53.995" /><!-- duration: 0ms -->
    <step title="Updating shutdown sentinel last write time" date="2026-01-18T22:08:53.995" SemaphoreCount="7" /><!-- duration: 0ms -->
    <step title="LockFile &apos;C:\home\site\locks\deployments.lock&apos; acquired" date="2026-01-18T22:08:54.011" /><!-- duration: 0ms -->
    <step title="Performing fetch based deployment" date="2026-01-18T22:08:54.011" >
      <step title="Creating temporary deployment" date="2026-01-18T22:08:54.011" /><!-- duration: 0ms -->
      <step title="Fetching changes." date="2026-01-18T22:08:54.026" /><!-- duration: 0ms -->
      <step title="Starting LocalZipHandler" date="2026-01-18T22:08:54.042" /><!-- duration: 0ms -->
      <step title="Starting LocalZipFetch" date="2026-01-18T22:08:54.042" /><!-- duration: 0ms -->
      <step title="Cleaning up temp folders from previous zip deployments and extracting pushed zip file C:\local\Temp\zipdeploy\gwlxlnha.zip (15.48 MB) to C:\local\Temp\zipdeploy\extracted" date="2026-01-18T22:08:54.042" /><!-- duration: 0ms -->
      <step title="Cleaning up temp folders from previous zip deployments and extracting pushed zip file C:\local\Temp\zipdeploy\gwlxlnha.zip (15.48 MB) to C:\local\Temp\zipdeploy\extracted" date="2026-01-18T22:08:54.042" >
        <step title="Renaming extractTargetDirectory(C:\local\Temp\zipdeploy\extracted) to tempDirectory(C:\local\Temp\zipdeploy\qyjaetga.jsr)" date="2026-01-18T22:08:54.042" /><!-- duration: 16ms -->
        <step title="Extracting 231 entries to C:\local\Temp\zipdeploy\extracted directory" date="2026-01-18T22:08:54.058" >
          <step title="Extracting to C:\local\Temp\zipdeploy\extracted\latest\appsettings.Development.json ..." date="2026-01-18T22:08:54.058" /><!-- duration: 0ms -->
          <step title="Extracting to C:\local\Temp\zipdeploy\extracted\latest\appsettings.json ..." date="2026-01-18T22:08:54.058" /><!-- duration: 0ms -->
          <step title="Extracting to C:\local\Temp\zipdeploy\extracted\latest\Azure.Communication.Email.dll ..." date="2026-01-18T22:08:54.058" /><!-- duration: 16ms -->
          <step title="Extracting to C:\local\Temp\zipdeploy\extracted\latest\Azure.Core.dll ..." date="2026-01-18T22:08:54.073" /><!-- duration: 0ms -->
          <step title="Extracting to C:\local\Temp\zipdeploy\extracted\latest\Google.Apis.Auth.dll ..." date="2026-01-18T22:08:54.089" /><!-- duration: 0ms -->
          <step title="Omitting extracting file traces ..." date="2026-01-18T22:08:54.089" /><!-- duration: 16ms -->
        </step><!-- duration: 500ms -->
      </step><!-- duration: 516ms -->
      <step title="None repository commit" date="2026-01-18T22:08:54.558" >
        <step title="Commit id: 038471630d8c43fea254df3d8864d317" date="2026-01-18T22:08:54.558" Message="OneDeploy" AuthorName="N/A" AuthorEmail="N/A" /><!-- duration: 0ms -->
      </step><!-- duration: 0ms -->
      <step title="Before sending BuildRequestReceived status to /api/updatedeploystatus" date="2026-01-18T22:08:54.558" /><!-- duration: 16ms -->
      <step title="DeploymentManager.Deploy(id:038471630d8c43fea254df3d8864d317)" date="2026-01-18T22:08:54.573" >
        <step title="Collecting changeset information" date="2026-01-18T22:08:54.573" /><!-- duration: 16ms -->
        <step title="Updating submodules" date="2026-01-18T22:08:54.589" >
          <step title="Updating submodules." date="2026-01-18T22:08:54.636" /><!-- duration: 0ms -->
        </step><!-- duration: 47ms -->
        <step title="Preparing deployment for commit id &apos;038471630d&apos;." date="2026-01-18T22:08:54.651" /><!-- duration: 0ms -->
        <step title="Determining deployment builder" date="2026-01-18T22:08:54.667" >
          <step title="Builder is OneDeployBuilder" date="2026-01-18T22:08:54.667" /><!-- duration: 0ms -->
        </step><!-- duration: 0ms -->
        <step title="Copying SSH keys" date="2026-01-18T22:08:54.667" /><!-- duration: 0ms -->
        <step title="Building" date="2026-01-18T22:08:54.667" >
          <step title="Running build. Project type: OneDeploy" date="2026-01-18T22:08:54.683" /><!-- duration: 0ms -->
          <step title="Copying the manifest" date="2026-01-18T22:08:54.698" /><!-- duration: 0ms -->
          <step title="Clean deploying to C:\home\site\wwwroot" date="2026-01-18T22:08:54.729" /><!-- duration: 0ms -->
          <step title="Generating deployment script." date="2026-01-18T22:08:54.745" /><!-- duration: 0ms -->
          <step title="Generating deployment script" date="2026-01-18T22:08:54.761" >
            <step title="Using cached version of the deployment script for command: -y --no-dot-deployment -r &quot;C:\local\Temp\zipdeploy\extracted&quot; -o &quot;C:\home\site\deployments\tools&quot; --basic --sitePath &quot;C:\local\Temp\zipdeploy\extracted&quot;" date="2026-01-18T22:08:54.761" /><!-- duration: 0ms -->
            <step title="Using cached version of deployment script (command: &apos;azure -y --no-dot-deployment -r &quot;C:\local\Temp\zipdeploy\extracted&quot; -o &quot;C:\home\site\deployments\tools&quot; --basic --sitePath &quot;C:\local\Temp\zipdeploy\extracted&quot;&apos;)." date="2026-01-18T22:08:54.776" /><!-- duration: 0ms -->
          </step><!-- duration: 31ms -->
          <step title="Running deployment command..." date="2026-01-18T22:08:54.808" /><!-- duration: 0ms -->
          <step title="Command: &quot;C:\home\site\deployments\tools\deploy.cmd&quot;" date="2026-01-18T22:08:54.808" /><!-- duration: 0ms -->
          <step title="Executing external process" date="2026-01-18T22:08:54.808" type="process" path="starter.cmd" arguments="&quot;C:\home\site\deployments\tools\deploy.cmd&quot;" >
            <step title="Handling Basic Web Site deployment." date="2026-01-18T22:08:54.901" /><!-- duration: 16ms -->
            <step title="Creating app_offline.htm" date="2026-01-18T22:08:57.448" /><!-- duration: 0ms -->
            <step title="KuduSync.NET from: &apos;C:\local\Temp\zipdeploy\extracted&apos; to: &apos;C:\home\site\wwwroot&apos;" date="2026-01-18T22:08:57.448" /><!-- duration: 0ms -->
            <step title="Copying file: &apos;PawPal.Api.dll&apos;" date="2026-01-18T22:08:57.464" /><!-- duration: 0ms -->
            <step title="Copying file: &apos;PawPal.Api.exe&apos;" date="2026-01-18T22:08:57.464" /><!-- duration: 0ms -->
            <step title="Copying file: &apos;PawPal.Api.pdb&apos;" date="2026-01-18T22:08:57.464" /><!-- duration: 0ms -->
            <step title="Deleting app_offline.htm" date="2026-01-18T22:08:57.479" /><!-- duration: 0ms -->
            <step title="Finished successfully." date="2026-01-18T22:08:57.479" /><!-- duration: 0ms -->
          </step><!-- duration: 2672ms -->
          <step title="Build completed succesfully." date="2026-01-18T22:08:57.495" /><!-- duration: 0ms -->
          <step title="Running post deployment command(s)..." date="2026-01-18T22:08:57.511" /><!-- duration: 0ms -->
          <step title="Requesting site restart" date="2026-01-18T22:08:57.526" /><!-- duration: 0ms -->
          <step title="Requesting site restart" date="2026-01-18T22:08:57.526" /><!-- duration: 0ms -->
          <step title="Requesting site restart. Attempt #1" date="2026-01-18T22:08:57.542" /><!-- duration: 0ms -->
          <step title="Requesting site restart. Attempt #1" date="2026-01-18T22:08:57.558" /><!-- duration: 0ms -->
          <step title="Successfully requested a restart. Attempt #1" date="2026-01-18T22:08:57.636" /><!-- duration: 0ms -->
          <step title="Successfully requested a restart. Attempt #1" date="2026-01-18T22:08:57.636" /><!-- duration: 0ms -->
          <step title="Deployment successful. DEPLOYMENTINFO: deploymentPath = OneDeploy, deployer = OneDeploy, os = windows, sku = Free, siteName = gofetch-api, siteHostName = gofetch-api-adcnhwbqcsdsb0h3.germanywestcentral-01.azurewebsites.net, deploymentStatus = Success" date="2026-01-18T22:08:57.651" /><!-- duration: 0ms -->
          <step title="Purge deployment items" date="2026-01-18T22:08:57.698" >
            <step title="Remove a69e3d6d5, Success, received at 1/18/2026 6:43:29 PM" date="2026-01-18T22:08:57.714" /><!-- duration: 0ms -->
          </step><!-- duration: 16ms -->
        </step><!-- duration: 3047ms -->
      </step><!-- duration: 3156ms -->
      <step title="Cleaning up temp files" date="2026-01-18T22:08:57.729" /><!-- duration: 0ms -->
      <step title="Skip function trigger and logicapp sync because function is not enabled." date="2026-01-18T22:08:57.729" /><!-- duration: 0ms -->
    </step><!-- duration: 3734ms -->
    <step title="LockFile &apos;C:\home\site\locks\deployments.lock&apos; released" date="2026-01-18T22:08:57.745" /><!-- duration: 0ms -->
    <step title="Deleting shutdown sentinel file" date="2026-01-18T22:08:57.745" SemaphoreCount="8" /><!-- duration: 0ms -->
  </step><!-- duration: 5016ms -->
  <step title="Outgoing response" date="2026-01-18T22:08:57.761" type="response" statusCode="200" statusText="OK" Server="Microsoft-IIS/10.0" x-ms-request-id="42d2abef-f4ba-11f0-9296-d4a9ab8009b2" Cache-Control="private" X-AspNet-Version="4.0.30319" /><!-- duration: 0ms -->
</step><!-- duration: 5047ms -->
