<step title="Incoming Request" date="2026-01-18T22:32:22.441" instance="79e06d" url="/api/publish?type=zip" method="POST" type="request" pid="17788,2,118" Cache-Control="no-cache" Content-Length="16227350" Content-Type="application/octet-stream" Accept="*/*" Accept-Encoding="gzip, deflate" Authorization="Bea..." Host="gofetch-api-adcnhwbqcsdsb0h3.scm.germanywestcentral-01.azurewebsites.net" User-Agent="AZURECLI/2.79.0 (MSI)" x-ms-client-request-id="8c45d226-f4bd-11f0-8c97-d4a9ab8009b2" X-ARR-LOG-ID="8c45d226-f4bd-11f0-8c97-d4a9ab8009b2" CLIENT-IP="83.139.66.94:55391" X-SITE-DEPLOYMENT-ID="gofetch-api" WAS-DEFAULT-HOSTNAME="gofetch-api-adcnhwbqcsdsb0h3.scm.germanywestcentral-01.azurewebsites.net" X-Forwarded-Proto="https" X-AppService-Proto="https" X-Forwarded-TlsVersion="1.3" X-WAWS-Unencoded-URL="/api/publish?type=zip" >
  <step title="Cleanup Xml Logs" date="2026-01-18T22:32:22.441" /><!-- duration: 16ms -->
  <step title="OneDeploy" date="2026-01-18T22:32:22.457" >
    <step title="Starting PushDeployAsync" date="2026-01-18T22:32:22.457" /><!-- duration: 0ms -->
    <step title="Updating shutdown sentinel last write time" date="2026-01-18T22:32:22.457" SemaphoreCount="7" /><!-- duration: 0ms -->
    <step title="LockFile &apos;C:\home\site\locks\deployments.lock&apos; acquired" date="2026-01-18T22:32:22.472" /><!-- duration: 0ms -->
    <step title="Saving request content to C:\local\Temp\zipdeploy\thahm1yv.zip" date="2026-01-18T22:32:22.472" >
      <step title="Total 16,227,350 bytes written to C:\local\Temp\zipdeploy\thahm1yv.zip" date="2026-01-18T22:32:23.847" /><!-- duration: 0ms -->
    </step><!-- duration: 1375ms -->
    <step title="LockFile &apos;C:\home\site\locks\deployments.lock&apos; released" date="2026-01-18T22:32:23.863" /><!-- duration: 0ms -->
    <step title="Deleting shutdown sentinel file" date="2026-01-18T22:32:23.863" SemaphoreCount="8" /><!-- duration: 0ms -->
    <step title="Starting FetchDeploy" date="2026-01-18T22:32:23.863" /><!-- duration: 0ms -->
    <step title="Attempting to fetch target branch HEAD" date="2026-01-18T22:32:23.863" /><!-- duration: 0ms -->
    <step title="Updating shutdown sentinel last write time" date="2026-01-18T22:32:23.879" SemaphoreCount="7" /><!-- duration: 0ms -->
    <step title="LockFile &apos;C:\home\site\locks\deployments.lock&apos; acquired" date="2026-01-18T22:32:23.879" /><!-- duration: 0ms -->
    <step title="Performing fetch based deployment" date="2026-01-18T22:32:23.879" >
      <step title="Creating temporary deployment" date="2026-01-18T22:32:23.879" /><!-- duration: 16ms -->
      <step title="Fetching changes." date="2026-01-18T22:32:23.910" /><!-- duration: 0ms -->
      <step title="Starting LocalZipHandler" date="2026-01-18T22:32:23.910" /><!-- duration: 0ms -->
      <step title="Starting LocalZipFetch" date="2026-01-18T22:32:23.926" /><!-- duration: 0ms -->
      <step title="Cleaning up temp folders from previous zip deployments and extracting pushed zip file C:\local\Temp\zipdeploy\thahm1yv.zip (15.48 MB) to C:\local\Temp\zipdeploy\extracted" date="2026-01-18T22:32:23.926" /><!-- duration: 0ms -->
      <step title="Cleaning up temp folders from previous zip deployments and extracting pushed zip file C:\local\Temp\zipdeploy\thahm1yv.zip (15.48 MB) to C:\local\Temp\zipdeploy\extracted" date="2026-01-18T22:32:23.926" >
        <step title="Renaming extractTargetDirectory(C:\local\Temp\zipdeploy\extracted) to tempDirectory(C:\local\Temp\zipdeploy\qa2gsftb.uzw)" date="2026-01-18T22:32:23.926" /><!-- duration: 0ms -->
        <step title="Extracting 231 entries to C:\local\Temp\zipdeploy\extracted directory" date="2026-01-18T22:32:23.926" >
          <step title="Extracting to C:\local\Temp\zipdeploy\extracted\latest\appsettings.Development.json ..." date="2026-01-18T22:32:23.941" /><!-- duration: 0ms -->
          <step title="Extracting to C:\local\Temp\zipdeploy\extracted\latest\appsettings.json ..." date="2026-01-18T22:32:23.941" /><!-- duration: 0ms -->
          <step title="Extracting to C:\local\Temp\zipdeploy\extracted\latest\Azure.Communication.Email.dll ..." date="2026-01-18T22:32:23.941" /><!-- duration: 0ms -->
          <step title="Extracting to C:\local\Temp\zipdeploy\extracted\latest\Azure.Core.dll ..." date="2026-01-18T22:32:23.941" /><!-- duration: 16ms -->
          <step title="Extracting to C:\local\Temp\zipdeploy\extracted\latest\Google.Apis.Auth.dll ..." date="2026-01-18T22:32:23.957" /><!-- duration: 0ms -->
          <step title="Omitting extracting file traces ..." date="2026-01-18T22:32:23.957" /><!-- duration: 16ms -->
        </step><!-- duration: 500ms -->
      </step><!-- duration: 500ms -->
      <step title="None repository commit" date="2026-01-18T22:32:24.426" >
        <step title="Commit id: 2fdef48d63af4dba9abc00081c561399" date="2026-01-18T22:32:24.426" Message="OneDeploy" AuthorName="N/A" AuthorEmail="N/A" /><!-- duration: 0ms -->
      </step><!-- duration: 0ms -->
      <step title="Before sending BuildRequestReceived status to /api/updatedeploystatus" date="2026-01-18T22:32:24.426" /><!-- duration: 0ms -->
      <step title="DeploymentManager.Deploy(id:2fdef48d63af4dba9abc00081c561399)" date="2026-01-18T22:32:24.441" >
        <step title="Collecting changeset information" date="2026-01-18T22:32:24.441" /><!-- duration: 16ms -->
        <step title="Updating submodules" date="2026-01-18T22:32:24.457" >
          <step title="Updating submodules." date="2026-01-18T22:32:24.472" /><!-- duration: 0ms -->
        </step><!-- duration: 16ms -->
        <step title="Preparing deployment for commit id &apos;2fdef48d63&apos;." date="2026-01-18T22:32:24.488" /><!-- duration: 0ms -->
        <step title="Determining deployment builder" date="2026-01-18T22:32:24.504" >
          <step title="Builder is OneDeployBuilder" date="2026-01-18T22:32:24.504" /><!-- duration: 0ms -->
        </step><!-- duration: 0ms -->
        <step title="Copying SSH keys" date="2026-01-18T22:32:24.504" /><!-- duration: 16ms -->
        <step title="Building" date="2026-01-18T22:32:24.519" >
          <step title="Running build. Project type: OneDeploy" date="2026-01-18T22:32:24.535" /><!-- duration: 0ms -->
          <step title="Copying the manifest" date="2026-01-18T22:32:24.551" /><!-- duration: 0ms -->
          <step title="Clean deploying to C:\home\site\wwwroot" date="2026-01-18T22:32:24.566" /><!-- duration: 0ms -->
          <step title="Generating deployment script." date="2026-01-18T22:32:24.582" /><!-- duration: 0ms -->
          <step title="Generating deployment script" date="2026-01-18T22:32:24.582" >
            <step title="Using cached version of the deployment script for command: -y --no-dot-deployment -r &quot;C:\local\Temp\zipdeploy\extracted&quot; -o &quot;C:\home\site\deployments\tools&quot; --basic --sitePath &quot;C:\local\Temp\zipdeploy\extracted&quot;" date="2026-01-18T22:32:24.597" /><!-- duration: 0ms -->
            <step title="Using cached version of deployment script (command: &apos;azure -y --no-dot-deployment -r &quot;C:\local\Temp\zipdeploy\extracted&quot; -o &quot;C:\home\site\deployments\tools&quot; --basic --sitePath &quot;C:\local\Temp\zipdeploy\extracted&quot;&apos;)." date="2026-01-18T22:32:24.613" /><!-- duration: 0ms -->
          </step><!-- duration: 47ms -->
          <step title="Running deployment command..." date="2026-01-18T22:32:24.629" /><!-- duration: 0ms -->
          <step title="Command: &quot;C:\home\site\deployments\tools\deploy.cmd&quot;" date="2026-01-18T22:32:24.644" /><!-- duration: 0ms -->
          <step title="Executing external process" date="2026-01-18T22:32:24.644" type="process" path="starter.cmd" arguments="&quot;C:\home\site\deployments\tools\deploy.cmd&quot;" >
            <step title="Handling Basic Web Site deployment." date="2026-01-18T22:32:24.754" /><!-- duration: 0ms -->
            <step title="Creating app_offline.htm" date="2026-01-18T22:32:24.879" /><!-- duration: 0ms -->
            <step title="KuduSync.NET from: &apos;C:\local\Temp\zipdeploy\extracted&apos; to: &apos;C:\home\site\wwwroot&apos;" date="2026-01-18T22:32:24.879" /><!-- duration: 0ms -->
            <step title="Deleting app_offline.htm" date="2026-01-18T22:32:24.894" /><!-- duration: 0ms -->
            <step title="Finished successfully." date="2026-01-18T22:32:24.894" /><!-- duration: 0ms -->
          </step><!-- duration: 266ms -->
          <step title="Build completed succesfully." date="2026-01-18T22:32:24.910" /><!-- duration: 16ms -->
          <step title="Running post deployment command(s)..." date="2026-01-18T22:32:24.926" /><!-- duration: 16ms -->
          <step title="Requesting site restart" date="2026-01-18T22:32:24.941" /><!-- duration: 16ms -->
          <step title="Requesting site restart" date="2026-01-18T22:32:24.957" /><!-- duration: 0ms -->
          <step title="Requesting site restart. Attempt #1" date="2026-01-18T22:32:24.972" /><!-- duration: 0ms -->
          <step title="Requesting site restart. Attempt #1" date="2026-01-18T22:32:24.972" /><!-- duration: 0ms -->
          <step title="Successfully requested a restart. Attempt #1" date="2026-01-18T22:32:25.051" /><!-- duration: 0ms -->
          <step title="Successfully requested a restart. Attempt #1" date="2026-01-18T22:32:25.066" /><!-- duration: 0ms -->
          <step title="Deployment successful. DEPLOYMENTINFO: deploymentPath = OneDeploy, deployer = OneDeploy, os = windows, sku = Free, siteName = gofetch-api, siteHostName = gofetch-api-adcnhwbqcsdsb0h3.germanywestcentral-01.azurewebsites.net, deploymentStatus = Success" date="2026-01-18T22:32:25.082" /><!-- duration: 0ms -->
          <step title="Purge deployment items" date="2026-01-18T22:32:25.113" >
            <step title="Remove ef1581eaf, Success, received at 1/18/2026 9:12:53 PM" date="2026-01-18T22:32:25.144" /><!-- duration: 0ms -->
          </step><!-- duration: 31ms -->
        </step><!-- duration: 625ms -->
      </step><!-- duration: 703ms -->
      <step title="Cleaning up temp files" date="2026-01-18T22:32:25.144" /><!-- duration: 0ms -->
      <step title="Skip function trigger and logicapp sync because function is not enabled." date="2026-01-18T22:32:25.160" /><!-- duration: 0ms -->
    </step><!-- duration: 1281ms -->
    <step title="LockFile &apos;C:\home\site\locks\deployments.lock&apos; released" date="2026-01-18T22:32:25.176" /><!-- duration: 0ms -->
    <step title="Deleting shutdown sentinel file" date="2026-01-18T22:32:25.176" SemaphoreCount="8" /><!-- duration: 0ms -->
  </step><!-- duration: 2719ms -->
  <step title="Outgoing response" date="2026-01-18T22:32:25.176" type="response" statusCode="200" statusText="OK" Server="Microsoft-IIS/10.0" x-ms-request-id="8c45d226-f4bd-11f0-8c97-d4a9ab8009b2" Cache-Control="private" X-AspNet-Version="4.0.30319" /><!-- duration: 0ms -->
</step><!-- duration: 2734ms -->
