<step title="Incoming Request" date="2026-01-23T17:05:06.248" instance="79e06d" url="/api/publish?type=zip" method="POST" type="request" pid="17936,2,89" Cache-Control="no-cache" Content-Length="6138156" Content-Type="application/octet-stream" Accept="*/*" Accept-Encoding="gzip, deflate" Authorization="Bea..." Host="gofetch-api-adcnhwbqcsdsb0h3.scm.germanywestcentral-01.azurewebsites.net" User-Agent="AZURECLI/2.79.0 (MSI)" x-ms-client-request-id="a6d74c5b-f87d-11f0-905b-8a09bd1642c0" X-ARR-LOG-ID="a6d74c5b-f87d-11f0-905b-8a09bd1642c0" CLIENT-IP="83.139.66.94:49181" X-SITE-DEPLOYMENT-ID="gofetch-api" WAS-DEFAULT-HOSTNAME="gofetch-api-adcnhwbqcsdsb0h3.scm.germanywestcentral-01.azurewebsites.net" X-Forwarded-Proto="https" X-AppService-Proto="https" X-Forwarded-TlsVersion="1.3" X-WAWS-Unencoded-URL="/api/publish?type=zip" >
  <step title="Cleanup Xml Logs" date="2026-01-23T17:05:06.248" /><!-- duration: 0ms -->
  <step title="OneDeploy" date="2026-01-23T17:05:06.264" >
    <step title="Starting PushDeployAsync" date="2026-01-23T17:05:06.264" /><!-- duration: 0ms -->
    <step title="Updating shutdown sentinel last write time" date="2026-01-23T17:05:06.280" SemaphoreCount="7" /><!-- duration: 0ms -->
    <step title="LockFile &apos;C:\home\site\locks\deployments.lock&apos; acquired" date="2026-01-23T17:05:06.280" /><!-- duration: 0ms -->
    <step title="Saving request content to C:\local\Temp\zipdeploy\bt2fp04m.zip" date="2026-01-23T17:05:06.295" >
      <step title="Total 6,138,156 bytes written to C:\local\Temp\zipdeploy\bt2fp04m.zip" date="2026-01-23T17:05:06.373" /><!-- duration: 0ms -->
    </step><!-- duration: 78ms -->
    <step title="LockFile &apos;C:\home\site\locks\deployments.lock&apos; released" date="2026-01-23T17:05:06.373" /><!-- duration: 0ms -->
    <step title="Deleting shutdown sentinel file" date="2026-01-23T17:05:06.373" SemaphoreCount="8" /><!-- duration: 16ms -->
    <step title="Starting FetchDeploy" date="2026-01-23T17:05:06.389" /><!-- duration: 0ms -->
    <step title="Attempting to fetch target branch HEAD" date="2026-01-23T17:05:06.389" /><!-- duration: 0ms -->
    <step title="Updating shutdown sentinel last write time" date="2026-01-23T17:05:06.389" SemaphoreCount="7" /><!-- duration: 0ms -->
    <step title="LockFile &apos;C:\home\site\locks\deployments.lock&apos; acquired" date="2026-01-23T17:05:06.389" /><!-- duration: 0ms -->
    <step title="Performing fetch based deployment" date="2026-01-23T17:05:06.405" >
      <step title="Creating temporary deployment" date="2026-01-23T17:05:06.405" /><!-- duration: 0ms -->
      <step title="Fetching changes." date="2026-01-23T17:05:06.420" /><!-- duration: 0ms -->
      <step title="Starting LocalZipHandler" date="2026-01-23T17:05:06.420" /><!-- duration: 0ms -->
      <step title="Starting LocalZipFetch" date="2026-01-23T17:05:06.420" /><!-- duration: 16ms -->
      <step title="Cleaning up temp folders from previous zip deployments and extracting pushed zip file C:\local\Temp\zipdeploy\bt2fp04m.zip (5.85 MB) to C:\local\Temp\zipdeploy\extracted" date="2026-01-23T17:05:06.436" /><!-- duration: 0ms -->
      <step title="Cleaning up temp folders from previous zip deployments and extracting pushed zip file C:\local\Temp\zipdeploy\bt2fp04m.zip (5.85 MB) to C:\local\Temp\zipdeploy\extracted" date="2026-01-23T17:05:06.436" >
        <step title="Renaming extractTargetDirectory(C:\local\Temp\zipdeploy\extracted) to tempDirectory(C:\local\Temp\zipdeploy\hacusdsp.bai)" date="2026-01-23T17:05:06.436" /><!-- duration: 0ms -->
        <step title="Extracting 164 entries to C:\local\Temp\zipdeploy\extracted directory" date="2026-01-23T17:05:06.436" >
          <step title="Extracting to C:\local\Temp\zipdeploy\extracted\publish\appsettings.Development.json ..." date="2026-01-23T17:05:06.452" /><!-- duration: 0ms -->
          <step title="Extracting to C:\local\Temp\zipdeploy\extracted\publish\appsettings.json ..." date="2026-01-23T17:05:06.452" /><!-- duration: 0ms -->
          <step title="Extracting to C:\local\Temp\zipdeploy\extracted\publish\PawPal.Api.deps.json ..." date="2026-01-23T17:05:06.452" /><!-- duration: 0ms -->
          <step title="Extracting to C:\local\Temp\zipdeploy\extracted\publish\PawPal.Api.runtimeconfig.json ..." date="2026-01-23T17:05:06.452" /><!-- duration: 16ms -->
          <step title="Extracting to C:\local\Temp\zipdeploy\extracted\publish\PawPal.Api.staticwebassets.endpoints.json ..." date="2026-01-23T17:05:06.467" /><!-- duration: 0ms -->
          <step title="Omitting extracting file traces ..." date="2026-01-23T17:05:06.467" /><!-- duration: 0ms -->
          <step title="Extracting to C:\local\Temp\zipdeploy\extracted\System.Reactive.dll ..." date="2026-01-23T17:05:06.717" /><!-- duration: 16ms -->
          <step title="Extracting to C:\local\Temp\zipdeploy\extracted\web.config ..." date="2026-01-23T17:05:06.733" /><!-- duration: 0ms -->
          <step title="Extracting to C:\local\Temp\zipdeploy\extracted\Websocket.Client.dll ..." date="2026-01-23T17:05:06.733" /><!-- duration: 0ms -->
        </step><!-- duration: 313ms -->
      </step><!-- duration: 313ms -->
      <step title="None repository commit" date="2026-01-23T17:05:06.748" >
        <step title="Commit id: f8618479f6cc4d32aff6f6ace05eed9e" date="2026-01-23T17:05:06.748" Message="OneDeploy" AuthorName="N/A" AuthorEmail="N/A" /><!-- duration: 0ms -->
      </step><!-- duration: 0ms -->
      <step title="Before sending BuildRequestReceived status to /api/updatedeploystatus" date="2026-01-23T17:05:06.748" /><!-- duration: 0ms -->
      <step title="DeploymentManager.Deploy(id:f8618479f6cc4d32aff6f6ace05eed9e)" date="2026-01-23T17:05:06.748" >
        <step title="Collecting changeset information" date="2026-01-23T17:05:06.748" /><!-- duration: 16ms -->
        <step title="Updating submodules" date="2026-01-23T17:05:06.764" >
          <step title="Updating submodules." date="2026-01-23T17:05:06.780" /><!-- duration: 0ms -->
        </step><!-- duration: 31ms -->
        <step title="Preparing deployment for commit id &apos;f8618479f6&apos;." date="2026-01-23T17:05:06.795" /><!-- duration: 0ms -->
        <step title="Determining deployment builder" date="2026-01-23T17:05:06.811" >
          <step title="Builder is OneDeployBuilder" date="2026-01-23T17:05:06.811" /><!-- duration: 0ms -->
        </step><!-- duration: 16ms -->
        <step title="Copying SSH keys" date="2026-01-23T17:05:06.827" /><!-- duration: 0ms -->
        <step title="Building" date="2026-01-23T17:05:06.827" >
          <step title="Running build. Project type: OneDeploy" date="2026-01-23T17:05:06.842" /><!-- duration: 0ms -->
          <step title="Copying the manifest" date="2026-01-23T17:05:06.858" /><!-- duration: 0ms -->
          <step title="Clean deploying to C:\home\site\wwwroot" date="2026-01-23T17:05:06.905" /><!-- duration: 0ms -->
          <step title="Generating deployment script." date="2026-01-23T17:05:06.920" /><!-- duration: 0ms -->
          <step title="Generating deployment script" date="2026-01-23T17:05:06.920" >
            <step title="Using cached version of the deployment script for command: -y --no-dot-deployment -r &quot;C:\local\Temp\zipdeploy\extracted&quot; -o &quot;C:\home\site\deployments\tools&quot; --basic --sitePath &quot;C:\local\Temp\zipdeploy\extracted&quot;" date="2026-01-23T17:05:06.936" /><!-- duration: 0ms -->
            <step title="Using cached version of deployment script (command: &apos;azure -y --no-dot-deployment -r &quot;C:\local\Temp\zipdeploy\extracted&quot; -o &quot;C:\home\site\deployments\tools&quot; --basic --sitePath &quot;C:\local\Temp\zipdeploy\extracted&quot;&apos;)." date="2026-01-23T17:05:06.936" /><!-- duration: 0ms -->
          </step><!-- duration: 31ms -->
          <step title="Running deployment command..." date="2026-01-23T17:05:06.967" /><!-- duration: 0ms -->
          <step title="Command: &quot;C:\home\site\deployments\tools\deploy.cmd&quot;" date="2026-01-23T17:05:06.967" /><!-- duration: 0ms -->
          <step title="Executing external process" date="2026-01-23T17:05:06.983" type="process" path="starter.cmd" arguments="&quot;C:\home\site\deployments\tools\deploy.cmd&quot;" >
            <step title="Handling Basic Web Site deployment." date="2026-01-23T17:05:07.077" /><!-- duration: 16ms -->
            <step title="Creating app_offline.htm" date="2026-01-23T17:05:07.217" /><!-- duration: 0ms -->
            <step title="KuduSync.NET from: &apos;C:\local\Temp\zipdeploy\extracted&apos; to: &apos;C:\home\site\wwwroot&apos;" date="2026-01-23T17:05:07.217" /><!-- duration: 0ms -->
            <step title="Copying file: &apos;publish\publish\publish\appsettings.Development.json&apos;" date="2026-01-23T17:05:07.233" /><!-- duration: 0ms -->
            <step title="Copying file: &apos;publish\publish\publish\publish\appsettings.json&apos;" date="2026-01-23T17:05:07.233" /><!-- duration: 0ms -->
            <step title="Copying file: &apos;publish\publish\publish\publish\publish\publish\appsettings.Development.json&apos;" date="2026-01-23T17:05:07.248" /><!-- duration: 0ms -->
            <step title="Copying file: &apos;publish\publish\publish\publish\publish\publish\appsettings.json&apos;" date="2026-01-23T17:05:07.248" /><!-- duration: 0ms -->
            <step title="Copying file: &apos;publish\publish\publish\publish\publish\publish\PawPal.Api.deps.json&apos;" date="2026-01-23T17:05:07.295" /><!-- duration: 0ms -->
            <step title="Copying file: &apos;publish\publish\publish\publish\publish\publish\PawPal.Api.runtimeconfig.json&apos;" date="2026-01-23T17:05:07.295" /><!-- duration: 0ms -->
            <step title="Copying file: &apos;publish\publish\publish\publish\publish\publish\publish\publish\publish\appsettings.json&apos;" date="2026-01-23T17:05:07.327" /><!-- duration: 16ms -->
            <step title="Copying file: &apos;publish\publish\publish\publish\publish\publish\publish\publish\publish\PawPal.Api.deps.json&apos;" date="2026-01-23T17:05:07.342" /><!-- duration: 0ms -->
            <step title="Copying file: &apos;publish\publish\publish\publish\publish\publish\publish\publish\publish\PawPal.Api.runtimeconfig.json&apos;" date="2026-01-23T17:05:07.358" /><!-- duration: 0ms -->
            <step title="Copying file: &apos;publish\publish\publish\publish\publish\publish\publish\publish\publish\publish\publish\appsettings.Development.json&apos;" date="2026-01-23T17:05:07.358" /><!-- duration: 0ms -->
            <step title="Copying file: &apos;publish\publish\publish\publish\publish\publish\publish\publish\publish\publish\publish\appsettings.json&apos;" date="2026-01-23T17:05:07.358" /><!-- duration: 0ms -->
            <step title="Copying file: &apos;publish\publish\publish\publish\publish\publish\publish\publish\publish\publish\publish\PawPal.Api.deps.json&apos;" date="2026-01-23T17:05:07.373" /><!-- duration: 0ms -->
            <step title="Copying file: &apos;publish\publish\publish\publish\publish\publish\publish\publish\publish\publish\publish\PawPal.Api.runtimeconfig.json&apos;" date="2026-01-23T17:05:07.373" /><!-- duration: 0ms -->
            <step title="Copying file: &apos;publish\publish\publish\publish\publish\publish\publish\publish\publish\publish\publish\PawPal.Api.staticwebassets.endpoints.json&apos;" date="2026-01-23T17:05:07.373" /><!-- duration: 0ms -->
            <step title="Copying file: &apos;publish\publish\publish\publish\publish\publish\publish\publish\publish\publish\publish\publish\publish\publish\publish\appsettings.json&apos;" date="2026-01-23T17:05:07.389" /><!-- duration: 0ms -->
            <step title="Copying file: &apos;publish\publish\publish\publish\publish\publish\publish\publish\publish\publish\publish\publish\publish\publish\publish\PawPal.Api.deps.json&apos;" date="2026-01-23T17:05:07.389" /><!-- duration: 0ms -->
            <step title="Copying file: &apos;publish\publish\publish\publish\publish\publish\publish\publish\publish\publish\publish\publish\publish\publish\publish\publish\publish\appsettings.Development.json&apos;" date="2026-01-23T17:05:07.389" /><!-- duration: 16ms -->
            <step title="Copying file: &apos;publish\publish\publish\publish\publish\publish\publish\publish\publish\publish\publish\publish\publish\publish\publish\publish\publish\appsettings.json&apos;" date="2026-01-23T17:05:07.405" /><!-- duration: 0ms -->
            <step title="Copying file: &apos;publish\publish\publish\publish\publish\publish\publish\publish\publish\publish\publish\publish\publish\publish\publish\publish\publish\PawPal.Api.deps.json&apos;" date="2026-01-23T17:05:07.405" /><!-- duration: 0ms -->
            <step title="Copying file: &apos;publish\publish\publish\publish\publish\publish\publish\publish\publish\publish\publish\publish\publish\publish\publish\publish\publish\PawPal.Api.runtimeconfig.json&apos;" date="2026-01-23T17:05:07.420" /><!-- duration: 0ms -->
            <step title="Copying file: &apos;publish\publish\publish\publish\publish\publish\publish\publish\publish\publish\publish\publish\publish\publish\publish\publish\publish\PawPal.Api.staticwebassets.endpoints.json&apos;" date="2026-01-23T17:05:07.420" /><!-- duration: 0ms -->
            <step title="Copying file: &apos;publish\publish\publish\publish\publish\publish\publish\publish\publish\publish\publish\publish\publish\publish\publish\publish\publish\web.config&apos;" date="2026-01-23T17:05:07.420" /><!-- duration: 0ms -->
            <step title="Deleting app_offline.htm" date="2026-01-23T17:05:07.436" /><!-- duration: 0ms -->
            <step title="Finished successfully." date="2026-01-23T17:05:07.436" /><!-- duration: 0ms -->
          </step><!-- duration: 453ms -->
          <step title="Build completed succesfully." date="2026-01-23T17:05:07.452" /><!-- duration: 0ms -->
          <step title="Running post deployment command(s)..." date="2026-01-23T17:05:07.467" /><!-- duration: 0ms -->
          <step title="Requesting site restart" date="2026-01-23T17:05:07.483" /><!-- duration: 0ms -->
          <step title="Requesting site restart" date="2026-01-23T17:05:07.483" /><!-- duration: 0ms -->
          <step title="Requesting site restart. Attempt #1" date="2026-01-23T17:05:07.498" /><!-- duration: 16ms -->
          <step title="Requesting site restart. Attempt #1" date="2026-01-23T17:05:07.514" /><!-- duration: 0ms -->
          <step title="Successfully requested a restart. Attempt #1" date="2026-01-23T17:05:07.577" /><!-- duration: 0ms -->
          <step title="Successfully requested a restart. Attempt #1" date="2026-01-23T17:05:07.592" /><!-- duration: 0ms -->
          <step title="Deployment successful. DEPLOYMENTINFO: deploymentPath = OneDeploy, deployer = OneDeploy, os = windows, sku = Free, siteName = gofetch-api, siteHostName = gofetch-api-adcnhwbqcsdsb0h3.germanywestcentral-01.azurewebsites.net, deploymentStatus = Success" date="2026-01-23T17:05:07.608" /><!-- duration: 0ms -->
          <step title="Purge deployment items" date="2026-01-23T17:05:07.639" >
            <step title="Remove 40013b434, Success, received at 1/22/2026 3:28:50 PM" date="2026-01-23T17:05:07.655" /><!-- duration: 0ms -->
          </step><!-- duration: 16ms -->
        </step><!-- duration: 844ms -->
      </step><!-- duration: 922ms -->
      <step title="Cleaning up temp files" date="2026-01-23T17:05:07.670" /><!-- duration: 0ms -->
      <step title="Skip function trigger and logicapp sync because function is not enabled." date="2026-01-23T17:05:07.686" /><!-- duration: 0ms -->
    </step><!-- duration: 1281ms -->
    <step title="LockFile &apos;C:\home\site\locks\deployments.lock&apos; released" date="2026-01-23T17:05:07.702" /><!-- duration: 0ms -->
    <step title="Deleting shutdown sentinel file" date="2026-01-23T17:05:07.702" SemaphoreCount="8" /><!-- duration: 0ms -->
  </step><!-- duration: 1438ms -->
  <step title="Outgoing response" date="2026-01-23T17:05:07.702" type="response" statusCode="200" statusText="OK" Server="Microsoft-IIS/10.0" x-ms-request-id="a6d74c5b-f87d-11f0-905b-8a09bd1642c0" Cache-Control="private" X-AspNet-Version="4.0.30319" /><!-- duration: 0ms -->
</step><!-- duration: 1453ms -->
