<step title="Incoming Request" date="2026-01-22T15:28:49.480" instance="79e06d" url="/api/publish?type=zip" method="POST" type="request" pid="11548,2,9" Cache-Control="no-cache" Content-Length="6044112" Content-Type="application/octet-stream" Accept="*/*" Accept-Encoding="gzip, deflate" Authorization="Bea..." Host="gofetch-api-adcnhwbqcsdsb0h3.scm.germanywestcentral-01.azurewebsites.net" User-Agent="AZURECLI/2.79.0 (MSI)" x-ms-client-request-id="08b7a710-f7a7-11f0-8555-c97850b2a9d9" X-ARR-LOG-ID="08b7a710-f7a7-11f0-8555-c97850b2a9d9" CLIENT-IP="83.139.66.94:55452" X-SITE-DEPLOYMENT-ID="gofetch-api" WAS-DEFAULT-HOSTNAME="gofetch-api-adcnhwbqcsdsb0h3.scm.germanywestcentral-01.azurewebsites.net" X-Forwarded-Proto="https" X-AppService-Proto="https" X-Forwarded-TlsVersion="1.3" X-WAWS-Unencoded-URL="/api/publish?type=zip" >
  <step title="OneDeploy" date="2026-01-22T15:28:49.730" >
    <step title="Starting PushDeployAsync" date="2026-01-22T15:28:49.745" /><!-- duration: 0ms -->
    <step title="Updating shutdown sentinel last write time" date="2026-01-22T15:28:49.776" SemaphoreCount="7" /><!-- duration: 16ms -->
    <step title="LockFile &apos;C:\home\site\locks\deployments.lock&apos; acquired" date="2026-01-22T15:28:49.792" /><!-- duration: 0ms -->
    <step title="Saving request content to C:\local\Temp\zipdeploy\1kislcv2.zip" date="2026-01-22T15:28:49.792" >
      <step title="Total 6,044,112 bytes written to C:\local\Temp\zipdeploy\1kislcv2.zip" date="2026-01-22T15:28:49.839" /><!-- duration: 0ms -->
    </step><!-- duration: 47ms -->
    <step title="LockFile &apos;C:\home\site\locks\deployments.lock&apos; released" date="2026-01-22T15:28:49.839" /><!-- duration: 16ms -->
    <step title="Deleting shutdown sentinel file" date="2026-01-22T15:28:49.855" SemaphoreCount="8" /><!-- duration: 0ms -->
    <step title="Starting FetchDeploy" date="2026-01-22T15:28:49.855" /><!-- duration: 0ms -->
    <step title="Attempting to fetch target branch HEAD" date="2026-01-22T15:28:49.855" /><!-- duration: 0ms -->
    <step title="Updating shutdown sentinel last write time" date="2026-01-22T15:28:49.870" SemaphoreCount="7" /><!-- duration: 0ms -->
    <step title="LockFile &apos;C:\home\site\locks\deployments.lock&apos; acquired" date="2026-01-22T15:28:49.870" /><!-- duration: 0ms -->
    <step title="Performing fetch based deployment" date="2026-01-22T15:28:49.886" >
      <step title="Creating temporary deployment" date="2026-01-22T15:28:49.886" /><!-- duration: 31ms -->
      <step title="Fetching changes." date="2026-01-22T15:28:49.948" /><!-- duration: 0ms -->
      <step title="Starting LocalZipHandler" date="2026-01-22T15:28:49.964" /><!-- duration: 0ms -->
      <step title="Starting LocalZipFetch" date="2026-01-22T15:28:49.964" /><!-- duration: 0ms -->
      <step title="Cleaning up temp folders from previous zip deployments and extracting pushed zip file C:\local\Temp\zipdeploy\1kislcv2.zip (5.76 MB) to C:\local\Temp\zipdeploy\extracted" date="2026-01-22T15:28:49.964" /><!-- duration: 0ms -->
      <step title="Cleaning up temp folders from previous zip deployments and extracting pushed zip file C:\local\Temp\zipdeploy\1kislcv2.zip (5.76 MB) to C:\local\Temp\zipdeploy\extracted" date="2026-01-22T15:28:49.964" >
        <step title="Renaming extractTargetDirectory(C:\local\Temp\zipdeploy\extracted) to tempDirectory(C:\local\Temp\zipdeploy\pouslvke.5if)" date="2026-01-22T15:28:49.980" /><!-- duration: 0ms -->
        <step title="Extracting 134 entries to C:\local\Temp\zipdeploy\extracted directory" date="2026-01-22T15:28:49.980" >
          <step title="Extracting to C:\local\Temp\zipdeploy\extracted\publish\appsettings.Development.json ..." date="2026-01-22T15:28:49.995" /><!-- duration: 0ms -->
          <step title="Extracting to C:\local\Temp\zipdeploy\extracted\publish\appsettings.json ..." date="2026-01-22T15:28:49.995" /><!-- duration: 16ms -->
          <step title="Extracting to C:\local\Temp\zipdeploy\extracted\publish\PawPal.Api.deps.json ..." date="2026-01-22T15:28:50.011" /><!-- duration: 0ms -->
          <step title="Extracting to C:\local\Temp\zipdeploy\extracted\publish\PawPal.Api.runtimeconfig.json ..." date="2026-01-22T15:28:50.011" /><!-- duration: 0ms -->
          <step title="Extracting to C:\local\Temp\zipdeploy\extracted\publish\PawPal.Api.staticwebassets.endpoints.json ..." date="2026-01-22T15:28:50.011" /><!-- duration: 0ms -->
          <step title="Omitting extracting file traces ..." date="2026-01-22T15:28:50.011" /><!-- duration: 16ms -->
          <step title="Extracting to C:\local\Temp\zipdeploy\extracted\System.Reactive.dll ..." date="2026-01-22T15:28:50.245" /><!-- duration: 16ms -->
          <step title="Extracting to C:\local\Temp\zipdeploy\extracted\web.config ..." date="2026-01-22T15:28:50.276" /><!-- duration: 0ms -->
          <step title="Extracting to C:\local\Temp\zipdeploy\extracted\Websocket.Client.dll ..." date="2026-01-22T15:28:50.276" /><!-- duration: 0ms -->
        </step><!-- duration: 313ms -->
      </step><!-- duration: 328ms -->
      <step title="None repository commit" date="2026-01-22T15:28:50.292" >
        <step title="Commit id: 40013b434b474aa9a45101eac3ed8f02" date="2026-01-22T15:28:50.292" Message="OneDeploy" AuthorName="N/A" AuthorEmail="N/A" /><!-- duration: 0ms -->
      </step><!-- duration: 0ms -->
      <step title="Before sending BuildRequestReceived status to /api/updatedeploystatus" date="2026-01-22T15:28:50.292" /><!-- duration: 0ms -->
      <step title="DeploymentManager.Deploy(id:40013b434b474aa9a45101eac3ed8f02)" date="2026-01-22T15:28:50.308" >
        <step title="Collecting changeset information" date="2026-01-22T15:28:50.308" /><!-- duration: 16ms -->
        <step title="Updating submodules" date="2026-01-22T15:28:50.323" >
          <step title="Updating submodules." date="2026-01-22T15:28:50.339" /><!-- duration: 0ms -->
        </step><!-- duration: 16ms -->
        <step title="Preparing deployment for commit id &apos;40013b434b&apos;." date="2026-01-22T15:28:50.355" /><!-- duration: 0ms -->
        <step title="Determining deployment builder" date="2026-01-22T15:28:50.370" >
          <step title="Builder is OneDeployBuilder" date="2026-01-22T15:28:50.370" /><!-- duration: 0ms -->
        </step><!-- duration: 0ms -->
        <step title="Copying SSH keys" date="2026-01-22T15:28:50.401" /><!-- duration: 0ms -->
        <step title="Building" date="2026-01-22T15:28:50.401" >
          <step title="Running build. Project type: OneDeploy" date="2026-01-22T15:28:50.417" /><!-- duration: 0ms -->
          <step title="Copying the manifest" date="2026-01-22T15:28:50.433" /><!-- duration: 0ms -->
          <step title="Clean deploying to C:\home\site\wwwroot" date="2026-01-22T15:28:50.464" /><!-- duration: 0ms -->
          <step title="Generating deployment script." date="2026-01-22T15:28:50.480" /><!-- duration: 0ms -->
          <step title="Generating deployment script" date="2026-01-22T15:28:50.495" >
            <step title="Using cached version of the deployment script for command: -y --no-dot-deployment -r &quot;C:\local\Temp\zipdeploy\extracted&quot; -o &quot;C:\home\site\deployments\tools&quot; --basic --sitePath &quot;C:\local\Temp\zipdeploy\extracted&quot;" date="2026-01-22T15:28:50.526" /><!-- duration: 0ms -->
            <step title="Using cached version of deployment script (command: &apos;azure -y --no-dot-deployment -r &quot;C:\local\Temp\zipdeploy\extracted&quot; -o &quot;C:\home\site\deployments\tools&quot; --basic --sitePath &quot;C:\local\Temp\zipdeploy\extracted&quot;&apos;)." date="2026-01-22T15:28:50.542" /><!-- duration: 0ms -->
          </step><!-- duration: 62ms -->
          <step title="Running deployment command..." date="2026-01-22T15:28:50.573" /><!-- duration: 0ms -->
          <step title="Command: &quot;C:\home\site\deployments\tools\deploy.cmd&quot;" date="2026-01-22T15:28:50.573" /><!-- duration: 0ms -->
          <step title="Executing external process" date="2026-01-22T15:28:50.589" type="process" path="starter.cmd" arguments="&quot;C:\home\site\deployments\tools\deploy.cmd&quot;" >
            <step title="Handling Basic Web Site deployment." date="2026-01-22T15:28:50.698" /><!-- duration: 0ms -->
            <step title="Creating app_offline.htm" date="2026-01-22T15:28:50.886" /><!-- duration: 0ms -->
            <step title="KuduSync.NET from: &apos;C:\local\Temp\zipdeploy\extracted&apos; to: &apos;C:\home\site\wwwroot&apos;" date="2026-01-22T15:28:50.886" /><!-- duration: 0ms -->
            <step title="Copying file: &apos;PawPal.Api.dll&apos;" date="2026-01-22T15:28:50.901" /><!-- duration: 0ms -->
            <step title="Copying file: &apos;PawPal.Api.exe&apos;" date="2026-01-22T15:28:50.901" /><!-- duration: 0ms -->
            <step title="Copying file: &apos;PawPal.Api.pdb&apos;" date="2026-01-22T15:28:50.901" /><!-- duration: 0ms -->
            <step title="Copying file: &apos;publish\appsettings.Development.json&apos;" date="2026-01-22T15:28:50.917" /><!-- duration: 0ms -->
            <step title="Copying file: &apos;publish\appsettings.json&apos;" date="2026-01-22T15:28:50.917" /><!-- duration: 0ms -->
            <step title="Copying file: &apos;publish\PawPal.Api.deps.json&apos;" date="2026-01-22T15:28:50.917" /><!-- duration: 0ms -->
            <step title="Copying file: &apos;publish\PawPal.Api.runtimeconfig.json&apos;" date="2026-01-22T15:28:50.933" /><!-- duration: 0ms -->
            <step title="Copying file: &apos;publish\publish\publish\publish\appsettings.json&apos;" date="2026-01-22T15:28:50.933" /><!-- duration: 0ms -->
            <step title="Copying file: &apos;publish\publish\publish\publish\PawPal.Api.deps.json&apos;" date="2026-01-22T15:28:50.948" /><!-- duration: 0ms -->
            <step title="Copying file: &apos;publish\publish\publish\publish\PawPal.Api.runtimeconfig.json&apos;" date="2026-01-22T15:28:50.948" /><!-- duration: 0ms -->
            <step title="Copying file: &apos;publish\publish\publish\publish\publish\publish\appsettings.Development.json&apos;" date="2026-01-22T15:28:50.964" /><!-- duration: 0ms -->
            <step title="Copying file: &apos;publish\publish\publish\publish\publish\publish\appsettings.json&apos;" date="2026-01-22T15:28:50.964" /><!-- duration: 0ms -->
            <step title="Copying file: &apos;publish\publish\publish\publish\publish\publish\PawPal.Api.deps.json&apos;" date="2026-01-22T15:28:50.964" /><!-- duration: 0ms -->
            <step title="Copying file: &apos;publish\publish\publish\publish\publish\publish\PawPal.Api.runtimeconfig.json&apos;" date="2026-01-22T15:28:50.980" /><!-- duration: 0ms -->
            <step title="Copying file: &apos;publish\publish\publish\publish\publish\publish\PawPal.Api.staticwebassets.endpoints.json&apos;" date="2026-01-22T15:28:50.980" /><!-- duration: 0ms -->
            <step title="Copying file: &apos;publish\publish\publish\publish\publish\publish\publish\publish\publish\publish\appsettings.json&apos;" date="2026-01-22T15:28:50.980" /><!-- duration: 0ms -->
            <step title="Copying file: &apos;publish\publish\publish\publish\publish\publish\publish\publish\publish\publish\PawPal.Api.deps.json&apos;" date="2026-01-22T15:28:50.995" /><!-- duration: 0ms -->
            <step title="Copying file: &apos;publish\publish\publish\publish\publish\publish\publish\publish\publish\publish\publish\publish\appsettings.Development.json&apos;" date="2026-01-22T15:28:50.995" /><!-- duration: 0ms -->
            <step title="Copying file: &apos;publish\publish\publish\publish\publish\publish\publish\publish\publish\publish\publish\publish\appsettings.json&apos;" date="2026-01-22T15:28:50.995" /><!-- duration: 0ms -->
            <step title="Copying file: &apos;publish\publish\publish\publish\publish\publish\publish\publish\publish\publish\publish\publish\PawPal.Api.deps.json&apos;" date="2026-01-22T15:28:51.011" /><!-- duration: 0ms -->
            <step title="Copying file: &apos;publish\publish\publish\publish\publish\publish\publish\publish\publish\publish\publish\publish\PawPal.Api.runtimeconfig.json&apos;" date="2026-01-22T15:28:51.011" /><!-- duration: 0ms -->
            <step title="Copying file: &apos;publish\publish\publish\publish\publish\publish\publish\publish\publish\publish\publish\publish\PawPal.Api.staticwebassets.endpoints.json&apos;" date="2026-01-22T15:28:51.011" /><!-- duration: 16ms -->
            <step title="Copying file: &apos;publish\publish\publish\publish\publish\publish\publish\publish\publish\publish\publish\publish\web.config&apos;" date="2026-01-22T15:28:53.323" /><!-- duration: 0ms -->
            <step title="Deleting app_offline.htm" date="2026-01-22T15:28:53.323" /><!-- duration: 0ms -->
            <step title="Finished successfully." date="2026-01-22T15:28:53.339" /><!-- duration: 0ms -->
          </step><!-- duration: 2750ms -->
          <step title="Build completed succesfully." date="2026-01-22T15:28:53.355" /><!-- duration: 0ms -->
          <step title="Running post deployment command(s)..." date="2026-01-22T15:28:53.370" /><!-- duration: 0ms -->
          <step title="Requesting site restart" date="2026-01-22T15:28:53.401" /><!-- duration: 0ms -->
          <step title="Requesting site restart" date="2026-01-22T15:28:53.401" /><!-- duration: 0ms -->
          <step title="Requesting site restart. Attempt #1" date="2026-01-22T15:28:53.417" /><!-- duration: 0ms -->
          <step title="Requesting site restart. Attempt #1" date="2026-01-22T15:28:53.417" /><!-- duration: 16ms -->
          <step title="Successfully requested a restart. Attempt #1" date="2026-01-22T15:28:53.745" /><!-- duration: 0ms -->
          <step title="Successfully requested a restart. Attempt #1" date="2026-01-22T15:28:53.745" /><!-- duration: 0ms -->
          <step title="Deployment successful. DEPLOYMENTINFO: deploymentPath = OneDeploy, deployer = OneDeploy, os = windows, sku = Free, siteName = gofetch-api, siteHostName = gofetch-api-adcnhwbqcsdsb0h3.germanywestcentral-01.azurewebsites.net, deploymentStatus = Success" date="2026-01-22T15:28:53.761" /><!-- duration: 0ms -->
          <step title="Purge deployment items" date="2026-01-22T15:28:53.823" >
            <step title="Remove 038471630, Success, received at 1/18/2026 10:08:54 PM" date="2026-01-22T15:28:53.839" /><!-- duration: 0ms -->
          </step><!-- duration: 31ms -->
        </step><!-- duration: 3453ms -->
      </step><!-- duration: 3563ms -->
      <step title="Cleaning up temp files" date="2026-01-22T15:28:53.870" /><!-- duration: 0ms -->
      <step title="Skip function trigger and logicapp sync because function is not enabled." date="2026-01-22T15:28:53.870" /><!-- duration: 0ms -->
    </step><!-- duration: 4000ms -->
    <step title="LockFile &apos;C:\home\site\locks\deployments.lock&apos; released" date="2026-01-22T15:28:53.886" /><!-- duration: 0ms -->
    <step title="Deleting shutdown sentinel file" date="2026-01-22T15:28:53.886" SemaphoreCount="8" /><!-- duration: 16ms -->
  </step><!-- duration: 4172ms -->
  <step title="Outgoing response" date="2026-01-22T15:28:53.917" type="response" statusCode="200" statusText="OK" Server="Microsoft-IIS/10.0" x-ms-request-id="08b7a710-f7a7-11f0-8555-c97850b2a9d9" Cache-Control="private" X-AspNet-Version="4.0.30319" /><!-- duration: 16ms -->
</step><!-- duration: 4453ms -->
