<step title="Incoming Request" date="2026-01-23T15:49:51.110" instance="79e06d" url="/api/publish?type=zip" method="POST" type="request" pid="2656,2,12" Cache-Control="no-cache" Content-Length="6103098" Content-Type="application/octet-stream" Accept="*/*" Accept-Encoding="gzip, deflate" Authorization="Bea..." Host="gofetch-api-adcnhwbqcsdsb0h3.scm.germanywestcentral-01.azurewebsites.net" User-Agent="AZURECLI/2.79.0 (MSI)" x-ms-client-request-id="232b9176-f873-11f0-b91b-8a09bd1642c0" X-ARR-LOG-ID="232b9176-f873-11f0-b91b-8a09bd1642c0" CLIENT-IP="83.139.66.94:61213" X-SITE-DEPLOYMENT-ID="gofetch-api" WAS-DEFAULT-HOSTNAME="gofetch-api-adcnhwbqcsdsb0h3.scm.germanywestcentral-01.azurewebsites.net" X-Forwarded-Proto="https" X-AppService-Proto="https" X-Forwarded-TlsVersion="1.3" X-WAWS-Unencoded-URL="/api/publish?type=zip" >
  <step title="Cleanup Xml Logs" date="2026-01-23T15:49:51.126" /><!-- duration: 0ms -->
  <step title="OneDeploy" date="2026-01-23T15:49:51.157" >
    <step title="Starting PushDeployAsync" date="2026-01-23T15:49:51.157" /><!-- duration: 16ms -->
    <step title="Updating shutdown sentinel last write time" date="2026-01-23T15:49:51.188" SemaphoreCount="7" /><!-- duration: 0ms -->
    <step title="LockFile &apos;C:\home\site\locks\deployments.lock&apos; acquired" date="2026-01-23T15:49:51.204" /><!-- duration: 0ms -->
    <step title="Saving request content to C:\local\Temp\zipdeploy\lp14vlyg.zip" date="2026-01-23T15:49:51.204" >
      <step title="Total 6,103,098 bytes written to C:\local\Temp\zipdeploy\lp14vlyg.zip" date="2026-01-23T15:49:51.251" /><!-- duration: 0ms -->
    </step><!-- duration: 47ms -->
    <step title="LockFile &apos;C:\home\site\locks\deployments.lock&apos; released" date="2026-01-23T15:49:51.251" /><!-- duration: 0ms -->
    <step title="Deleting shutdown sentinel file" date="2026-01-23T15:49:51.266" SemaphoreCount="8" /><!-- duration: 0ms -->
    <step title="Starting FetchDeploy" date="2026-01-23T15:49:51.266" /><!-- duration: 0ms -->
    <step title="Attempting to fetch target branch HEAD" date="2026-01-23T15:49:51.266" /><!-- duration: 0ms -->
    <step title="Updating shutdown sentinel last write time" date="2026-01-23T15:49:51.266" SemaphoreCount="7" /><!-- duration: 16ms -->
    <step title="LockFile &apos;C:\home\site\locks\deployments.lock&apos; acquired" date="2026-01-23T15:49:51.282" /><!-- duration: 0ms -->
    <step title="Performing fetch based deployment" date="2026-01-23T15:49:51.282" >
      <step title="Creating temporary deployment" date="2026-01-23T15:49:51.298" /><!-- duration: 16ms -->
      <step title="Fetching changes." date="2026-01-23T15:49:51.344" /><!-- duration: 0ms -->
      <step title="Starting LocalZipHandler" date="2026-01-23T15:49:51.344" /><!-- duration: 0ms -->
      <step title="Starting LocalZipFetch" date="2026-01-23T15:49:51.360" /><!-- duration: 0ms -->
      <step title="Cleaning up temp folders from previous zip deployments and extracting pushed zip file C:\local\Temp\zipdeploy\lp14vlyg.zip (5.82 MB) to C:\local\Temp\zipdeploy\extracted" date="2026-01-23T15:49:51.360" /><!-- duration: 0ms -->
      <step title="Cleaning up temp folders from previous zip deployments and extracting pushed zip file C:\local\Temp\zipdeploy\lp14vlyg.zip (5.82 MB) to C:\local\Temp\zipdeploy\extracted" date="2026-01-23T15:49:51.360" >
        <step title="Extracting 152 entries to C:\local\Temp\zipdeploy\extracted directory" date="2026-01-23T15:49:51.376" >
          <step title="Extracting to C:\local\Temp\zipdeploy\extracted\publish\appsettings.Development.json ..." date="2026-01-23T15:49:51.376" /><!-- duration: 16ms -->
          <step title="Extracting to C:\local\Temp\zipdeploy\extracted\publish\appsettings.json ..." date="2026-01-23T15:49:51.391" /><!-- duration: 0ms -->
          <step title="Extracting to C:\local\Temp\zipdeploy\extracted\publish\PawPal.Api.deps.json ..." date="2026-01-23T15:49:51.391" /><!-- duration: 0ms -->
          <step title="Extracting to C:\local\Temp\zipdeploy\extracted\publish\PawPal.Api.runtimeconfig.json ..." date="2026-01-23T15:49:51.391" /><!-- duration: 0ms -->
          <step title="Extracting to C:\local\Temp\zipdeploy\extracted\publish\PawPal.Api.staticwebassets.endpoints.json ..." date="2026-01-23T15:49:51.407" /><!-- duration: 0ms -->
          <step title="Omitting extracting file traces ..." date="2026-01-23T15:49:51.407" /><!-- duration: 0ms -->
          <step title="Extracting to C:\local\Temp\zipdeploy\extracted\System.Reactive.dll ..." date="2026-01-23T15:49:51.657" /><!-- duration: 16ms -->
          <step title="Extracting to C:\local\Temp\zipdeploy\extracted\web.config ..." date="2026-01-23T15:49:51.673" /><!-- duration: 0ms -->
          <step title="Extracting to C:\local\Temp\zipdeploy\extracted\Websocket.Client.dll ..." date="2026-01-23T15:49:51.673" /><!-- duration: 0ms -->
        </step><!-- duration: 297ms -->
      </step><!-- duration: 328ms -->
      <step title="None repository commit" date="2026-01-23T15:49:51.688" >
        <step title="Commit id: 864001f1f9a64b46bb063f1dc7f0e5c6" date="2026-01-23T15:49:51.688" Message="OneDeploy" AuthorName="N/A" AuthorEmail="N/A" /><!-- duration: 0ms -->
      </step><!-- duration: 0ms -->
      <step title="Before sending BuildRequestReceived status to /api/updatedeploystatus" date="2026-01-23T15:49:51.688" /><!-- duration: 0ms -->
      <step title="DeploymentManager.Deploy(id:864001f1f9a64b46bb063f1dc7f0e5c6)" date="2026-01-23T15:49:51.688" >
        <step title="Collecting changeset information" date="2026-01-23T15:49:51.704" /><!-- duration: 0ms -->
        <step title="Updating submodules" date="2026-01-23T15:49:51.719" >
          <step title="Updating submodules." date="2026-01-23T15:49:51.735" /><!-- duration: 0ms -->
        </step><!-- duration: 16ms -->
        <step title="Preparing deployment for commit id &apos;864001f1f9&apos;." date="2026-01-23T15:49:51.751" /><!-- duration: 0ms -->
        <step title="Determining deployment builder" date="2026-01-23T15:49:51.766" >
          <step title="Builder is OneDeployBuilder" date="2026-01-23T15:49:51.766" /><!-- duration: 16ms -->
        </step><!-- duration: 16ms -->
        <step title="Copying SSH keys" date="2026-01-23T15:49:51.782" /><!-- duration: 0ms -->
        <step title="Building" date="2026-01-23T15:49:51.782" >
          <step title="Running build. Project type: OneDeploy" date="2026-01-23T15:49:51.798" /><!-- duration: 0ms -->
          <step title="Copying the manifest" date="2026-01-23T15:49:51.813" /><!-- duration: 0ms -->
          <step title="Clean deploying to C:\home\site\wwwroot" date="2026-01-23T15:49:51.876" /><!-- duration: 0ms -->
          <step title="Generating deployment script." date="2026-01-23T15:49:51.891" /><!-- duration: 0ms -->
          <step title="Generating deployment script" date="2026-01-23T15:49:51.891" >
            <step title="Using cached version of the deployment script for command: -y --no-dot-deployment -r &quot;C:\local\Temp\zipdeploy\extracted&quot; -o &quot;C:\home\site\deployments\tools&quot; --basic --sitePath &quot;C:\local\Temp\zipdeploy\extracted&quot;" date="2026-01-23T15:49:51.907" /><!-- duration: 0ms -->
            <step title="Using cached version of deployment script (command: &apos;azure -y --no-dot-deployment -r &quot;C:\local\Temp\zipdeploy\extracted&quot; -o &quot;C:\home\site\deployments\tools&quot; --basic --sitePath &quot;C:\local\Temp\zipdeploy\extracted&quot;&apos;)." date="2026-01-23T15:49:51.923" /><!-- duration: 0ms -->
          </step><!-- duration: 47ms -->
          <step title="Running deployment command..." date="2026-01-23T15:49:51.954" /><!-- duration: 0ms -->
          <step title="Command: &quot;C:\home\site\deployments\tools\deploy.cmd&quot;" date="2026-01-23T15:49:51.954" /><!-- duration: 0ms -->
          <step title="Executing external process" date="2026-01-23T15:49:51.954" type="process" path="starter.cmd" arguments="&quot;C:\home\site\deployments\tools\deploy.cmd&quot;" >
            <step title="Handling Basic Web Site deployment." date="2026-01-23T15:49:52.079" /><!-- duration: 0ms -->
            <step title="Creating app_offline.htm" date="2026-01-23T15:49:52.157" /><!-- duration: 0ms -->
            <step title="KuduSync.NET from: &apos;C:\local\Temp\zipdeploy\extracted&apos; to: &apos;C:\home\site\wwwroot&apos;" date="2026-01-23T15:49:52.173" /><!-- duration: 0ms -->
            <step title="Deleting file: &apos;latest\appsettings.Development.json&apos;" date="2026-01-23T15:49:52.173" /><!-- duration: 0ms -->
            <step title="Deleting file: &apos;latest\appsettings.json&apos;" date="2026-01-23T15:49:52.173" /><!-- duration: 0ms -->
            <step title="Deleting file: &apos;latest\Azure.Communication.Email.dll&apos;" date="2026-01-23T15:49:52.188" /><!-- duration: 0ms -->
            <step title="Deleting file: &apos;latest\Azure.Core.dll&apos;" date="2026-01-23T15:49:52.188" /><!-- duration: 16ms -->
            <step title="Deleting file: &apos;latest\Google.Apis.Auth.dll&apos;" date="2026-01-23T15:49:52.204" /><!-- duration: 0ms -->
            <step title="Deleting file: &apos;latest\Google.Apis.Core.dll&apos;" date="2026-01-23T15:49:52.204" /><!-- duration: 16ms -->
            <step title="Deleting file: &apos;latest\Google.Apis.dll&apos;" date="2026-01-23T15:49:52.219" /><!-- duration: 0ms -->
            <step title="Deleting file: &apos;latest\Microsoft.AspNetCore.Authentication.JwtBearer.dll&apos;" date="2026-01-23T15:49:52.219" /><!-- duration: 0ms -->
            <step title="Deleting file: &apos;latest\Microsoft.AspNetCore.OpenApi.dll&apos;" date="2026-01-23T15:49:52.235" /><!-- duration: 0ms -->
            <step title="Deleting file: &apos;latest\Microsoft.Bcl.AsyncInterfaces.dll&apos;" date="2026-01-23T15:49:52.235" /><!-- duration: 0ms -->
            <step title="Deleting file: &apos;latest\Microsoft.EntityFrameworkCore.Abstractions.dll&apos;" date="2026-01-23T15:49:52.235" /><!-- duration: 16ms -->
            <step title="Deleting file: &apos;latest\Microsoft.EntityFrameworkCore.dll&apos;" date="2026-01-23T15:49:52.251" /><!-- duration: 0ms -->
            <step title="Deleting file: &apos;latest\Microsoft.EntityFrameworkCore.Relational.dll&apos;" date="2026-01-23T15:49:52.251" /><!-- duration: 0ms -->
            <step title="Deleting file: &apos;latest\Microsoft.Extensions.Caching.Abstractions.dll&apos;" date="2026-01-23T15:49:52.266" /><!-- duration: 0ms -->
            <step title="Deleting file: &apos;latest\Microsoft.Extensions.Caching.Memory.dll&apos;" date="2026-01-23T15:49:52.266" /><!-- duration: 0ms -->
            <step title="Deleting file: &apos;latest\Microsoft.Extensions.Configuration.Abstractions.dll&apos;" date="2026-01-23T15:49:52.266" /><!-- duration: 0ms -->
            <step title="Deleting file: &apos;latest\Microsoft.Extensions.DependencyInjection.Abstractions.dll&apos;" date="2026-01-23T15:49:52.282" /><!-- duration: 0ms -->
            <step title="Deleting file: &apos;latest\Microsoft.Extensions.DependencyInjection.dll&apos;" date="2026-01-23T15:49:52.282" /><!-- duration: 0ms -->
            <step title="Deleting file: &apos;latest\Microsoft.Extensions.Logging.Abstractions.dll&apos;" date="2026-01-23T15:49:52.282" /><!-- duration: 16ms -->
            <step title="Deleting file: &apos;latest\Microsoft.Extensions.Logging.dll&apos;" date="2026-01-23T15:49:52.298" /><!-- duration: 0ms -->
            <step title="Deleting file: &apos;latest\Microsoft.Extensions.Options.dll&apos;" date="2026-01-23T15:49:52.329" /><!-- duration: 0ms -->
            <step title="Deleting file: &apos;latest\Microsoft.Extensions.Primitives.dll&apos;" date="2026-01-23T15:49:52.360" /><!-- duration: 0ms -->
            <step title="Deleting file: &apos;latest\Microsoft.IdentityModel.Abstractions.dll&apos;" date="2026-01-23T15:49:52.360" /><!-- duration: 16ms -->
            <step title="Deleting file: &apos;latest\Microsoft.IdentityModel.JsonWebTokens.dll&apos;" date="2026-01-23T15:49:52.376" /><!-- duration: 0ms -->
            <step title="Deleting file: &apos;latest\Microsoft.IdentityModel.Logging.dll&apos;" date="2026-01-23T15:49:52.376" /><!-- duration: 0ms -->
            <step title="Deleting file: &apos;latest\Microsoft.IdentityModel.Protocols.dll&apos;" date="2026-01-23T15:49:52.391" /><!-- duration: 0ms -->
            <step title="Deleting file: &apos;latest\Microsoft.IdentityModel.Protocols.OpenIdConnect.dll&apos;" date="2026-01-23T15:49:52.391" /><!-- duration: 0ms -->
            <step title="Deleting file: &apos;latest\Microsoft.IdentityModel.Tokens.dll&apos;" date="2026-01-23T15:49:52.391" /><!-- duration: 0ms -->
            <step title="Deleting file: &apos;latest\Microsoft.IO.RecyclableMemoryStream.dll&apos;" date="2026-01-23T15:49:52.407" /><!-- duration: 0ms -->
            <step title="Deleting file: &apos;latest\Microsoft.OpenApi.dll&apos;" date="2026-01-23T15:49:52.407" /><!-- duration: 0ms -->
            <step title="Deleting file: &apos;latest\MimeMapping.dll&apos;" date="2026-01-23T15:49:52.423" /><!-- duration: 0ms -->
            <step title="Deleting file: &apos;latest\Newtonsoft.Json.dll&apos;" date="2026-01-23T15:49:52.423" /><!-- duration: 0ms -->
            <step title="Deleting file: &apos;latest\Npgsql.dll&apos;" date="2026-01-23T15:49:52.423" /><!-- duration: 16ms -->
            <step title="Deleting file: &apos;latest\Npgsql.EntityFrameworkCore.PostgreSQL.dll&apos;" date="2026-01-23T15:49:52.438" /><!-- duration: 0ms -->
            <step title="Deleting file: &apos;latest\PawPal.Api.deps.json&apos;" date="2026-01-23T15:49:52.438" /><!-- duration: 0ms -->
            <step title="Deleting file: &apos;latest\PawPal.Api.dll&apos;" date="2026-01-23T15:49:52.454" /><!-- duration: 0ms -->
            <step title="Deleting file: &apos;latest\PawPal.Api.exe&apos;" date="2026-01-23T15:49:52.454" /><!-- duration: 0ms -->
            <step title="Deleting file: &apos;latest\PawPal.Api.pdb&apos;" date="2026-01-23T15:49:52.469" /><!-- duration: 0ms -->
            <step title="Deleting file: &apos;latest\PawPal.Api.runtimeconfig.json&apos;" date="2026-01-23T15:49:52.469" /><!-- duration: 0ms -->
            <step title="Deleting file: &apos;latest\PawPal.Api.staticwebassets.endpoints.json&apos;" date="2026-01-23T15:49:52.469" /><!-- duration: 0ms -->
            <step title="Deleting file: &apos;latest\Supabase.Core.dll&apos;" date="2026-01-23T15:49:52.485" /><!-- duration: 0ms -->
            <step title="Deleting file: &apos;latest\Supabase.dll&apos;" date="2026-01-23T15:49:52.485" /><!-- duration: 0ms -->
            <step title="Deleting file: &apos;latest\Supabase.Functions.dll&apos;" date="2026-01-23T15:49:52.485" /><!-- duration: 0ms -->
            <step title="Deleting file: &apos;latest\Supabase.Gotrue.dll&apos;" date="2026-01-23T15:49:52.501" /><!-- duration: 0ms -->
            <step title="Deleting file: &apos;latest\Supabase.Postgrest.dll&apos;" date="2026-01-23T15:49:52.501" /><!-- duration: 0ms -->
            <step title="Deleting file: &apos;latest\Supabase.Realtime.dll&apos;" date="2026-01-23T15:49:52.501" /><!-- duration: 16ms -->
            <step title="Deleting file: &apos;latest\Supabase.Storage.dll&apos;" date="2026-01-23T15:49:52.516" /><!-- duration: 0ms -->
            <step title="Deleting file: &apos;latest\Swashbuckle.AspNetCore.Swagger.dll&apos;" date="2026-01-23T15:49:52.516" /><!-- duration: 0ms -->
            <step title="Omitting next output lines..." date="2026-01-23T15:49:52.532" /><!-- duration: 0ms -->
            <step title="Finished successfully." date="2026-01-23T15:49:54.563" /><!-- duration: 0ms -->
          </step><!-- duration: 2625ms -->
          <step title="Build completed succesfully." date="2026-01-23T15:49:54.579" /><!-- duration: 0ms -->
          <step title="Running post deployment command(s)..." date="2026-01-23T15:49:54.594" /><!-- duration: 16ms -->
          <step title="Requesting site restart" date="2026-01-23T15:49:54.626" /><!-- duration: 0ms -->
          <step title="Requesting site restart" date="2026-01-23T15:49:54.626" /><!-- duration: 0ms -->
          <step title="Requesting site restart. Attempt #1" date="2026-01-23T15:49:54.641" /><!-- duration: 16ms -->
          <step title="Requesting site restart. Attempt #1" date="2026-01-23T15:49:54.657" /><!-- duration: 0ms -->
          <step title="Successfully requested a restart. Attempt #1" date="2026-01-23T15:49:54.923" /><!-- duration: 0ms -->
          <step title="Successfully requested a restart. Attempt #1" date="2026-01-23T15:49:54.923" /><!-- duration: 0ms -->
          <step title="Deployment successful. DEPLOYMENTINFO: deploymentPath = OneDeploy, deployer = OneDeploy, os = windows, sku = Free, siteName = gofetch-api, siteHostName = gofetch-api-adcnhwbqcsdsb0h3.germanywestcentral-01.azurewebsites.net, deploymentStatus = Success" date="2026-01-23T15:49:54.938" /><!-- duration: 0ms -->
          <step title="Purge deployment items" date="2026-01-23T15:49:54.985" >
            <step title="Remove 760023315, Success, received at 1/18/2026 11:06:55 PM" date="2026-01-23T15:49:55.001" /><!-- duration: 0ms -->
          </step><!-- duration: 31ms -->
        </step><!-- duration: 3234ms -->
      </step><!-- duration: 3328ms -->
      <step title="Cleaning up temp files" date="2026-01-23T15:49:55.016" /><!-- duration: 16ms -->
      <step title="Skip function trigger and logicapp sync because function is not enabled." date="2026-01-23T15:49:55.032" /><!-- duration: 16ms -->
    </step><!-- duration: 3781ms -->
    <step title="LockFile &apos;C:\home\site\locks\deployments.lock&apos; released" date="2026-01-23T15:49:55.094" /><!-- duration: 0ms -->
    <step title="Deleting shutdown sentinel file" date="2026-01-23T15:49:55.094" SemaphoreCount="8" /><!-- duration: 0ms -->
  </step><!-- duration: 3937ms -->
  <step title="Outgoing response" date="2026-01-23T15:49:55.110" type="response" statusCode="200" statusText="OK" Server="Microsoft-IIS/10.0" x-ms-request-id="232b9176-f873-11f0-b91b-8a09bd1642c0" Cache-Control="private" X-AspNet-Version="4.0.30319" /><!-- duration: 0ms -->
</step><!-- duration: 4000ms -->
