<step title="BackgroundTrace" date="2026-01-18T18:01:19.506" instance="79e06d" url="/api/zipdeploy" method="POST" >
  <step title="Updating shutdown sentinel last write time" date="2026-01-18T18:01:19.522" SemaphoreCount="7" /><!-- duration: 0ms -->
  <step title="LockFile &apos;C:\home\site\locks\deployments.lock&apos; acquired" date="2026-01-18T18:01:19.522" /><!-- duration: 0ms -->
  <step title="Creating temporary deployment" date="2026-01-18T18:01:19.522" /><!-- duration: 16ms -->
  <step title="Performing fetch based deployment" date="2026-01-18T18:01:19.553" >
    <step title="Fetching changes." date="2026-01-18T18:01:19.584" /><!-- duration: 16ms -->
    <step title="Starting LocalZipHandler" date="2026-01-18T18:01:19.600" /><!-- duration: 0ms -->
    <step title="Cleaning up temp folders from previous zip deployments and extracting pushed zip file C:\local\Temp\zipdeploy\gvopa4gj.zip (5.57 MB) to C:\local\Temp\zipdeploy\extracted" date="2026-01-18T18:01:19.616" /><!-- duration: 0ms -->
    <step title="Cleaning up temp folders from previous zip deployments and extracting pushed zip file C:\local\Temp\zipdeploy\gvopa4gj.zip (5.57 MB) to C:\local\Temp\zipdeploy\extracted" date="2026-01-18T18:01:19.616" >
      <step title="Renaming extractTargetDirectory(C:\local\Temp\zipdeploy\extracted) to tempDirectory(C:\local\Temp\zipdeploy\vhud1fpg.1yl)" date="2026-01-18T18:01:19.616" /><!-- duration: 0ms -->
      <step title="Extracting 109 entries to C:\local\Temp\zipdeploy\extracted directory" date="2026-01-18T18:01:19.631" >
        <step title="Extracting to C:\local\Temp\zipdeploy\extracted\publish\appsettings.Development.json ..." date="2026-01-18T18:01:19.631" /><!-- duration: 16ms -->
        <step title="Extracting to C:\local\Temp\zipdeploy\extracted\publish\appsettings.json ..." date="2026-01-18T18:01:19.647" /><!-- duration: 0ms -->
        <step title="Extracting to C:\local\Temp\zipdeploy\extracted\publish\PawPal.Api.deps.json ..." date="2026-01-18T18:01:19.647" /><!-- duration: 0ms -->
        <step title="Extracting to C:\local\Temp\zipdeploy\extracted\publish\PawPal.Api.runtimeconfig.json ..." date="2026-01-18T18:01:19.647" /><!-- duration: 0ms -->
        <step title="Extracting to C:\local\Temp\zipdeploy\extracted\publish\PawPal.Api.staticwebassets.endpoints.json ..." date="2026-01-18T18:01:19.647" /><!-- duration: 0ms -->
        <step title="Omitting extracting file traces ..." date="2026-01-18T18:01:19.663" /><!-- duration: 0ms -->
        <step title="Extracting to C:\local\Temp\zipdeploy\extracted\System.Reactive.dll ..." date="2026-01-18T18:01:19.866" /><!-- duration: 16ms -->
        <step title="Extracting to C:\local\Temp\zipdeploy\extracted\web.config ..." date="2026-01-18T18:01:19.881" /><!-- duration: 0ms -->
        <step title="Extracting to C:\local\Temp\zipdeploy\extracted\Websocket.Client.dll ..." date="2026-01-18T18:01:19.881" /><!-- duration: 16ms -->
      </step><!-- duration: 266ms -->
    </step><!-- duration: 281ms -->
    <step title="Before sending BuildRequestReceived status to /api/updatedeploystatus" date="2026-01-18T18:01:19.897" /><!-- duration: 0ms -->
    <step title="DeploymentManager.Deploy(id:0232c00152a84648b8c15c7b54391a15)" date="2026-01-18T18:01:19.897" >
      <step title="Collecting changeset information" date="2026-01-18T18:01:19.913" /><!-- duration: 16ms -->
      <step title="Updating submodules" date="2026-01-18T18:01:19.928" >
        <step title="Updating submodules." date="2026-01-18T18:01:19.944" /><!-- duration: 0ms -->
      </step><!-- duration: 16ms -->
      <step title="Preparing deployment for commit id &apos;0232c00152&apos;." date="2026-01-18T18:01:19.959" /><!-- duration: 0ms -->
      <step title="Determining deployment builder" date="2026-01-18T18:01:19.975" >
        <step title="Builder is BasicBuilder" date="2026-01-18T18:01:19.975" /><!-- duration: 0ms -->
      </step><!-- duration: 0ms -->
      <step title="Copying SSH keys" date="2026-01-18T18:01:19.991" /><!-- duration: 0ms -->
      <step title="Building" date="2026-01-18T18:01:19.991" >
        <step title="Generating deployment script." date="2026-01-18T18:01:20.006" /><!-- duration: 0ms -->
        <step title="Generating deployment script" date="2026-01-18T18:01:20.006" >
          <step title="Using cached version of the deployment script for command: -y --no-dot-deployment -r &quot;C:\local\Temp\zipdeploy\extracted&quot; -o &quot;C:\home\site\deployments\tools&quot; --basic --sitePath &quot;C:\local\Temp\zipdeploy\extracted&quot;" date="2026-01-18T18:01:20.006" /><!-- duration: 16ms -->
          <step title="Using cached version of deployment script (command: &apos;azure -y --no-dot-deployment -r &quot;C:\local\Temp\zipdeploy\extracted&quot; -o &quot;C:\home\site\deployments\tools&quot; --basic --sitePath &quot;C:\local\Temp\zipdeploy\extracted&quot;&apos;)." date="2026-01-18T18:01:20.022" /><!-- duration: 0ms -->
        </step><!-- duration: 16ms -->
        <step title="Running deployment command..." date="2026-01-18T18:01:20.038" /><!-- duration: 0ms -->
        <step title="Command: &quot;C:\home\site\deployments\tools\deploy.cmd&quot;" date="2026-01-18T18:01:20.053" /><!-- duration: 0ms -->
        <step title="Executing external process" date="2026-01-18T18:01:20.053" type="process" path="starter.cmd" arguments="&quot;C:\home\site\deployments\tools\deploy.cmd&quot;" >
          <step title="Handling Basic Web Site deployment." date="2026-01-18T18:01:20.163" /><!-- duration: 0ms -->
          <step title="Creating app_offline.htm" date="2026-01-18T18:01:20.319" /><!-- duration: 16ms -->
          <step title="KuduSync.NET from: &apos;C:\local\Temp\zipdeploy\extracted&apos; to: &apos;C:\home\site\wwwroot&apos;" date="2026-01-18T18:01:20.335" /><!-- duration: 0ms -->
          <step title="Deleting file: &apos;latest\appsettings.Development.json&apos;" date="2026-01-18T18:01:20.335" /><!-- duration: 0ms -->
          <step title="Deleting file: &apos;latest\appsettings.json&apos;" date="2026-01-18T18:01:20.335" /><!-- duration: 0ms -->
          <step title="Deleting file: &apos;latest\Azure.Communication.Email.dll&apos;" date="2026-01-18T18:01:20.350" /><!-- duration: 0ms -->
          <step title="Deleting file: &apos;latest\Azure.Core.dll&apos;" date="2026-01-18T18:01:20.350" /><!-- duration: 0ms -->
          <step title="Deleting file: &apos;latest\Google.Apis.Auth.dll&apos;" date="2026-01-18T18:01:20.350" /><!-- duration: 0ms -->
          <step title="Deleting file: &apos;latest\Google.Apis.Core.dll&apos;" date="2026-01-18T18:01:20.350" /><!-- duration: 0ms -->
          <step title="Deleting file: &apos;latest\Google.Apis.dll&apos;" date="2026-01-18T18:01:20.366" /><!-- duration: 0ms -->
          <step title="Deleting file: &apos;latest\Microsoft.AspNetCore.Authentication.JwtBearer.dll&apos;" date="2026-01-18T18:01:20.366" /><!-- duration: 16ms -->
          <step title="Deleting file: &apos;latest\Microsoft.AspNetCore.OpenApi.dll&apos;" date="2026-01-18T18:01:20.381" /><!-- duration: 0ms -->
          <step title="Deleting file: &apos;latest\Microsoft.Bcl.AsyncInterfaces.dll&apos;" date="2026-01-18T18:01:20.381" /><!-- duration: 0ms -->
          <step title="Deleting file: &apos;latest\Microsoft.EntityFrameworkCore.Abstractions.dll&apos;" date="2026-01-18T18:01:20.381" /><!-- duration: 0ms -->
          <step title="Deleting file: &apos;latest\Microsoft.EntityFrameworkCore.dll&apos;" date="2026-01-18T18:01:20.381" /><!-- duration: 16ms -->
          <step title="Deleting file: &apos;latest\Microsoft.EntityFrameworkCore.Relational.dll&apos;" date="2026-01-18T18:01:20.397" /><!-- duration: 0ms -->
          <step title="Deleting file: &apos;latest\Microsoft.Extensions.Caching.Abstractions.dll&apos;" date="2026-01-18T18:01:20.397" /><!-- duration: 0ms -->
          <step title="Deleting file: &apos;latest\Microsoft.Extensions.Caching.Memory.dll&apos;" date="2026-01-18T18:01:20.397" /><!-- duration: 0ms -->
          <step title="Deleting file: &apos;latest\Microsoft.Extensions.Configuration.Abstractions.dll&apos;" date="2026-01-18T18:01:20.413" /><!-- duration: 0ms -->
          <step title="Deleting file: &apos;latest\Microsoft.Extensions.DependencyInjection.Abstractions.dll&apos;" date="2026-01-18T18:01:20.413" /><!-- duration: 0ms -->
          <step title="Deleting file: &apos;latest\Microsoft.Extensions.DependencyInjection.dll&apos;" date="2026-01-18T18:01:20.413" /><!-- duration: 0ms -->
          <step title="Deleting file: &apos;latest\Microsoft.Extensions.Logging.Abstractions.dll&apos;" date="2026-01-18T18:01:20.413" /><!-- duration: 16ms -->
          <step title="Deleting file: &apos;latest\Microsoft.Extensions.Logging.dll&apos;" date="2026-01-18T18:01:20.428" /><!-- duration: 0ms -->
          <step title="Deleting file: &apos;latest\Microsoft.Extensions.Options.dll&apos;" date="2026-01-18T18:01:20.428" /><!-- duration: 0ms -->
          <step title="Deleting file: &apos;latest\Microsoft.Extensions.Primitives.dll&apos;" date="2026-01-18T18:01:20.428" /><!-- duration: 0ms -->
          <step title="Deleting file: &apos;latest\Microsoft.IdentityModel.Abstractions.dll&apos;" date="2026-01-18T18:01:20.444" /><!-- duration: 0ms -->
          <step title="Deleting file: &apos;latest\Microsoft.IdentityModel.JsonWebTokens.dll&apos;" date="2026-01-18T18:01:20.444" /><!-- duration: 0ms -->
          <step title="Deleting file: &apos;latest\Microsoft.IdentityModel.Logging.dll&apos;" date="2026-01-18T18:01:20.444" /><!-- duration: 0ms -->
          <step title="Deleting file: &apos;latest\Microsoft.IdentityModel.Protocols.dll&apos;" date="2026-01-18T18:01:20.444" /><!-- duration: 0ms -->
          <step title="Deleting file: &apos;latest\Microsoft.IdentityModel.Protocols.OpenIdConnect.dll&apos;" date="2026-01-18T18:01:20.460" /><!-- duration: 0ms -->
          <step title="Deleting file: &apos;latest\Microsoft.IdentityModel.Tokens.dll&apos;" date="2026-01-18T18:01:20.460" /><!-- duration: 0ms -->
          <step title="Deleting file: &apos;latest\Microsoft.IO.RecyclableMemoryStream.dll&apos;" date="2026-01-18T18:01:20.460" /><!-- duration: 0ms -->
          <step title="Deleting file: &apos;latest\Microsoft.OpenApi.dll&apos;" date="2026-01-18T18:01:20.460" /><!-- duration: 0ms -->
          <step title="Deleting file: &apos;latest\MimeMapping.dll&apos;" date="2026-01-18T18:01:20.475" /><!-- duration: 0ms -->
          <step title="Deleting file: &apos;latest\Newtonsoft.Json.dll&apos;" date="2026-01-18T18:01:20.475" /><!-- duration: 0ms -->
          <step title="Deleting file: &apos;latest\Npgsql.dll&apos;" date="2026-01-18T18:01:20.475" /><!-- duration: 0ms -->
          <step title="Deleting file: &apos;latest\Npgsql.EntityFrameworkCore.PostgreSQL.dll&apos;" date="2026-01-18T18:01:20.491" /><!-- duration: 0ms -->
          <step title="Deleting file: &apos;latest\PawPal.Api.deps.json&apos;" date="2026-01-18T18:01:20.491" /><!-- duration: 0ms -->
          <step title="Deleting file: &apos;latest\PawPal.Api.dll&apos;" date="2026-01-18T18:01:20.491" /><!-- duration: 0ms -->
          <step title="Deleting file: &apos;latest\PawPal.Api.exe&apos;" date="2026-01-18T18:01:20.491" /><!-- duration: 16ms -->
          <step title="Deleting file: &apos;latest\PawPal.Api.pdb&apos;" date="2026-01-18T18:01:20.506" /><!-- duration: 0ms -->
          <step title="Deleting file: &apos;latest\PawPal.Api.runtimeconfig.json&apos;" date="2026-01-18T18:01:20.506" /><!-- duration: 0ms -->
          <step title="Deleting file: &apos;latest\PawPal.Api.staticwebassets.endpoints.json&apos;" date="2026-01-18T18:01:20.506" /><!-- duration: 0ms -->
          <step title="Deleting file: &apos;latest\Supabase.Core.dll&apos;" date="2026-01-18T18:01:20.506" /><!-- duration: 16ms -->
          <step title="Deleting file: &apos;latest\Supabase.dll&apos;" date="2026-01-18T18:01:20.522" /><!-- duration: 0ms -->
          <step title="Deleting file: &apos;latest\Supabase.Functions.dll&apos;" date="2026-01-18T18:01:20.522" /><!-- duration: 0ms -->
          <step title="Deleting file: &apos;latest\Supabase.Gotrue.dll&apos;" date="2026-01-18T18:01:20.522" /><!-- duration: 0ms -->
          <step title="Deleting file: &apos;latest\Supabase.Postgrest.dll&apos;" date="2026-01-18T18:01:20.538" /><!-- duration: 0ms -->
          <step title="Deleting file: &apos;latest\Supabase.Realtime.dll&apos;" date="2026-01-18T18:01:20.538" /><!-- duration: 0ms -->
          <step title="Deleting file: &apos;latest\Supabase.Storage.dll&apos;" date="2026-01-18T18:01:20.538" /><!-- duration: 0ms -->
          <step title="Deleting file: &apos;latest\Swashbuckle.AspNetCore.Swagger.dll&apos;" date="2026-01-18T18:01:20.538" /><!-- duration: 0ms -->
          <step title="Omitting next output lines..." date="2026-01-18T18:01:20.553" /><!-- duration: 0ms -->
          <step title="Finished successfully." date="2026-01-18T18:01:22.663" /><!-- duration: 0ms -->
        </step><!-- duration: 2609ms -->
        <step title="Running post deployment command(s)..." date="2026-01-18T18:01:22.678" /><!-- duration: 0ms -->
        <step title="Triggering recycle (preview mode disabled)." date="2026-01-18T18:01:22.694" /><!-- duration: 0ms -->
        <step title="Ignoring FS watcher based recycle request as this is a classic Windows app." date="2026-01-18T18:01:22.694" /><!-- duration: 0ms -->
        <step title="Deployment successful. DEPLOYMENTINFO: deploymentPath = ZipDeploy. Extract zip. , deployer = ZipDeploy, os = windows, sku = Free, siteName = gofetch-api, siteHostName = gofetch-api-adcnhwbqcsdsb0h3.germanywestcentral-01.azurewebsites.net, deploymentStatus = Success" date="2026-01-18T18:01:22.725" /><!-- duration: 0ms -->
        <step title="Purge deployment items" date="2026-01-18T18:01:22.788" >
          <step title="Remove 375bec5f7, Success, received at 1/15/2026 5:44:54 PM" date="2026-01-18T18:01:22.803" /><!-- duration: 0ms -->
        </step><!-- duration: 16ms -->
      </step><!-- duration: 2813ms -->
    </step><!-- duration: 2922ms -->
    <step title="Cleaning up temp files" date="2026-01-18T18:01:22.819" /><!-- duration: 0ms -->
    <step title="Skip function trigger and logicapp sync because function is not enabled." date="2026-01-18T18:01:22.819" /><!-- duration: 16ms -->
  </step><!-- duration: 3281ms -->
  <step title="LockFile &apos;C:\home\site\locks\deployments.lock&apos; released" date="2026-01-18T18:01:22.850" /><!-- duration: 0ms -->
  <step title="Deleting shutdown sentinel file" date="2026-01-18T18:01:22.850" SemaphoreCount="8" /><!-- duration: 0ms -->
</step><!-- duration: 3344ms -->
