<step title="BackgroundTrace" date="2026-01-18T18:08:15.981" instance="79e06d" url="/api/zipdeploy" method="POST" >
  <step title="Updating shutdown sentinel last write time" date="2026-01-18T18:08:15.997" SemaphoreCount="7" /><!-- duration: 0ms -->
  <step title="LockFile &apos;C:\home\site\locks\deployments.lock&apos; acquired" date="2026-01-18T18:08:15.997" /><!-- duration: 0ms -->
  <step title="Creating temporary deployment" date="2026-01-18T18:08:15.997" /><!-- duration: 16ms -->
  <step title="Performing fetch based deployment" date="2026-01-18T18:08:16.012" >
    <step title="Fetching changes." date="2026-01-18T18:08:16.028" /><!-- duration: 16ms -->
    <step title="Starting LocalZipHandler" date="2026-01-18T18:08:16.043" /><!-- duration: 0ms -->
    <step title="Cleaning up temp folders from previous zip deployments and extracting pushed zip file C:\local\Temp\zipdeploy\2ifrtmhs.zip (15.44 MB) to C:\local\Temp\zipdeploy\extracted" date="2026-01-18T18:08:16.043" /><!-- duration: 16ms -->
    <step title="Cleaning up temp folders from previous zip deployments and extracting pushed zip file C:\local\Temp\zipdeploy\2ifrtmhs.zip (15.44 MB) to C:\local\Temp\zipdeploy\extracted" date="2026-01-18T18:08:16.059" >
      <step title="Renaming extractTargetDirectory(C:\local\Temp\zipdeploy\extracted) to tempDirectory(C:\local\Temp\zipdeploy\ofnu4y4r.gbx)" date="2026-01-18T18:08:16.059" /><!-- duration: 0ms -->
      <step title="Extracting 219 entries to C:\local\Temp\zipdeploy\extracted directory" date="2026-01-18T18:08:16.059" >
        <step title="Extracting to C:\local\Temp\zipdeploy\extracted\latest\appsettings.Development.json ..." date="2026-01-18T18:08:16.059" /><!-- duration: 0ms -->
        <step title="Extracting to C:\local\Temp\zipdeploy\extracted\latest\appsettings.json ..." date="2026-01-18T18:08:16.059" /><!-- duration: 16ms -->
        <step title="Extracting to C:\local\Temp\zipdeploy\extracted\latest\Azure.Communication.Email.dll ..." date="2026-01-18T18:08:16.075" /><!-- duration: 0ms -->
        <step title="Extracting to C:\local\Temp\zipdeploy\extracted\latest\Azure.Core.dll ..." date="2026-01-18T18:08:16.075" /><!-- duration: 0ms -->
        <step title="Extracting to C:\local\Temp\zipdeploy\extracted\latest\Google.Apis.Auth.dll ..." date="2026-01-18T18:08:16.090" /><!-- duration: 0ms -->
        <step title="Omitting extracting file traces ..." date="2026-01-18T18:08:16.090" /><!-- duration: 0ms -->
      </step><!-- duration: 484ms -->
    </step><!-- duration: 484ms -->
    <step title="Before sending BuildRequestReceived status to /api/updatedeploystatus" date="2026-01-18T18:08:16.559" /><!-- duration: 0ms -->
    <step title="DeploymentManager.Deploy(id:7c749bdd448b476f8438eb2d9dfe2967)" date="2026-01-18T18:08:16.559" >
      <step title="Collecting changeset information" date="2026-01-18T18:08:16.559" /><!-- duration: 16ms -->
      <step title="Updating submodules" date="2026-01-18T18:08:16.575" >
        <step title="Updating submodules." date="2026-01-18T18:08:16.590" /><!-- duration: 0ms -->
      </step><!-- duration: 16ms -->
      <step title="Preparing deployment for commit id &apos;7c749bdd44&apos;." date="2026-01-18T18:08:16.606" /><!-- duration: 0ms -->
      <step title="Determining deployment builder" date="2026-01-18T18:08:16.622" >
        <step title="Builder is BasicBuilder" date="2026-01-18T18:08:16.622" /><!-- duration: 0ms -->
      </step><!-- duration: 0ms -->
      <step title="Copying SSH keys" date="2026-01-18T18:08:16.637" /><!-- duration: 0ms -->
      <step title="Building" date="2026-01-18T18:08:16.637" >
        <step title="Generating deployment script." date="2026-01-18T18:08:16.637" /><!-- duration: 16ms -->
        <step title="Generating deployment script" date="2026-01-18T18:08:16.653" >
          <step title="Using cached version of the deployment script for command: -y --no-dot-deployment -r &quot;C:\local\Temp\zipdeploy\extracted&quot; -o &quot;C:\home\site\deployments\tools&quot; --basic --sitePath &quot;C:\local\Temp\zipdeploy\extracted&quot;" date="2026-01-18T18:08:16.653" /><!-- duration: 0ms -->
          <step title="Using cached version of deployment script (command: &apos;azure -y --no-dot-deployment -r &quot;C:\local\Temp\zipdeploy\extracted&quot; -o &quot;C:\home\site\deployments\tools&quot; --basic --sitePath &quot;C:\local\Temp\zipdeploy\extracted&quot;&apos;)." date="2026-01-18T18:08:16.668" /><!-- duration: 0ms -->
        </step><!-- duration: 16ms -->
        <step title="Running deployment command..." date="2026-01-18T18:08:16.684" /><!-- duration: 0ms -->
        <step title="Command: &quot;C:\home\site\deployments\tools\deploy.cmd&quot;" date="2026-01-18T18:08:16.684" /><!-- duration: 0ms -->
        <step title="Executing external process" date="2026-01-18T18:08:16.700" type="process" path="starter.cmd" arguments="&quot;C:\home\site\deployments\tools\deploy.cmd&quot;" >
          <step title="Handling Basic Web Site deployment." date="2026-01-18T18:08:16.793" /><!-- duration: 0ms -->
          <step title="Creating app_offline.htm" date="2026-01-18T18:08:16.981" /><!-- duration: 0ms -->
          <step title="KuduSync.NET from: &apos;C:\local\Temp\zipdeploy\extracted&apos; to: &apos;C:\home\site\wwwroot&apos;" date="2026-01-18T18:08:16.981" /><!-- duration: 0ms -->
          <step title="Copying file: &apos;appsettings.Development.json&apos;" date="2026-01-18T18:08:16.981" /><!-- duration: 0ms -->
          <step title="Copying file: &apos;PawPal.Api.dll&apos;" date="2026-01-18T18:08:16.981" /><!-- duration: 16ms -->
          <step title="Copying file: &apos;PawPal.Api.exe&apos;" date="2026-01-18T18:08:16.997" /><!-- duration: 0ms -->
          <step title="Copying file: &apos;PawPal.Api.pdb&apos;" date="2026-01-18T18:08:16.997" /><!-- duration: 0ms -->
          <step title="Copying file: &apos;publish.zip&apos;" date="2026-01-18T18:08:16.997" /><!-- duration: 0ms -->
          <step title="Copying file: &apos;latest\appsettings.Development.json&apos;" date="2026-01-18T18:08:17.012" /><!-- duration: 0ms -->
          <step title="Copying file: &apos;latest\appsettings.json&apos;" date="2026-01-18T18:08:17.012" /><!-- duration: 0ms -->
          <step title="Copying file: &apos;latest\Azure.Communication.Email.dll&apos;" date="2026-01-18T18:08:17.012" /><!-- duration: 0ms -->
          <step title="Copying file: &apos;latest\Azure.Core.dll&apos;" date="2026-01-18T18:08:17.012" /><!-- duration: 0ms -->
          <step title="Copying file: &apos;latest\Google.Apis.Auth.dll&apos;" date="2026-01-18T18:08:17.028" /><!-- duration: 0ms -->
          <step title="Copying file: &apos;latest\Google.Apis.Core.dll&apos;" date="2026-01-18T18:08:17.028" /><!-- duration: 0ms -->
          <step title="Copying file: &apos;latest\Google.Apis.dll&apos;" date="2026-01-18T18:08:17.028" /><!-- duration: 0ms -->
          <step title="Copying file: &apos;latest\Microsoft.AspNetCore.Authentication.JwtBearer.dll&apos;" date="2026-01-18T18:08:17.028" /><!-- duration: 16ms -->
          <step title="Copying file: &apos;latest\Microsoft.AspNetCore.OpenApi.dll&apos;" date="2026-01-18T18:08:17.043" /><!-- duration: 0ms -->
          <step title="Copying file: &apos;latest\Microsoft.Bcl.AsyncInterfaces.dll&apos;" date="2026-01-18T18:08:17.043" /><!-- duration: 0ms -->
          <step title="Copying file: &apos;latest\Microsoft.EntityFrameworkCore.Abstractions.dll&apos;" date="2026-01-18T18:08:17.059" /><!-- duration: 0ms -->
          <step title="Copying file: &apos;latest\Microsoft.EntityFrameworkCore.dll&apos;" date="2026-01-18T18:08:17.059" /><!-- duration: 0ms -->
          <step title="Copying file: &apos;latest\Microsoft.EntityFrameworkCore.Relational.dll&apos;" date="2026-01-18T18:08:17.059" /><!-- duration: 0ms -->
          <step title="Copying file: &apos;latest\Microsoft.Extensions.Caching.Abstractions.dll&apos;" date="2026-01-18T18:08:17.075" /><!-- duration: 0ms -->
          <step title="Copying file: &apos;latest\Microsoft.Extensions.Caching.Memory.dll&apos;" date="2026-01-18T18:08:17.075" /><!-- duration: 0ms -->
          <step title="Copying file: &apos;latest\Microsoft.Extensions.Configuration.Abstractions.dll&apos;" date="2026-01-18T18:08:17.075" /><!-- duration: 0ms -->
          <step title="Copying file: &apos;latest\Microsoft.Extensions.DependencyInjection.Abstractions.dll&apos;" date="2026-01-18T18:08:17.075" /><!-- duration: 0ms -->
          <step title="Copying file: &apos;latest\Microsoft.Extensions.DependencyInjection.dll&apos;" date="2026-01-18T18:08:17.090" /><!-- duration: 0ms -->
          <step title="Copying file: &apos;latest\Microsoft.Extensions.Logging.Abstractions.dll&apos;" date="2026-01-18T18:08:17.090" /><!-- duration: 0ms -->
          <step title="Copying file: &apos;latest\Microsoft.Extensions.Logging.dll&apos;" date="2026-01-18T18:08:17.090" /><!-- duration: 0ms -->
          <step title="Copying file: &apos;latest\Microsoft.Extensions.Options.dll&apos;" date="2026-01-18T18:08:17.106" /><!-- duration: 0ms -->
          <step title="Copying file: &apos;latest\Microsoft.Extensions.Primitives.dll&apos;" date="2026-01-18T18:08:17.106" /><!-- duration: 0ms -->
          <step title="Copying file: &apos;latest\Microsoft.IdentityModel.Abstractions.dll&apos;" date="2026-01-18T18:08:17.106" /><!-- duration: 0ms -->
          <step title="Copying file: &apos;latest\Microsoft.IdentityModel.JsonWebTokens.dll&apos;" date="2026-01-18T18:08:17.106" /><!-- duration: 16ms -->
          <step title="Copying file: &apos;latest\Microsoft.IdentityModel.Logging.dll&apos;" date="2026-01-18T18:08:17.122" /><!-- duration: 0ms -->
          <step title="Copying file: &apos;latest\Microsoft.IdentityModel.Protocols.dll&apos;" date="2026-01-18T18:08:17.122" /><!-- duration: 0ms -->
          <step title="Copying file: &apos;latest\Microsoft.IdentityModel.Protocols.OpenIdConnect.dll&apos;" date="2026-01-18T18:08:17.122" /><!-- duration: 0ms -->
          <step title="Copying file: &apos;latest\Microsoft.IdentityModel.Tokens.dll&apos;" date="2026-01-18T18:08:17.137" /><!-- duration: 0ms -->
          <step title="Copying file: &apos;latest\Microsoft.IO.RecyclableMemoryStream.dll&apos;" date="2026-01-18T18:08:17.137" /><!-- duration: 0ms -->
          <step title="Copying file: &apos;latest\Microsoft.OpenApi.dll&apos;" date="2026-01-18T18:08:17.137" /><!-- duration: 0ms -->
          <step title="Copying file: &apos;latest\MimeMapping.dll&apos;" date="2026-01-18T18:08:17.153" /><!-- duration: 0ms -->
          <step title="Copying file: &apos;latest\Newtonsoft.Json.dll&apos;" date="2026-01-18T18:08:17.153" /><!-- duration: 0ms -->
          <step title="Copying file: &apos;latest\Npgsql.dll&apos;" date="2026-01-18T18:08:17.153" /><!-- duration: 0ms -->
          <step title="Copying file: &apos;latest\Npgsql.EntityFrameworkCore.PostgreSQL.dll&apos;" date="2026-01-18T18:08:17.153" /><!-- duration: 16ms -->
          <step title="Copying file: &apos;latest\PawPal.Api.deps.json&apos;" date="2026-01-18T18:08:17.168" /><!-- duration: 0ms -->
          <step title="Copying file: &apos;latest\PawPal.Api.dll&apos;" date="2026-01-18T18:08:17.168" /><!-- duration: 0ms -->
          <step title="Copying file: &apos;latest\PawPal.Api.exe&apos;" date="2026-01-18T18:08:17.168" /><!-- duration: 0ms -->
          <step title="Copying file: &apos;latest\PawPal.Api.pdb&apos;" date="2026-01-18T18:08:17.168" /><!-- duration: 0ms -->
          <step title="Copying file: &apos;latest\PawPal.Api.runtimeconfig.json&apos;" date="2026-01-18T18:08:17.184" /><!-- duration: 0ms -->
          <step title="Copying file: &apos;latest\PawPal.Api.staticwebassets.endpoints.json&apos;" date="2026-01-18T18:08:17.184" /><!-- duration: 0ms -->
          <step title="Copying file: &apos;latest\Supabase.Core.dll&apos;" date="2026-01-18T18:08:17.184" /><!-- duration: 0ms -->
          <step title="Copying file: &apos;latest\Supabase.dll&apos;" date="2026-01-18T18:08:17.184" /><!-- duration: 0ms -->
          <step title="Copying file: &apos;latest\Supabase.Functions.dll&apos;" date="2026-01-18T18:08:17.200" /><!-- duration: 0ms -->
          <step title="Omitting next output lines..." date="2026-01-18T18:08:17.200" /><!-- duration: 0ms -->
          <step title="Finished successfully." date="2026-01-18T18:08:19.313" /><!-- duration: 0ms -->
        </step><!-- duration: 2614ms -->
        <step title="Running post deployment command(s)..." date="2026-01-18T18:08:19.329" /><!-- duration: 0ms -->
        <step title="Triggering recycle (preview mode disabled)." date="2026-01-18T18:08:19.345" /><!-- duration: 0ms -->
        <step title="Ignoring FS watcher based recycle request as this is a classic Windows app." date="2026-01-18T18:08:19.345" /><!-- duration: 0ms -->
        <step title="Deployment successful. DEPLOYMENTINFO: deploymentPath = ZipDeploy. Extract zip. , deployer = ZipDeploy, os = windows, sku = Free, siteName = gofetch-api, siteHostName = gofetch-api-adcnhwbqcsdsb0h3.germanywestcentral-01.azurewebsites.net, deploymentStatus = Success" date="2026-01-18T18:08:19.360" /><!-- duration: 0ms -->
        <step title="Purge deployment items" date="2026-01-18T18:08:19.391" >
          <step title="Remove d2b7ee08d, Success, received at 1/15/2026 6:37:35 PM" date="2026-01-18T18:08:19.407" /><!-- duration: 0ms -->
        </step><!-- duration: 16ms -->
      </step><!-- duration: 2786ms -->
    </step><!-- duration: 2864ms -->
    <step title="Cleaning up temp files" date="2026-01-18T18:08:19.423" /><!-- duration: 0ms -->
    <step title="Skip function trigger and logicapp sync because function is not enabled." date="2026-01-18T18:08:19.423" /><!-- duration: 0ms -->
  </step><!-- duration: 3426ms -->
  <step title="LockFile &apos;C:\home\site\locks\deployments.lock&apos; released" date="2026-01-18T18:08:19.438" /><!-- duration: 0ms -->
  <step title="Deleting shutdown sentinel file" date="2026-01-18T18:08:19.454" SemaphoreCount="8" /><!-- duration: 0ms -->
</step><!-- duration: 3473ms -->
